puzzleId	word	row	column	direction	clueContent	Edge (y/n)	Clue length	Image prompt	Image addition (if needed)	Puzzle number	Difficult word (y / n)	Art comments (build test)		
000248	AWESOME	2	1	across	Epic 	Y	5			1				
000248	WON	3	1	across	Victorious	Y	10			1				
000248	REL	3	5	across	__ative 	N	8			1				
000248	AK	4	1	across	<i>	Y	3	Image of a birthday cake 	C__e	1				
000248	PEAS	4	4	across	Two __ in a pod	N	15			1				
000248	RETRO	5	1	across	Style from the past	Y	19			1				
000248	A	5	7	across	Apricot	N	7			1				
000248	D	6	1	across	Delta	Y	5			1				
000248	EAST	6	3	across	E on a compass	N	14			1				
000248	EASY	7	1	across	Effortless 	Y	11			1				
000248	EE	7	6	across	Gr__n	N	5			1				
000248	DIT	8	1	across	__to (same)	Y	11			1				
000248	CAM	8	5	across	<i>	Y	3	Image of a camera 	__era 	1				
000248	AWARDED	1	2	down	Honored with 	Y	13			1				
000248	WOKE	1	3	down	Awakened	Y	8			1				
000248	EN	1	4	down	<i>	Y	3	Image of a picket fence	F__ce 	1				
000248	S	1	5	down	Save	Y	4			1				
000248	OREOS	1	6	down	<i>	Y	3	Image of a jar of black and white cookies		1				
000248	MEA	1	7	down	<i>	Y	3	Image of a plate of food/ tray of food	__l	1				
000248	ELSA	1	8	down	"Frozen" queen	Y	14			1				
000248	PRAY	3	5	down	Meditate 	N	9			1				
000248	TEST	4	4	down	Experiment 	N	11			1				
000248	TEA	5	7	down	Brewed drink	N	12			1				
000248	AI	6	3	down	Br__n 	N	6			1				
000248	EM	6	8	down	<i>	Y	3	Image of a gem 	G__	1				
000248	C	7	6	down	Case	N	4			1				1
000249	GLASSES	2	1	across	<i>	Y	3	Image of spectacles		2				
000249	LID	3	1	across	Jar topper	Y	10			2				
000249	TOO	3	5	across	I love you __	N	13			2				
000249	AA	4	1	across	Ann Arbor	Y	9			2				
000249	BAND	4	4	across	Music group	N	11			2				
000249	CREAM	5	1	across	<i>	Y	3	Image of an ice cream in a cup	ICE __	2				
000249	A	5	7	across	Academy	N	7			2				
000249	LIPS	6	3	across	Gloss targets	N	13			2				
000249	I	6	1	across	Information	Y	11			2				
000249	ENOL	7	1	across	___a holmes	Y	11			2				
000249	PC	7	6	across	Personal computer	N	17			2				
000249	RAN	8	1	across	Competed in marathon	Y	20			2				
000249	WAD	8	5	across	Cash bundle	Y	11			2				
000249	GLACIER	1	2	down	<i>	Y	3	Image of a glacier		2				
000249	LIAR	1	3	down	Truth twister	Y	13			2				
000249	AD	1	4	down	Commercial	Y	10			2				
000249	STAMP	1	6	down	Envelope corner square	Y	22			2				
000249	EON	1	7	down	Ages and ages	Y	13			2				
000249	SODA	1	8	down	<i>	Y	3	Image of a soda can		2				
000249	S	1	5	down	Short	Y	5			2				
000249	BAIL	3	5	down	Leave suddenly	N	14			2				
000249	ELON	4	4	down	__ Musk 	N	8			2				
000249	SPA	5	7	down	Mud bath spot	N	13			2				
000249	NA	6	3	down	Not applicable	N	14			2				
000249	CD	6	8	down	<i>	Y	3	Image of a CD		2				
000249	W	7	6	down	Water	N	5			2				
000250	BALCONY	2	1	across	<i>	Y	3	Image of a balcony as seen from the outside of a building		3				
000250	ARK	3	1	across	Biblical boat	Y	13			3				
000250	WEE	3	5	across	Tiny	N	4			3				
000250	RE	4	1	across	<i>	Y	3	Image of an orb	SPHE__	3				
000250	PLEA	4	4	across	Legal request	N	13			3				
000250	BALE	5	1	across	Hay bundle	Y	10			3				
000250	DH	5	6	across	Dining Hall	N	11			3				
000250	ASPS	6	3	across	Deadly snakes	N	13			3				
000250	E	6	1	across	Earth	Y	5			3				
000250	CANOE	7	1	across	<i>	Y	3	Image of a canoe		3				
000250	J	7	7	across	Junction	N	8			3				
000250	USE	8	1	across	Apply	Y	5			3				
000250	ADO	8	5	across	noisy fuss	N	10			3				
000250	EK	9	1	across	Eur__a	Y	6			3				
000250	ARMY	9	4	across	Military group	Y	14			3				
000250	BARBECUE	1	2	down	<i>	Y	3	Image of an outdoor barbeque 		3				
000250	AREA	1	3	down	land unit	Y	9			3				
000250	LK	1	4	down	Lion King	Y	9			3				
000250	OWL	1	6	down	<i>	Y	3	Image of an owl		3				
000250	NEEDS	1	7	down	Must-haves	Y	10			3				
000250	YEAH	1	8	down	Sure!	Y	5			3				
000250	C	1	5	down	Charlie	Y	7			3				
000250	PESO	3	5	down	Mexican money	N	13			3				
000250	LANE	4	4	down	Narrow road	N	11			3				
000250	PEAR	5	6	down	Fall fruit	N	10			3				
000250	ASK	6	3	down	Inquire	N	7			3				
000250	JOY	6	8	down	Great delight	Y	13			3				
000250	DM	7	7	down	Direct Message	N	14			3				
000250	A	8	5	down	Alpha	N	5			3				
000004	OFFENCE	2	1	across	Legal wrong	Y	11			4				
000004	RUB	3	1	across	<i>	Y	3	Image of a rubber band	text under the image: __ber bands	4		Need image of a rubber band. Or this clue would not work for a US audience. Have changed the text to accommodate rubber bands		
000004	IAN	3	5	across	__ Fleming	N	10			4				
000004	CR	4	1	across	<i>	Y	3	Image of a scroll	text under the image: S__oll	4				
000004	CORD	4	4	across	Rope piece	N	10			4				
000004	HYPE	5	1	across	Media buzz	Y	10			4				
000004	RO	5	6	across	Return on	N	9			4				
000004	E	6	1	across	Error	Y	5			4				
000004	ARROW	6	3	across	Bow's mate	N	10			4				
000004	STREET	7	1	across	Avenue	Y	6			4				
000004	TOTAL	8	1	across	Whole	Y	5			4				
000004	P	8	7	across	Pediatric	N	9			4				
000004	RF	9	1	across	<i>	Y	3	Image of a woman surfing	Text under the image: Su__	4				
000004	LINE	9	4	across	Queue	N	5			4				
000004	AUX	10	1	across	Cable type	Y	10			4				
000004	CAN	10	5	across	<i>	Y	3	Image of a metal can		4		New image added		
000004	ORCHESTRA	1	2	down	Symphony group	Y	14			4				
000004	FURY	1	3	down	<i>	Y	3	Image of a very angry emoji		4				
000004	TOFU	6	3	down	Bean curd	N	9			4				
000004	FB	1	4	down	Facebook	Y	8			4				
000004	PART	4	4	down	Piece	N	5			4				
000004	X	9	4	down	Xerography	N	10			4				
000004	E	1	5	down	Evidence	Y	8			4				
000004	CEREAL	3	5	down	Breakfast item	N	14			4				
000004	NIO	1	6	down	EV maker	Y	8			4				
000004	RELIC	5	6	down	Antique	N	7			4				
000004	CARROT	1	7	down	<i>	Y	3	Image of a carrot		4				
000004	NA	8	7	down	No Answer	N	9			4				
000004	ENDOW	1	8	down	Gift	Y	4			4				
000004	PEN	7	8	down	<i>	Y	3	Image of a pen		4				
000005	PERFECT	2	1	across	10/10	Y	5			5				
000005	HEIR	3	1	across	Inheritor	Y	9			5	y			
000005	RU	3	6	across	Rutgers Univ	N	12			5				
000005	Y	4	1	across	Yes	Y	3			5				
000005	TOWER	4	3	across	Pisa monument	N	13			5				
000005	STEW	5	1	across	Seethe	Y	6			5				
000005	AK	5	6	across	Alaska	N	6			5				
000005	IR	6	1	across	Infrared	Y	8			5				
000005	NST	6	4	across	I__ead	N	6			5	y			
000005	CAY	7	1	across	__man islands	Y	13			5				
000005	PET	7	5	across	Cat or dog	N	10			5				
000005	IDEAL	8	1	across	Best case	Y	9			5				
000005	O	8	7	across	Oxygen	N	6			5				
000005	SE	9	1	across	Special Edition	Y	15			5				
000005	WILL	9	4	across	Testament	N	9			5	y			
000005	TRUSTED	10	1	across	Credible	Y	8			5	y			
000005	PHYSICIST	1	2	down	Einstein's profession	Y	21			5				
000005	EE	1	3	down	Everything else	Y	15			5				
000005	TRADER	4	3	down	Merchant	N	8			5				
000005	RITE	1	4	down	<i>	Y	3	Image of a typewriter	Text under the image: Typew__r	5				
000005	YE	6	4	down	__ olde shoppe	N	14			5				
000005	U	9	4	down	Urban	N	5			5				
000005	FROWN	1	5	down	<i>	Y	3	Image of a frowning person		5				
000005	AWS	7	5	down	Jigs__	N	6			5				
000005	E	1	6	down	<i>	Y	3	Image of an elephant		5				
000005	W	3	6	down	Window	N	6			5				
000005	SPLIT	5	6	down	Divvy up	N	8			5	y			
000005	CREATE	1	7	down	Build	Y	5			5				
000005	LE	8	7	down	Lower East	N	10			5				
000005	TURK	1	8	down	<i>	Y	3	Image of a turkey	Text on the right of the image: __ey	5				
000005	TOLD	6	8	down	Shared a secret	Y	15			5				
000006	WHEREAS	2	1	across	In contrast	Y	11			6				
000006	EARN	3	1	across	Make money	Y	10			6				
000006	CW	3	6	across	Cold Weather	N	12			6				
000006	DRS	4	1	across	<i>	Y	3	Image of two doctors		6				
000006	STA	4	5	across	__dium	N	6			6				
000006	NP	5	1	across	Now Playing	Y	11			6				
000006	ATOP	5	4	across	Above	N	5			6				
000006	E	6	1	across	Exchange	Y	8			6				
000006	AFAR	6	3	across	At a distance	N	13			6				
000006	SWIFT	7	1	across	Singer Taylor	Y	13			6				
000006	V	7	7	across	Voyage	N	6			6				
000006	DI	8	1	across	<i>	Y	3	Image of dice	__ce	6				
000006	AIDE	8	4	across	Assistant	N	9			6				
000006	AFRICAN	9	1	across	From Kenya	Y	10			6				
000006	YEAR	10	1	across	Twelve months	Y	13			6				
000006	YT	10	6	across	Youtube	Y	7			6				
000006	WEDNESDAY	1	2	down	Tuesday follower	Y	16			6				
000006	HARP	1	3	down	<i>	Y	3	Image of a harp		6				
000006	WIFE	6	3	down	Better half	N	11			6				
000006	ERS	1	4	down	<i>	Y	3	Image of a sport team's jersey	J__ey	6				
000006	AI	5	4	down	American Idol	N	13			6				
000006	RA	8	4	down	Pa__de	N	6			6				
000006	RN	1	5	down	<i>	Y	3	Image of a corn cob	Co__	6				
000006	AFFAIR	4	5	down	Scandal	N	7			6				
000006	E	1	6	down	Evermore	Y	8			6				
000006	STATIC	3	6	down	White noise	N	11			6				
000006	ACTOR	1	7	down	Cast member	Y	11			6				
000006	DAY	7	7	down	Night and __	N	12			6				
000006	SWAP	1	8	down	Switch	Y	6			6				
000006	VENT	6	8	down	Air outlet	Y	10			6				
000251	WHISTLE	2	1	across	<i>	Y	3	Image of a whistle		7				
000251	EEL	3	1	across	Slippery fish	Y	13			7				
000251	RID	3	5	across	Free from	N	9			7				
000251	BL	4	1	across	__ackjack	Y	9			7				
000251	MILE	4	4	across	Distance unit	N	13			7				
000251	SILO	5	1	across	<i>	Y	3	Image of a silo in a farm		7				
000251	AN	5	6	across	As Needed	N	9			7				
000251	EPIC	6	3	across	Grand story	N	11			7				
000251	I	6	1	across	Italy	Y	5			7				
000251	TOAST	7	1	across	<i>	Y	3	Image of a toast popping out of a toaster		7				
000251	C	7	7	across	Common	N	6			7				
000251	ELF	8	1	across	<i>	Y	3	Image of an elf on a shelf		7				
000251	CEO	8	5	across	Chief exec. officer	N	19			7				
000251	SD	9	1	across	San Diego	Y	9			7				
000251	THEN	9	4	across	and __ there were none	Y	22			7				
000251	WEBSITES	1	2	down	Online pages	Y	12			7				
000251	HELI	1	3	down	<i>	Y	3	Image of a helicopter	__COPTER	7				
000251	IL	1	4	down	Ta__gate	Y	8			7				
000251	TRI	1	6	down	__angle	Y	7			7				
000251	LILAC	1	7	down	<i>	Y	3	Image of lilac flowers		7				
000251	EDEN	1	8	down	Garden of __	Y	12			7				
000251	S	1	5	down	Sin	Y	3			7				
000251	MOPS	3	5	down	Floor cleaners	N	14			7				
000251	LEAF	4	4	down	Green Tree part	N	15			7				
000251	ITCH	5	6	down	Scratch target	N	14			7				
000251	OLD	6	3	down	Aged	N	4			7				
000251	CON	6	8	down	Scam	Y	4			7				
000251	EE	7	7	down	Fr__zer	N	7			7				
000251	T	8	5	down	Team	N	4			7				
000008	CONGEST	2	1	across	Overcrowd	Y	9			8				
000008	OVAL	3	1	across	<i>	Y	3	Image of an oval 		8				
000008	TY	3	6	across	S__lish	N	7			8				
000008	NET	4	1	across	<i>	Y	3	Image of fishing net		8				
000008	COP	4	5	across	Police officer	N	14			8				
000008	TR	5	1	across	Tape Recorder	Y	13			8				
000008	CARE	5	4	across	Be concerned	N	12			8				
000008	E	6	1	across	Emblem	Y	6			8				
000008	COVE	6	3	across	Small bay	N	9			8				
000008	SMILE	7	1	across	<i>	Y	3	Image of a smiling face		8				
000008	T	7	7	across	Tropical	N	8			8				
000008	TO	8	1	across	Time Out	Y	8			8				
000008	LAME	8	4	across	__ duck	N	7			8				
000008	ERRATIC	9	1	across	Unpredictable	Y	13			8				
000008	DEAR	10	1	across	Letter starter	Y	14			8				
000008	NH	10	6	across	National Highway	Y	16			8				
000008	CONTESTED	1	2	down	Fought for	Y	10			8				
000008	OVER	1	3	down	Not under	Y	9			8				
000008	MORE	6	3	down	Additional	N	10			8				
000008	NAT	1	4	down	<i>	Y	3	Image of a pinata	Pi__a	8				
000008	CI	5	4	down	Cast Iron	N	9			8				
000008	RA	8	4	down	Red Alert	N	9			8				
000008	GL	1	5	down	Good luck	Y	9			8				
000008	COLLAR	4	5	down	Shirt part	N	10			8				
000008	E	1	6	down	Envelope	Y	8			8				
000008	CAVEAT	3	6	down	Warning	N	7			8				
000008	STORE	1	7	down	<i>	Y	3	Image of a grocery store		8				
000008	MIN	7	7	down	Max's opposite	N	14			8				
000008	TYPE	1	8	down	Variety	Y	7			8				
000008	TECH	6	8	down	Meta industry	Y	13			8				
000009	SHARING	2	1	across	Splitting	Y	9			9				
000009	CORN	3	1	across	<i>	Y	3	Image of a corn cob		9				
000009	AR	3	6	across	Annual Report	N	13			9				
000009	ISC	4	1	across	B__uit	Y	6			9				
000009	DNI	4	5	across	Do not include	N	14			9				
000009	EE	5	1	across	<i>	Y	3	Image of a deer	D__r	9				
000009	DENT	5	4	across	Ding	N	4			9				
000009	N	6	1	across	Neutrality	Y	10			9				
000009	DEFY	6	3	across	Challenge	N	9			9				
000009	THOSE	7	1	across	That and that	Y	13			9				
000009	T	7	7	across	Troubleshoot	N	12			9				
000009	IA	8	1	across	Internal Affairs	Y	16			9				
000009	EACH	8	4	across	Apiece	N	6			9				
000009	STARTER	9	1	across	Appetizer	Y	9			9				
000009	TENT	10	1	across	<i>	Y	3	Image of a tent		9				
000009	RU	10	6	across	Rig Up	Y	6			9				
000009	SCIENTIST	1	2	down	Bohr or Curie	Y	13			9				
000009	HOSE	1	3	down	<i>	Y	3	Image of a hose		9				
000009	HATE	6	3	down	Loathe	N	6			9				
000009	ARC	1	4	down	Rainbow shape	Y	13			9				
000009	DO	5	4	down	__ not disturb	N	14			9				
000009	AN	8	4	down	Army nurse	N	10			9				
000009	RN	1	5	down	Royal navy 	Y	11			9				
000009	DESERT	4	5	down	Sahara	N	6			9				
000009	I	1	6	down	Inoculate	Y	9			9				
000009	DEFEAT	3	6	down	Take down	N	9			9				
000009	NANNY	1	7	down	Sitter	Y	6			9				
000009	CER	7	7	down	Sau__	N	5			9				
000009	GRIT	1	8	down	Courage	Y	7			9				
000009	THRU	6	8	down	Drive-__	Y	8			9				
000010	DISMISS	2	1	across	Brush aside	Y	11			10				
000010	ICON	3	1	across	Symbol	Y	6			10				
000010	NW	3	6	across	North west	N	10			10				
000010	SEN	4	1	across	<i>	Y	3	Image of a gift	Pre__t	10				
000010	BOA	4	5	across	Feather wrap	N	12			10				
000010	GD	5	1	across	Granddaughter	Y	13			10				
000010	BARN	5	4	across	Farm storage	N	12			10				
000010	U	6	1	across	Usual	Y	5			10				
000010	SECT	6	3	across	Faction	N	7			10				
000010	STUCK	7	1	across	Glued	Y	5			10				
000010	W	7	7	across	Wholesale	N	9			10				
000010	TA	8	1	across	<i>	Y	3	Image of tally marks depicting 5	__lly	10		Tally marks need to be fixed- should be straight lines		
000010	OUCH	8	4	across	Pained cry	N	10			10				
000010	EXAMPLE	9	1	across	Specimen	Y	8			10				
000010	DINE	10	1	across	Feast	Y	5			10				
000010	UN	10	6	across	User Name	Y	9			10				
000010	DISGUSTED	1	2	down	Repulsed	Y	8			10				
000010	ICED	1	3	down	<i>	Y	3	Image of a glass of iced tea	__ tea	10				
000010	TAXI	6	3	down	Cab	N	3			10				
000010	SON	1	4	down	Junior, to senior	Y	17			10				
000010	SU	5	4	down	Start up	N	8			10				
000010	AN	8	4	down	A, __, the	N	10			10				
000010	MN	1	5	down	Mobile Node	Y	11			10				
000010	BECOME	4	5	down	Turn into	N	9			10				
000010	I	1	6	down	Interconnect	Y	12			10				
000010	BACKUP	3	6	down	Alternative	N	11			10				
000010	SNORT	1	7	down	Pig noise	Y	9			10				
000010	CLU	7	7	down	Circuit Line Up	N	15			10				
000010	SWAN	1	8	down	<i>	Y	3	Image of a swan		10				
000010	WHEN	6	8	down	Question of time	Y	16			10				
000252	HAMMOCK	2	1	across	<i>	Y	3	Image of a hammock		11				
000252	AMY	3	1	across	Actress __ Adams 	Y	17			11				
000252	OLE	3	5	across	ultravi__t	N	10			11				
000252	LB	4	1	across	Little brother	Y	14			11				
000252	CHAP	4	4	across	English fellow	N	14			11				
000252	FISH	5	1	across	<i>	Y	3	Image of a fish		11				
000252	ST	5	6	across	Saint	N	5			11				
000252	PASS	6	3	across	Fail opposite	N	13			11				
000252	M	6	1	across	Meta	Y	4			11				
000252	OPERA	7	1	across	<i>	Y	3	Image of the sydney opera house	__ HOUSE	11				
000252	E	7	7	across	Eminem	N	6			11				
000252	ODD	8	1	across	1, 3, 5, 7	Y	10			11				
000252	NUT	8	5	across	Hazel__	N	7			11				
000252	NF	9	1	across	No fear	Y	7			11				
000252	MEGA	9	4	across	Very large	Y	10			11				
000252	HALFMOON	1	2	down	<i>	Y	3	Image of a halfmoon emoji		11				
000252	AMBI	1	3	down	__dextrous	Y	10			11				
000252	MY	1	4	down	Oh __ god	Y	9			11				
000252	OOH	1	6	down	Wow!	Y	4			11				
000252	CLASS	1	7	down	<i>	Y	3	Image of a classroom with a blackboard and a desk	__ROOM	11				
000252	KEPT	1	8	down	Placed	Y	6			11				
000252	M	1	5	down	Munich	Y	6			11				
000252	CHAR	3	5	down	BBQ mark	N	8			11				
000252	SPED	4	4	down	Zoomed past	N	11			11				
000252	SANE	5	6	down	of sound mind	N	13			11				
000252	PDF	6	3	down	Acrobat format	N	14			11				1
000252	ETA	6	8	down	Expected time of arr.	Y	21			11				1
000252	UG	7	7	down	Under grad.	N	11			11				1
000252	M	8	5	down	Management	N	10			11				1
000012	SUFFICE	2	1	across	Be enough	Y	9			12	y			
000012	TIER	3	1	across	<i>	Y	3	Image of a tiered cake	Arrow pointing to one of the tiers	12				
000012	AX	3	6	across	Synt__	N	6			12				
000012	Y	4	1	across	Texter's why	Y	12			12				
000012	ROUTE	4	3	across	Way to go	N	9			12				
000012	LENS	5	1	across	<i>	Y	3	Image of a camera lens		12				
000012	TC	5	6	across	Take care	N	9			12				
000012	IA	6	1	across	Internet Archive	Y	16			12				
000012	TML	6	4	across	Too Much Love	N	13			12				
000012	SSW	7	1	across	<i>	Y	3	Image of a compass pointing at 202.5 degree		12	y			
000012	AER	7	5	across	__oplane	N	8			12				
000012	TITAN	8	1	across	<i>	Y	3	Image of a ship	Text under the image: __ic	12				
000012	I	8	7	across	_ love you	N	10			12				
000012	IL	9	1	across	p__ot	Y	5			12				
000012	AGED	9	4	across	Elderly	N	7			12				
000012	CYCLONE	10	1	across	Storm	Y	5			12	y			
000012	STYLISTIC	1	2	down	Artful	Y	6			12				
000012	UI	1	3	down	University of Iowa	Y	18			12				
000012	EASILY	4	3	down	Simply	N	6			12	y			
000012	FERN	1	4	down	<i>	Y	3	Image of fern plant		12	y			
000012	WT	6	4	down	Weight	N	6			12				
000012	C	9	4	down	Celsius	N	7			12				
000012	FROST	1	5	down	Poet Robert __	Y	14			12				
000012	AAL	7	5	down	Avg Annual Loss	N	15			12				
000012	I	1	6	down	Iodine	Y	6			12				
000012	U	3	6	down	Texter's you	N	12			12				
000012	MANGO	5	6	down	Tropical fruit	N	14			12				
000012	CATTLE	1	7	down	Dairy animals	Y	13			12				
000012	EN	8	7	down	English	N	7			12				
000012	EXEC	1	8	down	__utive	Y	7			12	y			
000012	RIDE	6	8	down	Carnival feature	Y	16			12				
000013	PARTAKE	2	1	across	Join	Y	4			13	y			
000013	RCO	3	1	across	Recruitment Office	Y	18			13				
000013	YEL	3	5	across	__low	N	5			13				
000013	ON	4	1	across	<i>	Y	3	Image of a spoon	Text under the image: spo__	13				
000013	SEED	4	4	across	Plant starter	N	13			13				
000013	MERE	5	1	across	Only	Y	4			13				
000013	PE	5	6	across	Private Equity	N	14			13				
000013	I	6	1	across	Myself	Y	6			13				
000013	ORDER	6	3	across	Decorum	N	7			13				
000013	SILVER	7	1	across	<i>	Y	3	Image of a silver medal		13				
000013	INLET	8	1	across	Bay area	Y	8			13	y			
000013	X	8	7	across	Ten	N	3			13				
000013	NT	9	1	across	Network Traffic	Y	15			13				
000013	REAP	9	4	across	Gather crops	N	12			13	y			
000013	GOT	10	1	across	America's __ Talent	Y	19			13				
000013	RAS	10	5	across	<i>	Y	3	Image of two tiaras	Text under the image: Tia__	13				
000013	PROMISING	1	2	down	Hopeful	Y	7			13				
000013	ACNE	1	3	down	<i>	Y	3	Image of a face with acne		13				
000013	INTO	6	3	down	Interested	N	10			13				
000013	RO	1	4	down	P__ject	Y	7			13				
000013	ROLL	4	4	down	Dice throw	N	10			13	y			
000013	T	9	4	down	Transformation	N	14			13				
000013	T	1	5	down	<i>	Y	3	Image of a tshirt		13				
000013	SERVER	3	5	down	Web host	N	8			13				
000013	AYE	1	6	down	Pirate's yes	Y	12			13				
000013	DETER	5	6	down	Prevent	N	7			13	y			
000013	KEEPER	1	7	down	Goalie	Y	6			13				
000013	AA	8	7	down	Battery type	N	12			13				
000013	ELDER	1	8	down	Family head	Y	11			13				
000013	XPS	7	8	down	Xerox Printers	Y	14			13	y			
000014	EVIDENT	2	1	across	Obvious	Y	7			14				
000014	PINE	3	1	across	<i>	Y	3	image of a pine tree		14				
000014	EO	3	6	across	Essential Oil	N	13			14				
000014	I	4	1	across	Oneself	Y	7			14				
000014	TANGO	4	3	across	Latin dance	N	11			14	y			
000014	SPEC	5	1	across	Specification	Y	13			14				
000014	LL	5	6	across	Lower Left	N	10			14				
000014	CHROME	6	1	across	Google __ (browser)	Y	19			14				
000014	O	7	1	across	Round letter	Y	12			14				
000014	ENACT	7	3	across	Make law	N	8			14				
000014	PAS	8	1	across	<i>	Y	3	Image of a chocolate pastry	Text under the image: __try	14				
000014	CTI	8	5	across	Ta__c	N	5			14				
000014	ALTERED	9	1	across	Made fit	Y	8			14	y			
000014	LW	10	1	across	Left wing	Y	9			14				
000014	NODE	10	4	across	Link spot	Y	9			14	y			
000014	EPISCOPAL	1	2	down	Open __ Church	Y	14			14	y			
000014	VI	1	3	down	<i>	Y	3	Image of a vial 	Text under the image: __al	14				
000014	PH	4	3	down	Acidity scale	N	13			14				
000014	ALW	7	3	down	Me__orm	N	7			14				
000014	INTEREST	1	4	down	Loan cost	Y	9			14				
000014	DEACON	1	5	down	Church aid	Y	10			14	y			
000014	EN	8	5	down	Prefix with case	N	16			14				
000014	E	1	6	down	<i>	Y	3	Image of a compass with a circle around E		14		Image not appearing		
000014	N	3	6	down	Network	N	7			14				
000014	MACRO	5	6	down	Large	N	5			14	y			
000014	NEGLECTED	1	7	down	Ignored	Y	7			14				
000014	TOOL	1	8	down	<i>	Y	3	Image of a tool box	Text under the image: __ box	14				
000014	TIDE	6	8	down	Moon's pull	Y	11			14				
000253	RAGGEDY	2	1	across	<i>	Y	3	Image of a raggedy ann doll 	__ ann 	15				
000253	ACE	3	1	across	Highest card 	Y	13			15				
000253	ARA	3	5	across	C__mel 	N	7			15				
000253	IN	4	1	across	__door	Y	6			15				
000253	DRAW	4	4	across	Doodle	N	6			15				
000253	NEMO	5	1	across	Pixar fish 	Y	11			15				
000253	MN	5	6	across	Autu__	N	6			15				
000253	ASIA	6	3	across	Bali's setting	N	14			15				
000253	C	6	1	across	Chapter	Y	7			15				
000253	OFTEN	7	1	across	Frequently 	Y	11			15				
000253	A	7	7	across	Advanced	N	8			15				
000253	AAH	8	1	across	Relieved sigh	Y	13			15				
000253	CAN	8	5	across	Tin container	N	13			15				
000253	TV	9	1	across	<i>	Y	3	Image of TV console 		15				
000253	SHUT	9	4	across	Closed 	Y	7			15				
000253	RAINCOAT	1	2	down	<i>	Y	3	Image of a raincoat 		15				
000253	ACNE	1	3	down	Pimples 	Y	8			15				
000253	GE	1	4	down	__ntleman	Y	9			15				
000253	EAR	1	6	down	<i>	Y	3	Image of an ear 		15				
000253	DRAMA	1	7	down	Theater or play 	Y	16			15				
000253	YAWN	1	8	down	<i>	Y	3	Image of a person yawning 		15				
000253	G	1	5	down	Gasoline	Y	8			15				
000253	DOSE	3	5	down	Hearing organ	N	13			15				
000253	MATH	4	4	down	Algebra 	N	8			15				
000253	INCH	5	6	down	2.54 cms	N	8			15				
000253	FAV	6	3	down	__orite 	N	8			15				1
000253	ANT	6	8	down	Colony insect	Y	13			15				1
000253	AU	7	7	down	__thor 	N	7			15				1
000253	S	8	5	down	Sierra	N	6			15				1
000016	PODCAST	2	1	across	Talk show	Y	9			16				
000016	RAIL	3	1	across	<i>	Y	3	Image of a train track		16				
000016	TI	3	6	across	... fa so la __	N	15			16				
000016	E	4	1	across	East	Y	4			16				
000016	VOCAL	4	3	across	Verbal	N	6			16				
000016	DRAW	5	1	across	Tie	Y	3			16	y			
000016	TT	5	6	across	Table tennis	N	12			16				
000016	IE	6	1	across	Internal error	Y	14			16				
000016	NSU	6	4	across	Norfolk State Uni.	N	18			16	y			
000016	CLY	7	1	across	Cata__sm	Y	8			16				
000016	TED	7	5	across	__ Talks	N	8			16				
000016	TASTE	8	1	across	Flavor	Y	6			16				
000016	U	8	7	across	Unit	N	4			16				
000016	OT	9	1	across	Over time	Y	9			16				
000016	BEAK	9	4	across	Bird's mouth	N	12			16				
000016	REVERSE	10	1	across	<i>	Y	3	Image of a stick shift	Text on the right of the image: R	16				
000016	PREDICTOR	1	2	down	Prophet or oracle	Y	17			16	y			
000016	OA	1	3	down	<i>	Y	3	Image of a road	Text under the image: R__d	16				
000016	RELATE	4	3	down	Connect	N	7			16				
000016	DIVA	1	4	down	Opera star	Y	10			16				
000016	YS	6	4	down	Yard sale	N	9			16				
000016	V	9	4	down	Velocity	N	8			16				
000016	CLOWN	1	5	down	<i>	Y	3	Image of a clown		16				
000016	TBE	7	5	down	To be exact	N	11			16				
000016	A	1	6	down	Ampere	Y	6			16				
000016	C	3	6	down	Converge	N	8			16				
000016	STEER	5	6	down	Drive	N	5			16	y			
000016	STATUE	1	7	down	<i>	Y	3	Image of statue of liberty	Text to the right of the image: __ of Liberty	16		Single blank		
000016	AS	8	7	down	Also known __	N	13			16				
000016	TILT	1	8	down	Slant	Y	5			16				
000016	DUKE	6	8	down	Nobleman	Y	8			16	y			
000017	PARTNER	2	1	across	Ally	Y	4			17	y			
000017	AZ	3	1	across	Arizona	Y	7			17				
000017	ROAD	3	4	across	Highway	N	7			17				
000017	RACER	4	1	across	<i>	Y	3	Image of a motorcycle racer in full speed		17				
000017	X	4	7	across	Variable value	N	14			17				
000017	A	5	1	across	Good grade	Y	10			17				
000017	SAME	5	3	across	Ditto	N	5			17				
000017	LIST	6	1	across	Shopper's aid	Y	13			17				
000017	ZM	6	6	across	Zambia	N	6			17	y			
000017	YZ	7	1	across	Last letters	Y	12			17				
000017	IDEA	7	4	across	Thought	N	7			17				
000017	SALSA	8	1	across	<i>	Y	3	Image of a salsa dancer		17				
000017	T	8	7	across	Tea	N	3			17				
000017	I	9	1	across	<i>	Y	3	Image of a pie	Text under the image: P_e	17				
000017	EERIE	9	3	across	Chilling	N	8			17	y			
000017	SYM	10	1	across	Symbol	Y	6			17				
000017	TYR	10	5	across	Norse god	Y	9			17				
000017	PARALYSIS	1	2	down	Immobile state	Y	14			17	y			
000017	AZA	1	3	down	__lea	Y	5			17				
000017	IZA	5	3	down	W__rd	N	5			17				
000017	Y	9	3	down	Yen	N	3			17				
000017	R	1	4	down	<i>	Y	3	Image of an urn	Text under the image: U_n	17				
000017	CSS	3	4	down	Web language	N	12			17				
000017	LEM	7	4	down	Low emission	N	12			17				
000017	TREATISE	1	5	down	Thesis	Y	6			17	y			
000017	NORM	1	6	down	Status quo	Y	10			17				
000017	DART	6	6	down	Pub game	N	8			17				
000017	EA	1	7	down	<i>	Y	3	Image of a heart emoji	Text under the image: H__rt	17				
000017	EZE	4	7	down	Sne__	N	5			17				
000017	IY	8	7	down	Industrial Yard	N	15			17				
000017	RDX	1	8	down	Explosive	Y	9			17				
000017	MATER	5	8	down	Alma __	Y	7			17	y			
000018	PAINTED	2	1	across	<i>	Y	3	Image of a man painting a wall		18				
000018	HI	3	1	across	Hello	Y	5			18				
000018	ORAL	3	4	across	Spoken	N	6			18				
000018	ELITE	4	1	across	VIP group	Y	9			18				
000018	S	4	7	across	Singular	N	8			18				
000018	N	5	1	across	Negative	Y	8			18				
000018	SAKE	5	3	across	Rice wine	N	9			18	y			
000018	OUST	6	1	across	Kick out	Y	8			18	y			
000018	TC	6	6	across	Terms & Conditions	N	18			18				
000018	TW	7	1	across	Two words	Y	9			18				
000018	IDLE	7	4	across	Doing nothing	N	13			18				
000018	YAHOO	8	1	across	__ mail	Y	7			18	y			
000018	D	8	7	across	Bad grade	N	9			18				
000018	P	9	1	across	Perimeter	Y	9			18				
000018	ANOVA	9	3	across	Cas__	N	5			18	y			
000018	EXA	10	1	across	<i>	Y	3	Image of a hexagon	Text under the image: H__gon	18				
000018	MAR	10	5	across	Spoil or ruin	Y	13			18				
000018	PHENOTYPE	1	2	down	Visible trait	Y	13			18	y			
000018	AIL	1	3	down	<i>	Y	3	Image of the back of a hand with an arrow pointing to the nail	N__	18				
000018	UWA	5	3	down	K__it	N	5			18				
000018	X	9	3	down	Unknown value	N	13			18				
000018	I	1	4	down	Roman one	Y	9			18				
000018	ISS	3	4	down	Intl space stn	N	14			18				
000018	HAA	7	4	down	Hi-altitude area	N	16			18				
000018	NOTATION	1	5	down	Music sign	Y	10			18				
000018	TREK	1	6	down	<i>	Y	3	Image of a woman in trekking gear	Text under the image: __king	18		Single blank		
000018	DOOM	6	6	down	Gloomy end	N	10			18				
000018	EA	1	7	down	Electronic Arts	Y	15			18		New image addition		
000018	ETL	4	7	down	Enterprise Tool	N	15			18				
000018	VA	8	7	down	Veterans Affairs	N	16			18				
000018	DLS	1	8	down	Digital Library System	Y	22			18				
000018	CEDAR	5	8	down	<i>	Y	3	Image of a cedar wood		18	y	Image not appearing		
000254	COMPASS	2	1	across	<i>	Y	3	Image of compass 		19				
000254	HAM	3	1	across	cured meat	Y	10			19				
000254	NMI	3	5	across	Nautical mile	N	13			19				
000254	AT	4	1	across	place preposition	Y	17			19				
000254	UNIT	4	4	across	Single part	N	11			19				
000254	RSVP	5	1	across	Invitation response	Y	19			19				
000254	TE	5	6	across	Tight End	N	9			19				
000254	ITCH	6	3	across	Scratchy feeling	N	16			19				
000254	M	6	1	across	Merchant	Y	8			19				
000254	IGLOO	7	1	across	<i>	Y	3	Image of a igloo		19				
000254	C	7	7	across	Company	N	7			19				
000254	NEE	8	1	across	Maiden name indicator	Y	21			19				
000254	PAR	8	5	across	__ROT	N	5			19				
000254	GO	9	1	across	Get moving	Y	10			19				
000254	DENY	9	4	across	Say no	Y	6			19				
000254	CHARMING	1	2	down	Very pleasant	Y	13			19				
000254	OATS	1	3	down	<i>	Y	3	Image of two boats in a lake	B__	19				
000254	MM	1	4	down	Millimeter	Y	10			19				
000254	ANN	1	6	down	__ Arbor	Y	8			19				
000254	SMITH	1	7	down	Actress Maggie  __	Y	18			19				
000254	SITE	1	8	down	Construction spot	Y	17			19				
000254	P	1	5	down	Partial	Y	7			19				
000254	UPTO	3	5	down	As far as	N	9			19				
000254	VILE	4	4	down	Totally wicked	N	14			19				
000254	COPE	5	6	down	Deal with	N	9			19				
000254	GEO	6	3	down	Earth-related	N	13			19				1
000254	CRY	6	8	down	<i>	Y	3	Image of a crying face		19				1
000254	AN	7	7	down	__alysis	N	8			19				1
000254	D	8	5	down	Digital	N	7			19				1
000020	SCATTER	2	1	across	Disperse seeds	Y	14			20				
000020	EZ	3	1	across	Enhanced Zoom	Y	13			20	y			
000020	HEAT	3	4	across	Warmth	N	6			20				
000020	PEARL	4	1	across	<i>	Y	3	Image of a pearl in a oyster shell		20				
000020	W	4	7	across	Washington	N	10			20				
000020	T	5	1	across	Temperature	Y	11			20				
000020	MILD	5	3	across	Not spicy	N	9			20				
000020	EVIL	6	1	across	<i>	Y	3	Image of a devil emoji		20				
000020	AM	6	6	across	Morning hours	N	13			20				
000020	MT	7	1	across	Mountain	Y	8			20				
000020	LIMO	7	4	across	Long car	N	8			20				
000020	BAKER	8	1	across	<i>	Y	3	Image of baker holding freshly baked cookies		20				
000020	T	8	7	across	Telephone	N	9			20				
000020	E	9	1	across	Explanation	Y	11			20				
000020	BRIDE	9	3	across	Groom's partner	N	15			20				
000020	RYA	10	1	across	Nordic rug	Y	10			20	y			
000020	SYL	10	5	across	__via Plath	Y	11			20				
000020	SEPTEMBER	1	2	down	Ninth month	Y	11			20				
000020	CZE	1	3	down	Czech Rep.	Y	10			20				
000020	VTA	5	3	down	Virtual Asst.	N	13			20				
000020	Y	9	3	down	Letter after X	N	14			20				
000020	A	1	4	down	Artificial	Y	10			20				
000020	AMI	3	4	down	French pal	N	10			20				
000020	KBA	7	4	down	Key Biz Area	N	12			20	y			
000020	THRILLER	1	5	down	Suspense novel	Y	14			20	y			
000020	TELL	1	6	down	Show and __	Y	11			20				
000020	IRIS	6	6	down	Flower	N	6			20	y			
000020	EA	1	7	down	Executive Assistant	Y	19			20				
000020	DAM	4	7	down	Embankment	N	10			20				
000020	DY	8	7	down	Dynamic Yield	N	13			20				
000020	RTW	1	8	down	<i>	Y	3	Image of an artwork in a gallery	Text under the image: A__ork	20				
000020	MOTEL	5	8	down	Roadside Inn	Y	12			20				
000021	ATHEISM	2	1	across	Opposite of theism	Y	18			21				
000021	CAZ	3	1	across	Al__ar of Seville 	Y	18			21	y			
000021	WTA	3	5	across	Winner Takes All 	N	17			21				
000021	CX	4	1	across	Customer Experience	Y	19			21				
000021	REIN	4	4	across	Horse gear	N	10			21	y			
000021	LIME	5	1	across	<i>	Y	3	Image of a cut-up lime		21				
000021	FL	5	6	across	Florida	N	7			21				
000021	A	6	1	across	Automobile 	Y	11			21				
000021	IMPLY	6	3	across	Suggest	N	7			21				
000021	IGNORE	7	1	across	Overlook	Y	8			21				
000021	MOTTO	8	1	across	Maxim	Y	5			21	y			
000021	Y	8	7	across	Fork shape	N	10			21				
000021	EL	9	1	across	<i>	Y	3	Image of an Elm tree	Text under the image: __m	21				
000021	EXAM	9	4	across	Test	N	4			21				
000021	DFW	10	1	across	Dallas, Fort Worth	Y	18			21				
000021	YAA	10	5	across	Yes, sure!	Y	10			21				
000021	ACCLAIMED	1	2	down	Well known	Y	10			21				
000021	TAXI	1	3	down	<i>	Y	3	Image of a taxi		21				
000021	GOLF	6	3	down	Tiger's game	N	12			21	y			
000021	HZ	1	4	down	Hertz	Y	5			21				
000021	MINT	4	4	down	Green herb	N	10			21				
000021	W	9	4	down	West	N	4			21				
000021	E	1	5	down	<i>	Y	3	Image of a hose	Text under the image: Hos_	21				
000021	REMOTE	3	5	down	__ control	N	10			21				
000021	IWE	1	6	down	B__ekly	Y	7			21				
000021	PROXY	5	6	down	Stand-in	N	8			21	y			
000021	STIFLE	1	7	down	Suppress	Y	8			21				
000021	AA	8	7	down	All aboard	N	10			21				
000021	MANLY	1	8	down	Masculine	Y	9			21				
000021	YMA	7	8	down	Young Media Alliance	Y	20			21				
000022	CRUSHED	2	1	across	Flattened	Y	9			22	y			
000022	OY	3	1	across	<i>	Y	3	Image of a toy robot	Text under the image: T__	22				
000022	TOAD	3	4	across	Frog-like	N	9			22				
000022	METRO	4	1	across	<i>	Y	3	Image of a metro rail		22				
000022	T	4	7	across	Transportation	N	14			22				
000022	P	5	1	across	Professor 	Y	10			22				
000022	RAFT	5	3	across	River ride	N	10			22	y			
000022	LIMP	6	1	across	Walk unevenly	Y	13			22	y			
000022	XS	6	6	across	Very small	N	10			22				
000022	AV	7	1	across	<i>	Y	3	Image of an ATV	text under the image: _T_	22				
000022	PATH	7	4	across	Trail way	N	9			22				
000022	INDEX	8	1	across	List in a book	Y	14			22				
000022	R	8	7	across	Range	N	5			22				
000022	N	9	1	across	Navigation	Y	10			22				
000022	PRIZE	9	3	across	Like the Nobel	N	14			22				
000022	TYA	10	1	across	<i>	Y	3	Image of the courtyard of a house	Text under the image: Cour__rd	22		Added text		
000022	SYD	10	5	across	Sydney	Y	6			22				
000022	COMPLAINT	1	2	down	Grumble	Y	7			22	y			
000022	RYE	1	3	down	Whiskey grain	Y	13			22				
000022	IVN	5	3	down	I've never	N	10			22				
000022	Y	9	3	down	Yearbook 	N	9			22				
000022	U	1	4	down	180-degree turn	Y	15			22				
000022	TRM	3	4	down	Tram	N	4			22				
000022	DPA	7	4	down	Data Prot. Act	N	14			22				
000022	STRAPPER	1	5	down	Brawny type	Y	11			22	y			
000022	HOOF	1	6	down	<i>	Y	3	Image of a horse's hoof		22				
000022	AXIS	6	6	down	Earth's line	N	12			22				
000022	EA	1	7	down	Oc__n	Y	5			22				
000022	TXT	4	7	down	Text	N	4			22				
000022	ZY	8	7	down	Zero Noise	N	10			22				
000022	DDT	1	8	down	Dynamic debug tech	Y	18			22				
000022	SHRED	5	8	down	<i>	Y	3	Image of a sheet of paper half-shredded in a paper shredder		22	y			
000255	LOBSTER	2	1	across	<i>	Y	3	Image of a lobster 		23				
000255	EKE	3	1	across	Barely manage 	Y	14			23				
000255	IRA	3	5	across	V__l	N	4			23				
000255	MR	4	1	across	Polite address	Y	14			23				
000255	OKAY	4	4	across	Alright 	N	8			23				
000255	OARS	5	1	across	<i>	Y	3	Image of oars 		23				
000255	SS	5	6	across	Gla__	N	5			23				
000255	ALOE	6	3	across	__ vera 	N	8			23				
000255	N	6	1	across	North	Y	5			23				
000255	ACTOR	7	1	across	Stage star 	Y	11			23				
000255	A	7	7	across	Assistant	N	9			23				
000255	DAS	8	1	across	__hboard	Y	8			23				
000255	CAB	8	5	across	Taxi	N	4			23				
000255	ET	9	1	across	Tick__	Y	6			23				
000255	PANS	9	4	across	Pots and __	Y	11			23				
000255	LEMONADE	1	2	down	<i>	Y	3	Image of a glass of lemonade		23				
000255	OKRA	1	3	down	<i>	Y	3	Image of a piece of okra 		23				
000255	BE	1	4	down	__autiful 	Y	10			23				
000255	TIK	1	6	down	__Tok	Y	5			23				
000255	ERASE	1	7	down	<i>	Y	3	Image of an eraser 	__r	23				
000255	RAYS	1	8	down	X-__	Y	4			23				
000255	S	1	5	down	Subway	Y	6			23				
000255	OSLO	3	5	down	Nordic capital	N	14			23				
000255	RATS	4	4	down	Gosh darn it 	N	13			23				
000255	ORCA	5	6	down	Killer whale 	N	13			23				
000255	CAT	6	3	down	Mouse catcher 	N	14			23				1
000255	ABS	6	8	down	Core muscles	Y	12			23				1
000255	AN	7	7	down	D__ce	N	5			23				1
000255	P	8	5	down	Path	N	4			23				1
000024	BATHTUB	2	1	across	<i>	Y	3	Image of a bathtub		24				
000024	AREA	3	1	across	Length x breadth	Y	16			24				
000024	NU	3	6	across	Neutron unit	N	12			24				
000024	L	4	1	across	Liter	Y	5			24				
000024	APRIL	4	3	across	__ Fools	N	8			24				
000024	LAMP	5	1	across	<i>	Y	3	Image of a lamp		24				
000024	QL	5	6	across	Queensland	N	10			24	y			
000024	IE	6	1	across	Import-Export	Y	13			24				
000024	YSU	6	4	across	Yanshan Univ.	N	13			24				
000024	SRY	7	1	across	Texter's sorry	Y	14			24				
000024	AEC	7	5	across	Gyn__ologist	N	12			24	y			
000024	TIDAL	8	1	across	__ wave	Y	7			24				
000024	U	8	7	across	Uranium	N	7			24				
000024	IA	9	1	across	International Airlines	Y	22			24				
000024	BOUT	9	4	across	Ring match	N	10			24				
000024	CLEANSE	10	1	across	Disinfect	Y	9			24	y			
000024	BALLISTIC	1	2	down	__ missile	Y	10			24	y			
000024	AR	1	3	down	<i>	Y	3	Image of a square	Text under the image: Squ__e	24				
000024	AERIAL	4	3	down	Sky view	N	8			24				
000024	TEAM	1	4	down	Squad	Y	5			24				
000024	YD	6	4	down	Yard	N	4			24				
000024	E	9	4	down	Error	N	5			24				
000024	HAPPY	1	5	down	<i>	Y	3	Emoji of a person smiling		24				
000024	ABA	7	5	down	__cus	N	5			24	y			
000024	T	1	6	down	<i>	Y	3	Image of a t-shirt		24				
000024	R	3	6	down	Radius 	N	7			24				
000024	SALON	5	6	down	Parlor	N	6			24				
000024	UNIQUE	1	7	down	Rare	Y	4			24				
000024	US	8	7	down	United States	N	13			24				
000024	BULL	1	8	down	Rodeo star	Y	10			24				
000024	CUTE	6	8	down	Adorable	Y	8			24				
000025	ASTOUND	2	1	across	Blow away	Y	9			25				
000025	LINE	3	1	across	<i>	Y	3	Image of a line		25				
000025	OR	3	6	across	Option word	N	11			25				
000025	LGS	4	1	across	Learning Game Software	Y	22			25				
000025	SSS	4	5	across	Sizzling sound	N	14			25				
000025	OM	5	1	across	Yoga chant	Y	10			25				
000025	STE	5	4	across	Toa__r	N	6			25				
000025	WASTE	6	1	across	Trash	Y	5			25				
000025	V	6	7	across	Versus	N	6			25				
000025	A	7	1	across	Adult	Y	5			25				
000025	LIMBO	7	3	across	Gray area	N	9			25				
000025	NEAT	8	1	across	Clean look	Y	10			25				
000025	IW	8	6	across	Infinity War	N	12			25				
000025	CUPCAKE	9	1	across	<i>	Y	3	Image of a cupcake		25				
000025	EX	10	1	across	Past partner	Y	12			25				
000025	HEEL	10	4	across	<i>	Y	3	Image of one of a pair of heels with an arrow pointing to the heel		25				
000025	ALLOWANCE	1	2	down	Pocket money	Y	12			25				
000025	SIGMA	1	3	down	<i>	Y	3	Image of the greek letter sigma		25				
000025	EUX	7	3	down	End User Exp	N	12			25				
000025	TNS	1	4	down	Trust and Safety	Y	16			25				
000025	SLAP	5	4	down	Smack	N	5			25				
000025	OE	1	5	down	Optical engine	Y	14			25				
000025	STITCH	4	5	down	Sew	N	3			25				
000025	U	1	6	down	Unitary	Y	7			25				
000025	STEM	3	6	down	Plant part	N	10			25				
000025	AE	8	6	down	Atomic energy	N	13			25				
000025	NOSE	1	7	down	<i>	Y	3	Image of a nose		25				
000025	BIKE	6	7	down	Two wheeler	N	11			25				
000025	DRS	1	8	down	<i>	Y	3	Image of a doctor in scrubs and a coat		25				
000025	VOWEL	5	8	down	A, E, I, O, U	Y	13			25				
000026	ANATOMY	2	1	across	Study of the body	Y	17			26				
000026	NODE	3	1	across	Lymph __	Y	8			26				
000026	UO	3	6	across	Q__te	N	5			26				
000026	CBS	4	1	across	TV network	Y	10			26				
000026	BLU	4	5	across	__-ray disc	N	11			26				
000026	EL	5	1	across	<i>	Y	3	Image of a metal being welded	W__d	26				
000026	RAE	5	4	across	Norma __	N	8			26				
000026	SEDAN	6	1	across	Family car	Y	10			26				
000026	T	6	7	across	After S	N	7			26				
000026	T	7	1	across	Tornado	Y	7			26				
000026	ANKLE	7	3	across	Foot part	N	9			26				
000026	RISK	8	1	across	Danger	Y	6			26				
000026	ON	8	6	across	Old Navy	N	8			26				
000026	ATHEIST	9	1	across	Non-believer	Y	12			26				
000026	LS	10	1	across	Levi Strauss	Y	12			26				
000026	DISH	10	4	across	<i>	Y	3	Image of a satellite dish		26				
000026	ANCESTRAL	1	2	down	Hereditary	Y	10			26				
000026	NOBLE	1	3	down	Aristocratic	Y	12			26				
000026	ITS	7	3	down	I of TGIF	N	9			26				
000026	ADS	1	4	down	Commercials	Y	11			26				
000026	DASH	5	4	down	Morse code bit	N	14			26				
000026	TE	1	5	down	<i>	Y	3	Image of a tent	__nt	26				
000026	RANKED	4	5	down	Graded	N	6			26				
000026	O	1	6	down	Opportunity	Y	11			26				
000026	BANK	3	6	down	River edge	N	10			26				
000026	II	8	6	down	Two, in Rome	N	12			26				
000026	MULE	1	7	down	<i>	Y	3	Image of a mule		26				
000026	LOSS	6	7	down	Not a gain	N	10			26				
000026	YOU	1	8	down	Not me	Y	6			26				
000026	TENTH	5	8	down	Ninth follower	Y	14			26				
000256	BRAVERY	2	1	across	Heroic quality	Y	14			27				
000256	ROB	3	1	across	Steal	Y	5			27				
000256	ROO	3	5	across	Aussie jumper	N	13			27				
000256	AS	4	1	across	Like	Y	4			27				
000256	SAUD	4	4	across	__i Arabia	N	10			27				
000256	CENT	5	1	across	<i>	Y	3	Image of a cent coin 		27				
000256	NA	5	6	across	Not applicable	N	14			27				
000256	ARID	6	3	across	Desert-like	N	11			27				
000256	E	6	1	across	_agle	Y	5			27				
000256	LEMON	7	1	across	<i>	Y	3	Image of a lemon 		27				
000256	G	7	7	across	_olf club	N	9			27				
000256	EVE	8	1	across	L__l	Y	4			27				
000256	FLY	8	5	across	Soar	N	4			27				
000256	TA	9	1	across	__ste 	Y	6			27				
000256	FOAM	9	4	across	Sudsy stuff	Y	11			27				
000256	BRACELET	1	2	down	<i>	Y	3	Image of a bracelet 		27				
000256	ROSE	1	3	down	<i>	Y	3	Image of a rose 		27				
000256	AB	1	4	down	__le 	Y	5			27				
000256	ERA	1	6	down	Time span	Y	9			27				
000256	ROUND	1	7	down	Circular 	Y	9			27				
000256	YODA	1	8	down	<i>	Y	3	Image of baby yoda 		27				
000256	V	1	5	down	Vanadium	Y	8			27				
000256	STRO	3	5	down	A__naut 	N	8			27				
000256	NAME	4	4	down	Label	N	5			27				
000256	INFO	5	6	down	Data	N	4			27				
000256	EVA	6	3	down	Actress Longoria	N	16			27				1
000256	GYM	6	8	down	Workout place	Y	13			27				1
000256	LA	7	7	down	So's follower	N	13			27				1
000256	F	8	5	down	First	N	5			27				1
000028	TANGLED	2	1	across	Disney film	Y	11			28				
000028	HUT	3	1	across	<i>	Y	3	Image of a hut		28				
000028	UNE	3	5	across	French one	N	10			28				
000028	ER	4	1	across	Emergency Room	Y	14			28				
000028	MITT	4	4	across	Baseball glove	N	14			28				
000028	RACE	5	1	across	<i>	Y	3	Image of a race track with two athletes running, one behind the other		28				
000028	RE	5	6	across	Og__	N	4			28				
000028	A	6	1	across	First letter	Y	12			28				
000028	AMBER	6	3	across	Resin	N	5			28				
000028	PAROLE	7	1	across	Early exit	Y	10			28				
000028	INDIE	8	1	across	Artsy film	Y	10			28				
000028	O	8	7	across	Hoop shape	N	10			28				
000028	ST	9	1	across	<i>	Y	3	Image of a staircase	Text under the image: __airs	28				
000028	REAR	9	4	across	Back end	N	8			28				
000028	TIT	10	1	across	__ for tat	Y	10			28				
000028	DAR	10	5	across	__ling	Y	6			28				
000028	THERAPIST	1	2	down	Shrink	Y	6			28				
000028	AURA	1	3	down	Surrounding radiance	Y	20			28				
000028	ANTI	6	3	down	Against	N	7			28				
000028	NT	1	4	down	<i>	Y	3	Image of an ant	Text under the image: A__	28		Changed text		
000028	CARD	4	4	down	Deck item	N	9			28				
000028	T	9	4	down	Transistor	N	10			28				
000028	G	1	5	down	Grand 	Y	6			28				
000028	MEMOIR	3	5	down	Life tale	N	9			28				
000028	LUI	1	6	down	B__sh-green	Y	11			28				
000028	BLEED	5	6	down	Lose blood	N	10			28				
000028	ENTREE	1	7	down	Main course	Y	11			28				
000028	AA	8	7	down	Amino Acid	N	10			28				
000028	DETER	1	8	down	Frighten off	Y	12			28				
000028	ORR	7	8	down	Hockey's Bobby	Y	14			28				
000029	DEPRESS	2	1	across	Make sad	Y	8			29				
000029	ICY	3	1	across	Very cold	Y	9			29				
000029	BAT	3	5	across	Baseball club	N	13			29				
000029	SH	4	1	across	<i>	Y	3	Image of a sheep	Text under the image: __eep	29				
000029	ABLE	4	4	across	Capable	N	7			29				
000029	COMP	5	1	across	<i>	Y	3	Image of a computer	Text under the image: __uter	29		Changed text		
000029	MR	5	6	across	Mister	N	6			29				
000029	O	6	1	across	October	Y	7			29				
000029	APRON	6	3	across	Chef's wear	N	11			29				
000029	UNSEEN	7	1	across	Hidden	Y	6			29				
000029	REHAB	8	1	across	Postop therapy	Y	14			29				
000029	I	8	7	across	Information	N	11			29				
000029	SX	9	1	across	<i>	Y	3	Image of six bowling pins	Text under the image: _i_	29				
000029	RENT	9	4	across	Lease	N	5			29				
000029	ETC	10	1	across	Et cetera	Y	9			29				
000029	LAN	10	5	across	Local area network	Y	18			29				
000029	DISCOURSE	1	2	down	Talk	Y	4			29				
000029	ECHO	1	3	down	Reverb	Y	6			29				
000029	NEXT	6	3	down	Coming up	N	9			29				
000029	PY	1	4	down	<i>	Y	3	Image of a vintage floppy disk	Text under the image: Flop__ disk	29				
000029	MASH	4	4	down	Crush	N	5			29				
000029	C	9	4	down	Carbon	N	6			29				
000029	R	1	5	down	Revolution	Y	10			29				
000029	APPEAR	3	5	down	Emerge	N	6			29				
000029	EBB	1	6	down	Flow back	Y	9			29				
000029	REBEL	5	6	down	Disobedient	N	11			29				
000029	SALMON	1	7	down	<i>	Y	3	Image of a salmon-colored dress	Text under the image: __ color	29				
000029	NA	8	7	down	Not applicable	N	14			29				
000029	STERN	1	8	down	Ship's aft	Y	10			29				
000029	ITN	7	8	down	In the news	Y	11			29				
000030	CARDIAC	2	1	across	Heart-related	Y	13			30				
000030	RULE	3	1	across	King's edict	Y	12			30				
000030	NU	3	6	across	Numerical Unit	N	14			30				
000030	OD	4	1	across	Optical Density	Y	15			30				
000030	NEST	4	4	across	Bird's home	N	11			30				
000030	SIFT	5	1	across	<i>	Y	3	Image of a hand-held sand sifter with sieve	Text under the image: __er	30				
000030	WE	5	6	across	You and I	N	9			30				
000030	SOLACE	6	1	across	Comfort	Y	7			30				
000030	O	7	1	across	Official	Y	8			30				
000030	ALARM	7	3	across	Alert	N	5			30				
000030	VAR	8	1	across	__nish	Y	6			30				
000030	TIA	8	5	across	Spanish aunt	N	12			30				
000030	ELEMENT	9	1	across	Periodic-table entry	Y	20			30				
000030	RY	10	1	across	<i>	Y	3	Image of a berry	text under the image: Ber__	30				
000030	URGE	10	4	across	Push	Y	4			30				
000030	CROSSOVER	1	2	down	Genre mix	Y	9			30				
000030	AUDIO	1	3	down	<i>	Y	3	Image of the audio symbol		30				
000030	ALY	7	3	down	An__ze	N	6			30				
000030	RL	1	4	down	<i>	Y	3	Image of a girl	Gi__	30				
000030	FLARE	4	4	down	Solar burst	N	11			30				
000030	DENTAL	1	5	down	Oral care	Y	9			30				
000030	MU	8	5	down	Memory Unit	N	11			30				
000030	I	1	6	down	Instant	Y	7			30				
000030	E	3	6	down	Earth	N	5			30				
000030	CATER	5	6	down	Food prep	N	9			30				
000030	ANSWERING	1	7	down	Responding	Y	10			30				
000030	CUTE	1	8	down	Baby-faced	Y	10			30				
000030	MATE	6	8	down	Pal	Y	3			30				
000257	MAMMOTH	2	1	across	<i>	Y	3	Image of a mammoth		31				
000257	ALE	3	1	across	India pale __	Y	13			31				
000257	PRO	3	5	across	Expert	N	6			31				
000257	TM	4	1	across	Too much	Y	8			31				
000257	STIR	4	4	across	Mix a drink	N	11			31				
000257	CAMP	5	1	across	<i>	Y	3	Image of a campfire 	__FIRE	31				
000257	PN	5	6	across	Pin Number	N	10			31				
000257	OOPS	6	3	across	My bad!	N	7			31				
000257	H	6	1	across	Home	Y	4			31				
000257	BOOTH	7	1	across	<i>	Y	3	Image of a telephone booth		31				
000257	H	7	7	across	Half	N	4			31				
000257	OLD	8	1	across	Not new	Y	7			31				
000257	DUO	8	5	across	Group of two	N	12			31				
000257	XA	9	1	across	E__ggerated	Y	11			31				
000257	ISLE	9	4	across	Small island	Y	12			31				
000257	MATCHBOX	1	2	down	<i>	Y	3	Image of a matchbox		31				
000257	ALMA	1	3	down	__ Mater	Y	8			31				
000257	ME	1	4	down	__, myself & I 	Y	15			31				
000257	OPT	1	6	down	Choose	Y	6			31				
000257	TRIPS	1	7	down	Stumbles	Y	8			31				
000257	HORN	1	8	down	Rhinoceros feature	Y	18			31				
000257	M	1	5	down	Machine	Y	7			31				
000257	SPOT	3	5	down	Polka dot	N	9			31				
000257	MOOD	4	4	down	Emotion	N	7			31				
000257	PHDS	5	6	down	Prof's degrees	N	14			31				
000257	OLA	6	3	down	Cray__	N	6			31				1
000257	HOE	6	8	down	<i>	Y	3	Image of a hoe being used to till the soil		31				1
000257	UL	7	7	down	Catap__t	N	8			31				1
000257	I	8	5	down	_mportant	N	9			31				1
000032	IMPEACH	2	1	across	Accuse	Y	6			32				
000032	NY	3	1	across	New York	Y	8			32				
000032	SURE	3	4	across	Absolutely!	N	11			32				
000032	TAL	4	1	across	<i>	Y	3	Image of a bird's talon	__on	32				
000032	NEA	4	5	across	Pi__pple	N	8			32				
000032	E	5	1	across	Empire	Y	6			32				
000032	ALTER	5	3	across	Modify	N	6			32				
000032	RAVE	6	1	across	Go gaga	Y	7			32				
000032	PT	6	6	across	Pacific Time	N	12			32				
000032	SLANG	7	1	across	Jargon	Y	6			32				
000032	F	7	7	across	Feather	N	7			32				
000032	EG	8	1	across	<i>	Y	3	Image of a table with an arrow pointing at the legs	L__s	32				
000032	DIRE	8	4	across	Desperate	N	9			32				
000032	CAREFUL	9	1	across	Cautious	Y	8			32				
000032	TEAR	10	1	across	Eye drop	Y	8			32				
000032	GT	10	6	across	Georgia Tech	Y	12			32				
000032	INTERSECT	1	2	down	Cut across	Y	10			32				
000032	MYA	1	3	down	__nmar	Y	6			32				
000032	ALGAE	5	3	down	Pond buildup	N	12			32				
000032	P	1	4	down	Parade	Y	6			32				
000032	LAVA	3	4	down	Volcano output	N	14			32				
000032	RA	8	4	down	Right Angle	N	11			32				
000032	ES	1	5	down	<i>	Y	3	Image of a jester	J__ter	32				
000032	LENDER	4	5	down	Credit source	N	13			32				
000032	AUNT	1	6	down	Mom's sis	Y	9			32				
000032	GIF	6	6	down	Animated pic	N	12			32				
000032	CREEP	1	7	down	<i>	Y	3	Image of a creeper plant	__er	32				
000032	RUG	7	7	down	Floor cover	N	11			32				
000032	HEARTFELT	1	8	down	Sincere	Y	7			32				
000033	CRUMBLE	2	1	across	Cookie mess	Y	11			33				
000033	HA	3	1	across	Hyaluronic Acid	Y	15			33				
000033	HOAX	3	4	across	Deception	N	9			33				
000033	RIB	4	1	across	<i>	Y	3	Image of a rib cage 	__ cage	33				
000033	OST	4	5	across	Fr__ing	N	7			33				
000033	I	5	1	across	Island	Y	6			33				
000033	EATER	5	3	across	Picky __	N	8			33				
000033	STAR	6	1	across	<i>	Y	3	Image of a star		33				
000033	RE	6	6	across	Real Estate	N	11			33				
000033	THUMP	7	1	across	Drum sound	Y	10			33				
000033	M	7	7	across	Mermaid	N	7			33				
000033	ME	8	1	across	Pronoun for self	Y	16			33				
000033	POLE	8	4	across	Global extreme	N	14			33				
000033	ARRIVAL	9	1	across	A of ETA	Y	8			33				
000033	SEAT	10	1	across	<i>	Y	3	Image of a seat, like in a bus		33				
000033	DY	10	6	across	Trage__	Y	7			33				
000033	CHRISTMAS	1	2	down	<i>	Y	3	Image of a christmas tree	Merry __	33				
000033	RAI	1	3	down	__ny day	Y	8			33				
000033	THERE	5	3	down	Not here	N	8			33				
000033	U	1	4	down	Unicorn	Y	7			33				
000033	BEAU	3	4	down	Male admirer	N	12			33				
000033	RA	8	4	down	Airc__ft	N	8			33				
000033	MH	1	5	down	Marketing Head	Y	14			33				
000033	ARMPIT	4	5	down	Deodorant spot	N	14			33				
000033	BOOT	1	6	down	<i>	Y	3	Image of a single boot		33				
000033	POV	6	6	down	Point Of View	N	13			33				
000033	LASER	1	7	down	Tattoo remover	Y	14			33				
000033	LAD	7	7	down	Scottish boy	N	12			33				
000033	EXTREMELY	1	8	down	Very	Y	4			33				
000034	SETTLER	2	1	across	Catan player	Y	12			34	y			
000034	THAI	3	1	across	SE Asian country	Y	16			34				
000034	NU	3	6	across	Me__	N	4			34				
000034	A	4	1	across	Association	Y	11			34				
000034	PRESS	4	3	across	Squeeze	N	7			34				
000034	TREE	5	1	across	<i>	Y	3	Image of a tree		34				
000034	UT	5	6	across	__ah, USA	N	9			34				
000034	IA	6	1	across	Internal Audit	Y	14			34				
000034	DSR	6	4	across	Data Set Ready	N	14			34				
000034	STY	7	1	across	Pig home	Y	8			34				
000034	PED	7	5	across	Pedestrian	N	10			34	y			
000034	THOSE	8	1	across	Not this	Y	8			34				
000034	IE	9	1	across	Internet Explorer	Y	17			34				
000034	U	8	7	across	You, in text	N	12			34				
000034	EARN	9	4	across	Make money	N	10			34				
000034	CRACKLE	10	1	across	Frizzle	Y	7			34	y			
000034	STATISTIC	1	2	down	<i>	Y	3	Image of a graph	Text on the right of the image: __s	34	y			
000034	EH	1	3	down	B__ave	Y	6			34				
000034	RATHER	4	3	down	Instead	N	7			34				
000034	TAPE	1	4	down	<i>	Y	3	Image of a roll of tape		34				
000034	YO	6	4	down	Hi there!	N	9			34				
000034	A	9	4	down	First letter	N	12			34				
000034	TIRED	1	5	down	Fatigued	Y	8			34	y			
000034	SEC	7	5	down	Minute part	N	11			34				
000034	L	1	6	down	<i>	Y	3	Image of an apple	Text under the image: App_e	34				
000034	E	3	6	down	Energy	N	6			34				
000034	SPEAK	5	6	down	Talk	N	4			34				
000034	ENSURE	1	7	down	Guarantee	Y	9			34	y			
000034	RL	8	7	down	Real life	N	9			34				
000034	RUST	1	8	down	Corrode	Y	7			34				
000034	DUNE	6	8	down	<i>	Y	3	Image of a sand dune	Text on the left of the image: Sand __	34		blank was single		
000258	ACROBAT	2	1	across	<i>	Y	3	Image of an acrobat		35				
000258	LAB	3	1	across	Science room	Y	12			35				
000258	ONE	3	5	across	Solo	N	4			35				
000258	PM	4	1	across	Prime Minister	Y	14			35				
000258	LOGS	4	4	across	Records	N	7			35				
000258	HIKE	5	1	across	<i>	Y	3	Image of a person on a hike		35				
000258	LT	5	6	across	Local Time	N	10			35				
000258	NINE	6	3	across	Three squared	N	13			35				
000258	A	6	1	across	Appropriate	Y	11			35				
000258	BREAD	7	1	across	<i>	Y	3	Image of a loaf of bread		35				
000258	P	7	7	across	_otato	N	6			35				
000258	EYE	8	1	across	Potato bud	Y	10			35				
000258	ACE	8	5	across	Super serve	N	11			35				
000258	TE	9	1	across	__xtile	Y	7			35				
000258	ASIA	9	4	across	Largest continent	Y	17			35				
000258	ALPHABET	1	2	down	A-to-Z	Y	6			35				
000258	CAMI	1	3	down	__sole	Y	6			35				
000258	RB	1	4	down	Root Beer	Y	9			35				
000258	BOO	1	6	down	Ghost's shout	Y	13			35				
000258	ANGLE	1	7	down	<i>	Y	3	Image of a rectangle	RECT__	35				
000258	TEST	1	8	down	Exam	Y	4			35				
000258	O	1	5	down	Orange	Y	6			35				
000258	LEIA	3	5	down	Star Wars princess	N	18			35				
000258	KNEE	4	4	down	Leg joint	N	9			35				
000258	NDAS	5	6	down	Secrecy pacts	N	13			35				
000258	RYE	6	3	down	Deli bread	N	10			35				1
000258	PEA	6	8	down	<i>	Y	3	Image of a pea in a pod		35				1
000258	CI	7	7	down	Cast Iron	N	9			35				1
000258	A	8	5	down	_postle	N	7			35				1
000036	PHARAOH	2	1	across	<i>	Y	3	Image of an Egyptian Pharaoh		36				
000036	ROLE	3	1	across	Actor's part	Y	12			36				
000036	FE	3	6	across	Iron	N	4			36				
000036	AN	4	1	across	Article	Y	7			36				
000036	SAFE	4	4	across	Not risky	N	9			36				
000036	COPE	5	1	across	Deal with	Y	9			36				
000036	SL	5	6	across	Soft Light	N	10			36				
000036	TRANCE	6	1	across	Dream state	Y	11			36				
000036	I	7	1	across	Industry	Y	8			36				
000036	STRAP	7	3	across	Bag part	N	8			36				
000036	CAT	8	1	across	<i>	Y	3	Image of a cat		36				
000036	USA	8	5	across	Mexico's neighbor	N	17			36				
000036	ABANDON	9	1	across	Forsake	Y	7			36				
000036	LS	10	1	across	Light Source	Y	12			36				
000036	CENT	10	4	across	<i>	Y	3	Image of a US penny or one cent coin		36				
000036	PRACTICAL	1	2	down	Hands-on	Y	8			36				
000036	HONOR	1	3	down	Respect	Y	7			36				
000036	ABS	7	3	down	Crunch muscles	N	14			36				
000036	AL	1	4	down	__ Pacino	Y	9			36				
000036	PASTA	4	4	down	Spaghetti dish	N	14			36				
000036	RESENT	1	5	down	Hold grudge	Y	11			36				
000036	NC	8	5	down	North Carolina	N	14			36				
000036	A	1	6	down	Average	Y	7			36				
000036	A	3	6	down	Lo_the	N	6			36				
000036	CRUDE	5	6	down	Not refined	N	11			36				
000036	OFFSEASON	1	7	down	Downtime	Y	8			36				
000036	HEEL	1	8	down	<i>	Y	3	Image of a foot with an arrow pointing at the heel		36				
000036	PANT	6	8	down	<i>	Y	3	Image of a pair of pants		36		need 1 pant image		
000037	ANGULAR	2	1	across	<i>	Y	3	Image of angular brackets	__ brackets	37				
000037	TV	3	1	across	<i>	Y	3	Image of a TV set		37				
000037	RISE	3	4	across	__ and shine	N	12			37				
000037	TAS	4	1	across	Professor's helpers	Y	19			37				
000037	VII	4	5	across	Seven in Rome	N	13			37				
000037	E	5	1	across	Eclipse	Y	7			37				
000037	OCEAN	5	3	across	Mermaid's home	N	14			37				
000037	MEAL	6	1	across	<i>	Y	3	Image of an oatmeal dish	Oat__	37				
000037	NF	6	6	across	Non-Fiction	N	11			37				
000037	PAPAL	7	1	across	Vatican-related	Y	15			37				
000037	O	7	7	across	Orbit	N	5			37				
000037	TG	8	1	across	Ou__row	Y	7			37				
000037	SOUR	8	4	across	Sweet and __	N	12			37				
000037	ELASTIC	9	1	across	Stretchy	Y	8			37				
000037	DENY	10	1	across	Refuse	Y	6			37				
000037	CE	10	6	across	<i>	Y	3	Image of a glass of juice	Jui__	37				
000037	ATTEMPTED	1	2	down	Tried	Y	5			37				
000037	NVA	1	3	down	No Visitors Allowed	Y	19			37				
000037	EAGLE	5	3	down	America's bird	N	14			37				
000037	G	1	4	down	After F	Y	7			37				
000037	SOAP	3	4	down	__ opera	N	8			37				
000037	AN	8	4	down	Account Number	N	14			37				
000037	UR	1	5	down	<i>	Y	3	Image of a church from the outside	Ch__ch	37				
000037	CLASSY	4	5	down	Elegant	N	7			37				
000037	LIVE	1	6	down	Saturday Night __	Y	17			37				
000037	LOT	6	6	down	Parking area	N	12			37				
000037	ASIAN	1	7	down	Indian or Chinese	Y	17			37				
000037	UIC	7	7	down	Q__k	N	4			37				
000037	REINFORCE	1	8	down	Strengthen	Y	10			37				
000038	PRIVACY	2	1	across	Confidentiality	Y	15			38				
000038	RIZ	3	1	across	<i>	Y	3	Image of a girl holding a trophy	Text under the image: P__e	38				
000038	WOU	3	5	across	Web Opts Unit	N	13			38				
000038	OC	4	1	across	Of course	Y	9			38				
000038	SLUM	4	4	across	Shanty area	N	11			38	y			
000038	THRU	5	1	across	Drive __	Y	8			38	y			
000038	GM	5	6	across	Good morning	N	12			38				
000038	E	6	1	across	<i>	Y	3	Image of a drone	Text under the image: Dron_	38				
000038	ARRAY	6	3	across	Range	N	5			38				
000038	CONFER	7	1	across	Award	Y	5			38	y			
000038	TOKEN	8	1	across	Game piece	Y	10			38				
000038	X	8	7	across	Graph axis	N	10			38				
000038	EP	9	1	across	Emergency Plan	Y	14			38				
000038	READ	9	4	across	Scan a code	N	11			38				
000038	DSW	10	1	across	Dust Storm Warning	Y	18			38				
000038	WAR	10	5	across	Conflict	Y	8			38				
000038	PROTECTED	1	2	down	Safe	Y	4			38	y			
000038	RICH	1	3	down	<i>	Y	3	Image of a man holding a lot of money		38				
000038	OOPS	6	3	down	My bad	N	6			38				
000038	IZ	1	4	down	<i>	Y	3	Image of a lizard	Text under the image: L__ard	38				
000038	RANK	4	4	down	Standing	N	8			38				
000038	W	9	4	down	Width	N	5			38				
000038	V	1	5	down	<i>	Y	3	Image of a V-neck top	Text under the image: _-neck	38				
000038	SURFER	3	5	down	Wave fan	N	8			38	y			
000038	AWL	1	6	down	Punch tool	Y	10			38				
000038	RENEW	5	6	down	Update	N	6			38				
000038	COUGAR	1	7	down	<i>	Y	3	Image of a cougar		38				
000038	AA	8	7	down	Associate Analyst	N	17			38				
000038	YUMMY	1	8	down	Mmm ...	Y	7			38				
000038	XDR	7	8	down	Extreme Data Rate	Y	17			38	y			
000039	COMPASS	2	1	across	<i>	Y	3	Image of a compass		39				
000039	ODOR	3	1	across	Smell	Y	5			39				
000039	AT	3	6	across	@	N	1			39				
000039	N	4	1	across	No	Y	2			39				
000039	AISLE	4	3	across	Path	N	4			39	y			
000039	SYNC	5	1	across	<i>	Y	3	Image of a music note	Text on the left of the image: N __ 	39				
000039	IW	5	6	across	Internal Wire	N	13			39				
000039	EA	6	1	across	Electronic Arts	Y	15			39				
000039	ESV	6	4	across	End-systolic volume	N	19			39	y			
000039	NNW	7	1	across	North North West	Y	16			39				
000039	CAW	7	5	across	Crow call	N	9			39				
000039	SKATE	8	1	across	<i>	Y	3	Image of a single ice skate	Text on the left of the image: Ice __ 	39				
000039	A	8	7	across	_ for Apple	N	11			39				
000039	UE	9	1	across	Cl__	Y	4			39				
000039	ANTI	9	4	across	Oppose	N	6			39				
000039	SEGMENT	10	1	across	Part of	Y	7			39				
000039	CONSENSUS	1	2	down	Concordance	Y	11			39	y			
000039	OD	1	3	down	Once daily	Y	10			39				
000039	YANKEE	4	3	down	NATO Y	N	6			39	y			
000039	MOAN	1	4	down	Soft cry	Y	8			39				
000039	WA	6	4	down	Seattle state	N	13			39				
000039	G	9	4	down	Generation	N	10			39				
000039	PRICE	1	5	down	<i>	Y	3	Image of a price tag with $$ on it		39				
000039	TAM	7	5	down	__ o'shanter	N	12			39				
000039	A	1	6	down	Analytics	Y	9			39				
000039	S	3	6	down	Road curve	N	10			39				
000039	SCENE	5	6	down	Site	N	4			39				
000039	SALIVA	1	7	down	Drool	Y	5			39	y			
000039	TN	8	7	down	Tennessee	N	9			39				
000039	STEW	1	8	down	Soup	Y	4			39				
000039	WAIT	6	8	down	<i>	Y	3	Image of a hand held out indicating wait		39				
000040	PARSLEY	2	1	across	<i>	Y	3	Image of a parsley bunch		40				
000040	RUE	3	1	across	Regret	Y	6			40				
000040	MAI	3	5	across	__ Tai	N	6			40	y			
000040	ER	4	1	across	<i>	Y	3	Image of a camera	Text under the image: Cam__a	40				
000040	MARE	4	4	across	Female horse	N	12			40				
000040	CARE	5	1	across	Worry	Y	5			40				
000040	NL	5	6	across	Next Level	N	10			40				
000040	U	6	1	across	_-turn	Y	6			40				
000040	ARMED	6	3	across	Equipped	N	8			40				
000040	RAGGED	7	1	across	Worn out	Y	8			40	y			
000040	SHEET	8	1	across	<i>	Y	3	Image of a sheet of paper		40				
000040	A	8	7	across	Before B	N	8			40				
000040	OE	9	1	across	<i>	Y	3	Image of a canoe	Text under the image: Can__	40				
000040	REAR	9	4	across	Back part	N	9			40				
000040	RMY	10	1	across	Raw material yard	Y	17			40	y			
000040	REP	10	5	across	Reputation	Y	10			40				
000040	PRECURSOR	1	2	down	Antecedent	Y	10			40	y			
000040	AURA	1	3	down	Mystic air	Y	10			40				
000040	AHEM	6	3	down	Polite nudge	N	12			40				
000040	RE	1	4	down	Prefix for "again"	Y	18			40				
000040	RAGE	4	4	down	Fury	N	4			40				
000040	Y	9	4	down	After X	N	7			40				
000040	S	1	5	down	Service	Y	7			40				
000040	MERGER	3	5	down	Fusion	N	6			40	y			
000040	LMA	1	6	down	Labor Market Analysis	Y	21			40				
000040	METER	5	6	down	Gauge	N	5			40				
000040	EARNED	1	7	down	Gained	Y	6			40				
000040	AE	8	7	down	Annual Event	N	12			40				
000040	YIELD	1	8	down	Produce	Y	7			40	y			
000040	ARP	7	8	down	<i>	Y	3	Image of a knife	Text under the image: Sh__	40				
000041	EMPEROR	2	1	across	Largest penguin	Y	15			41				
000041	ST	3	1	across	__reet	Y	6			41				
000041	CAFE	3	4	across	Coffee spot	N	11			41				
000041	TAD	4	1	across	Little bit	Y	10			41				
000041	SFC	4	5	across	San Francisco	N	13			41				
000041	A	5	1	across	First letter	Y	12			41				
000041	USHER	5	3	across	Theater guide	N	13			41				
000041	BREW	6	1	across	<i>	Y	3	Image of a glass of cold brew coffee	Cold __	41				
000041	RU	6	6	across	F__it	N	5			41				
000041	LOSER	7	1	across	Sad sack	Y	8			41				
000041	I	7	7	across	Incognito	N	9			41				
000041	ID	8	1	across	Identity Doc.	Y	13			41				
000041	ROUT	8	4	across	Sp__	N	4			41				
000041	SERVICE	9	1	across	Customer __	Y	11			41				
000041	HOLE	10	1	across	<i>	Y	3	Image of a golf hole		41				
000041	SR	10	6	across	Street Racing	Y	13			41				
000041	ESTABLISH	1	2	down	Set up	Y	6			41				
000041	MTA	1	3	down	Meet The Author	Y	15			41				
000041	RODEO	5	3	down	Cowboy contest	N	14			41				
000041	P	1	4	down	Pigeon	Y	6			41				
000041	DUES	3	4	down	Club fees	N	9			41				
000041	RL	8	4	down	Retro Look	N	10			41				
000041	EC	1	5	down	Mol__ule	Y	8			41				
000041	SWERVE	4	5	down	Veer	N	4			41				
000041	RASH	1	6	down	<i>	Y	3	Image of a kid scratching a rash on their hand		41				
000041	ROI	6	6	down	He__ne	N	6			41				
000041	OFFER	1	7	down	<i>	Y	3	Image of a store sign that says "50% OFF"		41				
000041	UCS	7	7	down	Unit Cell Size	N	14			41				
000041	RECRUITER	1	8	down	Hiring person	Y	13			41				
000042	Assured	2	1	across	Guaranteed	Y	10			42				
000042	GLEE	3	1	across	Joy	Y	3			42				
000042	AA	3	6	across	Battery size	N	12			42				
000042	GEM	4	1	across	<i>	Y	3	Image of a gemstone like ruby		42				
000042	SSA	4	5	across	SSN issuer	N	10			42				
000042	RE	5	1	across	P__judice	Y	9			42				
000042	SHE	5	4	across	Not he	N	6			42				
000042	APPLE	6	1	across	<i>	Y	3	Image of an apple		42				
000042	M	6	7	across	Minute	N	6			42				
000042	V	7	1	across	Vanadium	Y	8			42				
000042	AUDIO	7	3	across	A of AV	N	7			42				
000042	AMID	8	1	across	In the midst of	Y	15			42				
000042	TO	8	6	across	Toward	N	6			42				
000042	TANGLED	9	1	across	<i>	Y	3	Image of tangled wires		42				
000042	EZ	10	1	across	Electronic zone	Y	15			42				
000042	EMMY	10	4	across	<i>	Y	3	Image of an emmy trophy		42				
000042	AGGRAVATE	1	2	down	Make worse	Y	10			42				
000042	SLEEP	1	3	down	<i>	Y	3	Image of a person in bed		42				
000042	MAZ	7	3	down	A__ing Spiderman	N	16			42				
000042	SEM	1	4	down	College period	Y	14			42				
000042	PAIN	5	4	down	Ache	N	4			42				
000042	UE	1	5	down	User Equipment	Y	14			42				
000042	SLUDGE	4	5	down	Thick Mud	N	9			42				
000042	R	1	6	down	Resistance	Y	10			42				
000042	SHED	3	6	down	Tool hut	N	8			42				
000042	LM	8	6	down	Light meter	N	11			42				
000042	EASE	1	7	down	Calm	Y	4			42				
000042	ITEM	6	7	down	List part	N	9			42				
000042	DAA	1	8	down	Don't ask again	Y	15			42				
000042	MOODY	5	8	down	Temperamental	Y	13			42				
000043	SCRATCH	2	1	across	Cancel	Y	6			43				
000043	IRON	3	1	across	<i>	Y	3	Image of the iron man mask 	__ Man	43				
000043	OO	3	6	across	Br__d	N	5			43				
000043	MINERAL	4	1	across	Kind of deposit	Y	15			43				
000043	IS	5	1	across	Image Size 	Y	11			43				
000043	WAS	5	4	across	Used to be	N	10			43				
000043	LIS	6	1	across	Lost In Space	Y	13			43				
000043	DTS	6	5	across	Direct To Site	N	14			43				
000043	ASPHALT	7	1	across	Paving material	Y	15			43				
000043	R	8	1	across	Radiance	Y	8			43				
000043	EERIE	8	3	across	Spooky	N	6			43				
000043	LACE	9	1	across	<i>	Y	3	Image of lace fabric		43				
000043	NE	9	6	across	New England	N	11			43				
000043	YZ	10	1	across	Anal__e	Y	7			43				
000043	DUEL	10	4	across	<i>	Y	3	Image of two people duelling		43				
000043	SIMILARLY	1	2	down	Likewise	Y	8			43				
000043	CRISIS	1	3	down	Dangerous situation	Y	19			43				
000043	AZ	8	3	down	Absolute Zero	N	13			43				
000043	RON	1	4	down	Harry Potter's friend	Y	21			43				
000043	SPEC	5	4	down	Small detail	N	12			43				
000043	ANEW	1	5	down	From square one	Y	15			43				
000043	HEED	6	5	down	Obey	N	4			43				
000043	T	1	6	down	Triumph	Y	7			43				
000043	RADAR	3	6	down	Plane tracker	N	13			43				
000043	U	9	6	down	Unity	N	5			43				
000043	COASTLINE	1	7	down	<i>	Y	3	Image of the map of USA with a highlighted coastline		43				
000043	HOL	1	8	down	Hands On Learning	Y	17			43				
000043	STEEL	5	8	down	Stainless __	Y	12			43				
000044	STICKER	2	1	across	<i>	Y	3	Image of a laptop with a sticker on it, with an arrow pointing to the sticker		44				
000044	UZ	3	1	across	P__zle	Y	6			44				
000044	RIPE	3	4	across	Juicy fruit	N	11			44				
000044	REPEL	4	1	across	Drive off	Y	9			44				
000044	Y	4	7	across	Yardstick 	N	10			44				
000044	P	5	1	across	_interest app	Y	13			44				
000044	HALF	5	3	across	50%	N	3			44				
000044	RAFT	6	1	across	<i>	Y	3	Image of a raft		44				
000044	UC	6	6	across	University code	N	15			44				
000044	IV	7	1	across	Intravenous	Y	11			44				
000044	UGLY	7	4	across	Hideous	N	7			44				
000044	SCARE	8	1	across	Boo!	Y	4			44				
000044	C	8	7	across	3rd in ABC	N	10			44				
000044	E	9	1	across	Engineering	Y	11			44				
000044	PERIL	9	3	across	Danger	N	6			44				
000044	DZI	10	1	across	<i>	Y	3	Image of a dzi bead 	Text under the image: __ bead	44				
000044	MWE	10	5	across	Milwaukee	Y	9			44				
000044	SURPRISED	1	2	down	<i>	Y	3	Image of a surprised emoji face		44				
000044	TZE	1	3	down	Total zero emission	Y	19			44				
000044	AVC	5	3	down	Adv. video coding	N	17			44				
000044	Z	9	3	down	Zinc	N	4			44				
000044	I	1	4	down	Ink	Y	3			44				
000044	PHF	3	4	down	Public health fund	N	18			44				
000044	API	7	4	down	W__ti	N	5			44				
000044	CREATURE	1	5	down	Living thing	Y	12			44				
000044	KILL	1	6	down	Slay	Y	4			44				
000044	GERM	6	6	down	Microbe	N	7			44				
000044	EP	1	7	down	<i>	Y	3	Image of a cube figure with an arrow running along its depth	Text under the image: D__th	44		Text changed		
000044	FUL	4	7	down	Beauti__	N	8			44				
000044	IW	8	7	down	In Warranty	N	11			44				
000044	REY	1	8	down	Spanish king	Y	12			44				
000044	CYCLE	5	8	down	<i>	Y	3	Image of a bicycle	Text under the image: Bi__	44		text changed		
000045	ACADEMY	2	1	across	Place of study	Y	14			45				
000045	LOSE	3	1	across	Not win	Y	7			45				
000045	IU	3	6	across	Sod__m	N	6			45				
000045	GRUMBLE	4	1	across	Complain	Y	8			45				
000045	OP	5	1	across	<i>	Y	3	Image of a spinning top	T__	45				
000045	ORE	5	4	across	Mine find	N	9			45				
000045	RUB	6	1	across	Massage	Y	7			45				
000045	OSS	6	5	across	One Stop Shop	N	13			45				
000045	ISOLATE	7	1	across	Separate	Y	8			45				
000045	T	8	1	across	<i>	Y	3	Image of a shopping cart	Car_	45				
000045	WIDOW	8	3	across	Black __	N	8			45				
000045	HELM	9	1	across	<i>	Y	3	Image of the helm of a ship		45				
000045	NE	9	6	across	Not Evaluated	N	13			45				
000045	MZ	10	1	across	Music Zone	Y	10			45				
000045	PEER	10	4	across	Equal	Y	5			45				
000045	ALGORITHM	1	2	down	Procedure	Y	9			45				
000045	CORPUS	1	3	down	__ Christi	Y	10			45				
000045	EZ	8	3	down	Sque__e	N	7			45				
000045	ASU	1	4	down	Sun Devils school	Y	17			45				
000045	BOWL	5	4	down	Cereal dish	N	11			45				
000045	DEMO	1	5	down	Test run	Y	8			45				
000045	LIMP	6	5	down	Not firm	N	8			45				
000045	E	1	6	down	After D	Y	7			45				
000045	BROAD	3	6	down	Wide	N	4			45				
000045	E	9	6	down	Ember	N	5			45				
000045	MILESTONE	1	7	down	<i>	Y	3	Image of a milestone on the side of the road		45				
000045	YUE	1	8	down	Cantonese	Y	9			45				
000045	SEWER	5	8	down	Drain	Y	5			45				
000046	PASSION	2	1	across	Zeal	Y	4			46				
000046	RACK	3	1	across	<i>	Y	3	Image of a race track	T__	46				
000046	AS	3	6	across	Like	N	4			46				
000046	OPR	4	1	across	S__ano	Y	6			46				
000046	ATA	4	5	across	F__l	N	4			46				
000046	P	5	1	across	Parenthesis	Y	11			46				
000046	ITCH	5	3	across	Scratch	N	7			46				
000046	ALPHA	6	1	across	<i>	Y	3	Image of the Greek symbol alpha		46				
000046	C	6	7	across	Category	N	8			46				
000046	GATE	7	1	across	<i>	Y	3	Image of a large gate in front of a house		46				
000046	TA	7	6	across	Teaching Asst	N	13			46				
000046	AY	8	1	across	L__man	Y	6			46				
000046	IMAM	8	4	across	Mosque cleric	N	13			46				
000046	TERRACE	9	1	across	Outdoor spot	Y	12			46				
000046	ERA	10	1	across	Time span	Y	9			46				
000046	YOO	10	5	across	Hey you!	Y	8			46				
000046	PROPAGATE	1	2	down	Spread	Y	6			46				
000046	AAP	1	3	down	All about people	Y	16			46				
000046	LAYER	5	3	down	Thin coat	N	9			46				
000046	SCRIPT	1	4	down	Play text	Y	9			46				
000046	RA	8	4	down	Right Atrium	N	12			46				
000046	SK	1	5	down	<i>	Y	3	Image of a mask	Ma__	46				
000046	THEIR	4	5	down	His and hers	N	12			46				
000046	I	1	6	down	Me	Y	2			46				
000046	ACA	3	6	down	Obamacare	N	9			46				
000046	MAY	7	6	down	Spring month	N	12			46				
000046	OATH	1	7	down	Promise	Y	7			46				
000046	TACO	6	7	down	Folded food	N	11			46				
000046	NSA	1	8	down	<i>	Y	3	Image of a bonsai plant	Bo__i	46		changed text		
000046	CAMEO	5	8	down	Short role	Y	10			46				
000047	ADMIRAL	2	1	across	Fleet Head	Y	10			47				
000047	SOAR	3	1	across	Fly high	Y	8			47				
000047	CI	3	6	across	Corporate Id.	N	13			47				
000047	SST	4	1	across	Stainless Steel	Y	15			47				
000047	ART	4	5	across	Painting	N	8			47				
000047	I	5	1	across	Input	Y	5			47				
000047	TALE	5	3	across	Short story	N	11			47				
000047	SPELL	6	1	across	Magic chant	Y	11			47				
000047	M	6	7	across	Manual	N	6			47				
000047	TORT	7	1	across	<i>	Y	3	Image of a tortilla wrap	__illa	47		changed text		
000047	BO	7	6	across	Body Odor	N	9			47				
000047	AL	8	1	across	<i>	Y	3	Image of a measuring scale	Sc__e	47		Image needs change		
000047	AGED	8	4	across	Grew old	N	8			47				
000047	NARRATE	9	1	across	Tell a story	Y	12			47				
000047	TRA	10	1	across	__-la-la	Y	8			47				
000047	PAM	10	5	across	Policy and Measure	Y	18			47				
000047	ASSISTANT	1	2	down	Alexa or Cortana	Y	16			47				
000047	DOS	1	3	down	Spanish "two"	Y	13			47				
000047	POLAR	5	3	down	__ opposites	N	12			47				
000047	MATTER	1	4	down	Be relevant	Y	11			47				
000047	RA	8	4	down	Road Authority	N	14			47				
000047	IR	1	5	down	<i>	Y	3	Image of a chair	Cha__	47				
000047	ALTAR	4	5	down	Church area	N	11			47				
000047	R	1	6	down	Regulation	Y	10			47				
000047	ALL	3	6	down	Each one	N	8			47				
000047	GAP	7	6	down	Space	N	5			47				
000047	ACRE	1	7	down	43,560 sq.	Y	10			47				
000047	BETA	6	7	down	Trial	N	5			47				
000047	LIT	1	8	down	<i>	Y	3	Image of a burning matchstick		47				
000047	MODEM	5	8	down	Internet device	Y	15			47				
000048	HOTLINE	2	1	across	Help Line	Y	9			48				
000048	YUAN	3	1	across	China cash	Y	10			48				
000048	AP	3	6	across	Action Plan	N	11			48				
000048	PIT	4	1	across	<i>	Y	3	Image of a half avocado, with an arrow pointing at the pit		48		Missing arrow		
000048	EMS	4	5	across	Tot__	N	5			48				
000048	O	5	1	across	Outside	Y	7			48				
000048	TUBE	5	3	across	Type of top	N	11			48				
000048	CRONY	6	1	across	Old chum	Y	8			48				
000048	S	6	7	across	Sequence	N	8			48				
000048	ROOF	7	1	across	<i>	Y	3	Image of the roof of a house		48				
000048	NL	7	6	across	Not linear	N	10			48				
000048	IU	8	1	across	Gen__s	Y	6			48				
000048	IDEA	8	4	across	Concept	N	7			48				
000048	STATION	9	1	across	Train stop	Y	10			48				
000048	YEA	10	1	across	Positive vote	Y	13			48				
000048	ANT	10	5	across	Colony bug	Y	10			48				
000048	HYPOCRISY	1	2	down	Two-faced act	Y	13			48				
000048	OUI	1	3	down	French Yes	Y	10			48				
000048	ROUTE	5	3	down	Path	N	4			48				
000048	TATTOO	1	4	down	<i>	Y	3	Image of a flower tattoo on a wrist		48				
000048	AA	8	4	down	Art Associate	N	13			48				
000048	LN	1	5	down	Last name	Y	9			48				
000048	UNFIT	4	5	down	Not ready	N	9			48				
000048	I	1	6	down	One	Y	3			48				
000048	EBY	3	6	down	Ther__	N	6			48				
000048	DIA	7	6	down	Spanish day	N	11			48				
000048	NAME	1	7	down	Dog tag info	Y	12			48				
000048	NEON	6	7	down	Gas in lights	N	13			48				
000048	EPS	1	8	down	Short records	Y	13			48				
000048	SLANT	5	8	down	<i>	Y	3	Image of a slant board	__ board	48				
000049	ONBOARD	2	1	across	Show the ropes	Y	14			49				
000049	BRAT	3	1	across	Naughty kid	Y	11			49				
000049	UI	3	6	across	User interface	N	14			49				
000049	SAM	4	1	across	Uncle __	Y	8			49				
000049	MSS	4	5	across	Max segment size	N	16			49				
000049	E	5	1	across	Endorsement	Y	11			49				
000049	BLAH	5	3	across	Boring	N	6			49				
000049	SCOOT	6	1	across	Make haste	Y	10			49				
000049	W	6	7	across	Webpage	N	7			49				
000049	SHOW	7	1	across	Exhibit	Y	7			49				
000049	JE	7	6	across	French pronoun	N	14			49				
000049	IE	8	1	across	<i>	Y	3	Image of an alien	Al__n	49				
000049	LAUD	8	4	across	Applaud	N	7			49				
000049	VARYING	9	1	across	Fluctuating	Y	11			49				
000049	EPA	10	1	across	AQI monitor	Y	11			49				
000049	TEE	10	5	across	<i>	Y	3	Image of a tshirt		49				
000049	OBSESSIVE	1	2	down	Fixated	Y	7			49				
000049	NRA	1	3	down	E__ge	Y	5			49				
000049	CHEAP	5	3	down	Low-cost	N	8			49				
000049	BAMBOO	1	4	down	<i>	Y	3	Image of a bamboo tree		49				
000049	RA	8	4	down	Roundabout	N	10			49				
000049	OT	1	5	down	<i>	Y	3	Image of a lotus	L__us	49				
000049	LOWLY	4	5	down	Modest	N	6			49				
000049	A	1	6	down	Altitude	Y	8			49				
000049	MAT	3	6	down	Small rug	N	9			49				
000049	AIT	7	6	down	River isle	N	10			49				
000049	RUSH	1	7	down	Hurry	Y	5			49				
000049	JUNE	6	7	down	After May	N	9			49				
000049	DIS	1	8	down	__agree	Y	7			49				
000049	WEDGE	5	8	down	Lemon slice	Y	11			49		image removed		
000050	ESSENCE	2	1	across	Core	Y	4			50				
000050	THEM	3	1	across	Not us	Y	6			50				
000050	HV	3	6	across	High Voltage	N	12			50				
000050	HOLIDAY	4	1	across	Vacation	Y	8			50				
000050	IW	5	1	across	<i>	Y	3	Image of a kiwi fruit	K__i	50				
000050	TAM	5	4	across	Scottish cap	N	12			50				
000050	OEM	6	1	across	Overseas Export Market	Y	22			50				
000050	TPS	6	5	across	Test Programs	N	13			50				
000050	PREHEAT	7	1	across	Warm up an oven	Y	15			50				
000050	I	8	1	across	Infinity	Y	8			50				
000050	LODGE	8	3	across	Small inn	N	9			50				
000050	AUTO	9	1	across	Not manual	Y	10			50				
000050	NE	9	6	across	New Edition	N	11			50				
000050	NZ	10	1	across	Bro__e	Y	6			50				
000050	KEEP	10	4	across	Not lose	Y	8			50				
000050	ETHIOPIAN	1	2	down	Addis Ababa resident	Y	20			50				
000050	SHOWER	1	3	down	<i>	Y	3	Image of a showerhead		50				
000050	UZ	8	3	down	Ultra Zoom	N	10			50				
000050	SEL	1	4	down	<i>	Y	3	Image of a chisel	Chi__	50				
000050	MELT	5	4	down	Unfreeze	N	8			50				
000050	EMIT	1	5	down	Radiate	Y	7			50				
000050	HOOK	6	5	down	Captivate	N	9			50				
000050	N	1	6	down	Nebula	Y	6			50				
000050	DATED	3	6	down	Out of style	N	12			50				
000050	E	9	6	down	Extinct	N	7			50				
000050	CHAMPAGNE	1	7	down	<i>	Y	3	Image of a bottle of champagne		50				
000050	EVY	1	8	down	L__	Y	3			50				
000050	STEEP	5	8	down	Highly inclined	Y	15			50				
000051	UPRIGHT	2	1	across	Straight up	Y	11			51				
000051	NONE	3	1	across	0%	Y	2			51				
000051	EU	3	6	across	European Union	N	14			51				
000051	DL	4	1	across	<i>	Y	3	Image of a boat's paddle	Pad__e	51				
000051	PEAR	4	4	across	Juicy fruit	N	11			51				
000051	EOC	5	1	across	Th__racy	Y	8			51				
000051	ARF	5	5	across	Dog bark	N	8			51				
000051	R	6	1	across	Realignment	Y	11			51				
000051	LUST	6	3	across	Strong desire	N	13			51				
000051	TAUNT	7	1	across	Mock	Y	4			51				
000051	S	7	7	across	Savings 	N	8			51				
000051	AMBIENT	8	1	across	All around	Y	10			51				
000051	KE	9	1	across	Kinetic Energy	Y	14			51				
000051	TRIO	9	4	across	Set of 3	N	8			51				
000051	ENVY	10	1	across	Green-eyed	Y	10			51				
000051	XP	10	6	across	Experience Points	Y	17			51				
000051	UNDERTAKE	1	2	down	Take on	Y	7			51				
000051	POLO	1	3	down	<i>	Y	3	Image of a polo shirt	__ shirt	51				
000051	AMEN	6	3	down	Prayer end	N	10			51				
000051	RN	1	4	down	Royal Navy	Y	10			51				
000051	CLUB	4	4	down	Group	N	5			51				
000051	V	9	4	down	Validation	N	10			51				
000051	IEP	1	5	down	Initial Entry Point	Y	19			51				
000051	UNITY	5	5	down	Harmony	N	7			51				
000051	G	1	6	down	Gesture	Y	7			51				
000051	EASTER	3	6	down	__ egg	N	6			51				
000051	HEART	1	7	down	<i>	Y	3	Image of the heart organ		51				
000051	NIX	7	7	down	Shoot down	N	10			51				
000051	TURF	1	8	down	<i>	Y	3	Image of a golf turf		51				
000051	STOP	6	8	down	Cease	Y	5			51				
000052	CASCADE	2	1	across	<i>	Y	3	Image of falling dominoes		52				
000052	ODOR	3	1	across	Stink	Y	5			52				
000052	EX	3	6	across	External	N	8			52				
000052	N	4	1	across	Notation	Y	8			52				
000052	FALSE	4	3	across	Incorrect	N	9			52				
000052	SCAM	5	1	across	Con trick	Y	9			52				
000052	IC	5	6	across	Identity Card	N	13			52				
000052	EE	6	1	across	Early Entry	Y	11			52				
000052	PCR	6	4	across	Pacific Region	N	14			52				
000052	NME	7	1	across	Non-Metallic Element	Y	20			52				
000052	REP	7	5	across	Gym unit	N	8			52				
000052	SENSE	8	1	across	Impression	Y	10			52				
000052	I	8	7	across	Identification	N	14			52				
000052	UN	9	1	across	<i>	Y	3	Image of a basketball player slam dunking 	D__k	52				
000052	ISLE	9	4	across	Island	N	6			52				
000052	STUTTER	10	1	across	Speech hic	Y	10			52				
000052	CONSENSUS	1	2	down	Agreement	Y	9			52				
000052	AD	1	3	down	Advertisement	Y	13			52				
000052	CEMENT	4	3	down	Concrete	N	8			52				
000052	SOFA	1	4	down	<i>	Y	3	Image of a sofa		52				
000052	EN	6	4	down	C__tury	N	7			52				
000052	U	9	4	down	Universe	N	8			52				
000052	CRAMP	1	5	down	Muscle woe	Y	10			52				
000052	SIT	7	5	down	Plop down	N	9			52				
000052	A	1	6	down	<i>	Y	3	Image of a cap	C_p	52				
000052	L	3	6	down	Launch	N	6			52				
000052	CREST	5	6	down	Peak	N	4			52				
000052	DESIRE	1	7	down	Longing	Y	7			52				
000052	LE	8	7	down	Id__	N	4			52				
000052	EXEC	1	8	down	Business bigwig	Y	15			52				
000052	PIER	6	8	down	<i>	Y	3	Image of a pier		52				
000053	CORRECT	2	1	across	<i>	Y	3	Image of a green tick mark		53				
000053	ROAM	3	1	across	Move about	Y	10			53				
000053	RU	3	6	across	Round up	N	8			53				
000053	OZ	4	1	across	Wizard of __	Y	12			53				
000053	SCAN	4	4	across	Check	N	5			53				
000053	SES	5	1	across	<i>	Y	3	Image of two horses	Hor__	53				
000053	ONE	5	5	across	Top Spot	N	8			53				
000053	S	6	1	across	Sulfur	Y	6			53				
000053	WINE	6	3	across	Red or white	N	12			53				
000053	FAINT	7	1	across	Pass out	Y	8			53				
000053	W	7	7	across	Warranty	N	8			53				
000053	IMMERSE	8	1	across	Submerge	Y	8			53				
000053	RI	9	1	across	Rhode Island	Y	12			53				
000053	PAPA	9	4	across	Dad's nickname	N	14			53				
000053	EDIT	10	1	across	Fix text	Y	8			53				
000053	YR	10	6	across	12-month period	Y	15			53				
000053	CROSSFIRE	1	2	down	Military danger	Y	15			53				
000053	OOZE	1	3	down	Seep out	Y	8			53				
000053	AMID	6	3	down	Among	N	5			53				
000053	RA	1	4	down	<i>	Y	3	Image of a crab	C__b	53				
000053	SWIM	4	4	down	Pool activity	N	13			53				
000053	I	9	4	down	Roman one	N	9			53				
000053	RMS	1	5	down	Royal Mail Ship	Y	15			53				
000053	INEPT	5	5	down	Not good	N	8			53				
000053	E	1	6	down	Ethics	Y	6			53				
000053	CONTRA	3	6	down	Against	N	7			53				
000053	CRANE	1	7	down	<i>	Y	3	Image of a crane bird		53				
000053	SPY	7	7	down	James Bond	N	10			53				
000053	TUNE	1	8	down	Melody	Y	6			53				
000053	WEAR	6	8	down	Put on	Y	6			53				
000054	ASHAMED	2	1	across	Guilty	Y	6			54				
000054	COAL	3	1	across	<i>	Y	3	Image of a lump of coal		54				
000054	XU	3	6	across	Ne__s	N	5			54				
000054	C	4	1	across	Circuit	Y	7			54				
000054	WINCE	4	3	across	Grimace	N	7			54				
000054	LIKE	5	1	across	<i>	Y	3	Image of the facebook like button		54				
000054	UT	5	6	across	User testing	N	12			54				
000054	AN	6	1	across	Analog	Y	6			54				
000054	NAS	6	4	across	Lil __ X	N	8			54				
000054	ISM	7	1	across	Belief system	Y	13			54				
000054	FEB	7	5	across	Short month	N	11			54				
000054	MIDST	8	1	across	Center	Y	6			54				
000054	O	8	7	across	Opinion	N	7			54				
000054	ED	9	1	across	<i>	Y	3	Image of a sled	Sl__	54				
000054	SEAL	9	4	across	Ocean pup	N	9			54				
000054	DESIRED	10	1	across	Wanted	Y	6			54				
000054	ACCLAIMED	1	2	down	Strongly praised	Y	16			54				
000054	SO	1	3	down	Therefore	Y	9			54				
000054	INSIDE	4	3	down	Not out	N	7			54				
000054	HAWK	1	4	down	<i>	Y	3	Image of a hawk		54				
000054	MD	6	4	down	Medical Degree	N	14			54				
000054	S	9	4	down	Simulation	N	10			54				
000054	ALIEN	1	5	down	<i>	Y	3	Image of an alien mask		54				
000054	SSI	7	5	down	Small Scale Index	N	17			54				
000054	M	1	6	down	Mechanism	Y	9			54				
000054	N	3	6	down	Nominal	N	7			54				
000054	AFTER	5	6	down	Next up	N	7			54				
000054	EXCUSE	1	7	down	Alibi	Y	5			54				
000054	AE	8	7	down	After Effects	N	13			54				
000054	DUET	1	8	down	Pair	Y	4			54				
000054	BOLD	6	8	down	Not shy	Y	7			54				
000055	ANALYST	2	1	across	Data Pro	Y	8			55				
000055	READ	3	1	across	Pore over	Y	9			55				
000055	LI	3	6	across	__ft	N	4			55				
000055	TW	4	1	across	Team work	Y	9			55				
000055	SEEM	4	4	across	Appear	N	6			55				
000055	HSS	5	1	across	High schools	Y	12			55				
000055	YEE	5	5	across	__-haw	N	6			55				
000055	R	6	1	across	Rotation	Y	8			55				
000055	TREK	6	3	across	Lengthy hike	N	12			55				
000055	IDEAL	7	1	across	Flawless	Y	8			55				
000055	U	7	7	across	Ultimate	N	8			55				
000055	TOPPING	8	1	across	<i>	Y	3	Image of a pizza with circles marking the toppings		55				
000055	IZ	9	1	across	Ma__e	Y	5			55				
000055	IDOL	9	4	across	Hero	N	4			55				
000055	SEND	10	1	across	<i>	Y	3	Image of a send button like on messaging apps		55				
000055	VY	10	6	across	<i>	Y	3	Image of an ivy plant	I__	55				
000055	ARTHRITIS	1	2	down	Joint problem	Y	13			55				
000055	NEWS	1	3	down	Breaking info	Y	13			55				
000055	DOZE	6	3	down	Light nap	N	9			55				
000055	AA	1	4	down	Anti-Aging	Y	10			55				
000055	STEP	4	4	down	Dance move	N	10			55				
000055	N	9	4	down	Nitrogen	N	8			55				
000055	LDS	1	5	down	Logo Designs	Y	12			55				
000055	RAPID	5	5	down	Speedy	N	6			55				
000055	Y	1	6	down	Yearbook	Y	8			55				
000055	EYELID	3	6	down	Lens cover	N	10			55				
000055	SLEEK	1	7	down	Smooth	Y	6			55				
000055	NOV	7	7	down	Fall month	N	10			55				
000055	TIME	1	8	down	<i>	Y	3	Image of an antique clock	__piece	55				
000055	UGLY	6	8	down	Hostile	Y	7			55				
000056	STOMACH	2	1	across	<i>	Y	3	Image of the human anatomy with an arrow pointing at the stomach		56				
000056	UNDO	3	1	across	Ctrl+Z	Y	6			56				
000056	OU	3	6	across	Optical Unit	N	12			56				
000056	R	4	1	across	Recognition	Y	11			56				
000056	DOZEN	4	3	across	Baker's 12	N	10			56				
000056	PASS	5	1	across	Permit	Y	6			56				
000056	RT	5	6	across	Retweet	N	7			56				
000056	RR	6	1	across	<i>	Y	3	Image of a rabbit burrow	Bu__ow	56				
000056	ESC	6	4	across	Escape	N	6			56				
000056	IRK	7	1	across	Vex	Y	3			56				
000056	HEM	7	5	across	Skirt end	N	9			56				
000056	SINCE	8	1	across	From then	Y	9			56				
000056	O	8	7	across	Outreach	N	8			56				
000056	EV	9	1	across	Evolution	Y	9			56				
000056	SELL	9	4	across	Trade	N	5			56				
000056	DEVOTED	10	1	across	Very loyal	Y	10			56				
000056	SURPRISED	1	2	down	<i>	Y	3	Image of a surprised emoji		56				
000056	TN	1	3	down	Team Name	Y	9			56				
000056	ARRIVE	4	3	down	End trip	N	8			56				
000056	ODDS	1	4	down	Chances	Y	7			56				
000056	KN	6	4	down	King’s Navy	N	11			56				
000056	V	9	4	down	Roman five	N	10			56				
000056	MOOSE	1	5	down	<i>	Y	3	Image of a moose		56				
000056	CSO	7	5	down	Civil Society Org.	N	18			56				
000056	A	1	6	down	Achievement	Y	11			56				
000056	Z	3	6	down	Zoom	N	4			56				
000056	SHEET	5	6	down	Closet item	N	11			56				
000056	COERCE	1	7	down	Force	Y	5			56				
000056	LE	8	7	down	Local Expert	N	12			56				
000056	HUNT	1	8	down	Quest	Y	5			56				
000056	MOLD	6	8	down	Icky growth	Y	11			56				
000057	SELFISH	2	1	across	Greedy	Y	6			57				
000057	POUR	3	1	across	Rain hard	Y	9			57				
000057	TU	3	6	across	__lip	N	5			57				
000057	E	4	1	across	Extraction	Y	10			57				
000057	MINOR	4	3	across	Not major	N	9			57				
000057	CAPE	5	1	across	<i>	Y	3	Image of a cape		57				
000057	LT	5	6	across	Lieutenant	N	10			57				
000057	TD	6	1	across	Trading Desk	Y	12			57				
000057	DOE	6	4	across	Bambi's mom	N	11			57				
000057	AVA	7	1	across	<i>	Y	3	Image of a guava	Gu__	57				
000057	RNS	7	5	across	ER staffers	N	11			57				
000057	TIRED	8	1	across	Exhausted	Y	9			57				
000057	A	8	7	across	Automation	N	10			57				
000057	OS	9	1	across	Open Source	Y	11			57				
000057	MEAN	9	4	across	Cruel	N	5			57				
000057	RETIREE	10	1	across	Pensioner	Y	9			57				
000057	SPECTATOR	1	2	down	Eventgoer	Y	9			57				
000057	EO	1	3	down	<i>	Y	3	Image of a video camera	Vid__	57				
000057	ADVISE	4	3	down	Counsel	N	7			57				
000057	LUMP	1	4	down	Mass of coal	Y	12			57				
000057	AR	6	4	down	Annual Report	N	13			57				
000057	T	9	4	down	Timetable	N	9			57				
000057	FRIED	1	5	down	<i>	Y	3	Image of fried potatoes	__ potato	57				
000057	EMI	7	5	down	Bank installment	N	16			57				
000057	I	1	6	down	Induction	Y	9			57				
000057	N	3	6	down	Normalization	N	13			57				
000057	ORDER	5	6	down	Law and __	N	10			57				
000057	STOLEN	1	7	down	Heist	Y	5			57				
000057	AE	8	7	down	Sund__	N	6			57				
000057	HURT	1	8	down	Cause ache	Y	10			57				
000057	SANE	6	8	down	Not mad	Y	7			57				
000058	PODCAST	2	1	across	Audio show	Y	10			58				
000058	RAIL	3	1	across	<i>	Y	3	Image of train tracks		58				
000058	II	3	6	across	Roman two	N	9			58				
000058	E	4	1	across	Existence	Y	9			58				
000058	SOUND	4	3	across	Logical	N	7			58				
000058	DUCT	5	1	across	<i>	Y	3	Image of an exhaust duct		58				
000058	FE	5	6	across	Front End	N	9			58				
000058	IN	6	1	across	Not out	Y	7			58				
000058	HSU	6	4	across	High-Speed Unit	N	15			58				
000058	CLA	7	1	across	__sp	Y	4			58				
000058	ILM	7	5	across	A__ent	N	6			58				
000058	TIMER	8	1	across	<i>	Y	3	Image of a kitchen timer		58				
000058	I	8	7	across	Incur	N	5			58				
000058	EK	9	1	across	Extra Kick	Y	10			58				
000058	BELL	9	4	across	Big Ben	N	7			58				
000058	DEFINED	10	1	across	Characterized	Y	13			58				
000058	PREDICTED	1	2	down	Foresee	Y	7			58				
000058	OA	1	3	down	Open Access	Y	11			58				
000058	UNLIKE	4	3	down	Diverse	N	7			58				
000058	DISC	1	4	down	<i>	Y	3	Image of a CD	Compact __	58		Text is cutting off		
000058	AM	6	4	down	Before 12	N	9			58				
000058	F	9	4	down	Filter	N	6			58				
000058	CLOTH	1	5	down	<i>	Y	3	Image of a piece of cloth		58				
000058	EBI	7	5	down	Blu__rd	N	7			58				
000058	A	1	6	down	Attraction	Y	10			58				
000058	U	3	6	down	Undertaking	N	11			58				
000058	SIREN	5	6	down	SOS call	N	8			58				
000058	SINFUL	1	7	down	Wicked	Y	6			58				
000058	LE	8	7	down	Legal Entity	N	12			58				
000058	TIDE	1	8	down	Ocean motion	Y	12			58				
000058	MILD	6	8	down	Gentle	Y	6			58				
000059	CASTING	2	1	across	Director's concern	Y	18			59				
000059	ONTO	3	1	across	Aware of	Y	8			59				
000059	IE	3	6	across	That is	N	7			59				
000059	N	4	1	across	Nurturing	Y	9			59				
000059	RIDGE	4	3	across	Blue __ mtn	N	11			59				
000059	FUEL	5	1	across	<i>	Y	3	Image of a fuel pump		59				
000059	HK	5	6	across	Hong Kong	N	9			59				
000059	INSERT	6	1	across	Embed	Y	5			59				
000059	D	7	1	across	Domain	Y	6			59				
000059	STOMA	7	3	across	Plant pore	N	10			59				
000059	EPO	8	1	across	<i>	Y	3	Image of a coffee pot	Coffe__t	59				
000059	GAG	8	5	across	Funny bit	N	9			59				
000059	NURTURE	9	1	across	Raise	Y	5			59				
000059	TT	10	1	across	Time Travel	Y	11			59				
000059	BEES	10	4	across	<i>	Y	3	Image of a few bees		59				
000059	CONFIDENT	1	2	down	Bold	Y	4			59				
000059	AN	1	3	down	<i>	Y	3	Image of a swan	Sw__	59				
000059	UN	4	3	down	United Nations	N	14			59				
000059	PUT	7	3	down	Set down	N	8			59				
000059	STRESSOR	1	4	down	Trigger	Y	7			59				
000059	TOILET	1	5	down	Restroom	Y	8			59				
000059	TB	8	5	down	Time Base	N	9			59				
000059	I	1	6	down	Inclusion	Y	9			59				
000059	D	3	6	down	Delivery	N	8			59				
000059	ROGUE	5	6	down	Miscreant	N	9			59				
000059	NIGHTMARE	1	7	down	Bad Dream	Y	9			59				
000059	GEEK	1	8	down	Tech Fan	Y	8			59				
000059	AGES	6	8	down	Epochs	Y	6			59				
000060	PERSONA	2	1	across	Public image	Y	12			60				
000060	UY	3	1	across	Uruguay	Y	7			60				
000060	PUTT	3	4	across	Golfer's shot	N	13			60				
000060	NEVER	4	1	across	Not even once	Y	13			60				
000060	X	4	7	across	Extreme	N	7			60				
000060	C	5	1	across	Construction	Y	12			60				
000060	EAST	5	3	across	Sunrise spot	N	12			60				
000060	TURK	6	1	across	Ankara native	Y	13			60				
000060	AW	6	6	across	Airway	N	6			60				
000060	UR	7	1	across	<i>	Y	3	Image of an urn	__n	60				
000060	INCH	7	4	across	Move slowly	N	11			60				
000060	ALONE	8	1	across	By oneself	Y	10			60				
000060	E	8	7	across	Enterprise	N	10			60				
000060	T	9	1	across	Treatment	Y	9			60				
000060	AGREE	9	3	across	Concur	N	6			60				
000060	ESS	10	1	across	Before tee	Y	10			60				
000060	DAL	10	5	across	Indian lentil dish	Y	18			60				
000060	PUNCTUATE	1	2	down	Add a period	Y	12			60				
000060	EYE	1	3	down	<i>	Y	3	Image of an eye		60				
000060	URL	5	3	down	Web link	N	8			60				
000060	S	9	3	down	Surveillance	N	12			60				
000060	R	1	4	down	Resolution	Y	10			60				
000060	VER	3	4	down	Spanish see	N	11			60				
000060	OAS	7	4	down	T__ter	N	6			60				
000060	SPEAKING	1	5	down	Talking	Y	7			60				
000060	OURS	1	6	down	Not yours	Y	9			60				
000060	NERD	6	6	down	Geek	N	4			60				
000060	NT	1	7	down	<i>	Y	3	Image of a rat	Rode__	60				
000060	TAC	4	7	down	Tic-__-toe	N	10			60				
000060	EA	8	7	down	Early Arts	N	10			60				
000060	ATX	1	8	down	Active Trade Execution	Y	22			60				
000060	WHEEL	5	8	down	<i>	Y	3	Image of a wheel		60				
000061	ROASTED	2	1	across	Lovingly insulted	Y	17			61				
000061	EW	3	1	across	<i>	Y	3	Image of a thread and a needle, inserted into a piece of cloth	S__	61				
000061	CORE	3	4	across	Key	N	3			61				
000061	SNARL	4	1	across	Growl	Y	5			61				
000061	N	4	7	across	Nominal	N	7			61				
000061	I	5	1	across	Induction	Y	9			61				
000061	PALE	5	3	across	Not bright	N	10			61				
000061	SPAM	6	1	across	Email Junk	Y	10			61				
000061	AP	6	6	across	As per	N	6			61				
000061	TS	7	1	across	<i>	Y	3	Image of a rubber duck floating in the water	Floa__	61				
000061	BLUE	7	4	across	Sky hue	N	7			61				
000061	AISLE	8	1	across	<i>	Y	3	Image of an airplane aisle, with a focus on the aisle part		61		Image needs updating. It's unclear		
000061	T	8	7	across	Timetable	N	9			61				
000061	N	9	1	across	Notion	Y	6			61				
000061	RESET	9	3	across	Start over	N	10			61				
000061	TRI	10	1	across	<i>	Y	3	Image of a triangle	__angle	61				
000061	TAY	10	5	across	Homes__	Y	7			61				
000061	RESISTANT	1	2	down	Unyielding	Y	10			61				
000061	OWN	1	3	down	Possess	Y	7			61				
000061	PSI	5	3	down	Pressure unit	N	13			61				
000061	R	9	3	down	Reform	N	6			61				
000061	A	1	4	down	Attitude	Y	8			61				
000061	APA	3	4	down	Shrinks' org.	N	13			61				
000061	SRI	7	4	down	__ Lanka	N	8			61				
000061	SCRAMBLE	1	5	down	Mad rush	Y	8			61				
000061	TOLL	1	6	down	Bell sound	Y	10			61				
000061	LEST	6	6	down	In case	N	7			61				
000061	ER	1	7	down	Expense Report	Y	14			61				
000061	EAU	4	7	down	__ de parfum	N	12			61				
000061	EA	8	7	down	Event attendee	N	14			61				
000061	DEN	1	8	down	<i>	Y	3	Image of a lion's den		61				
000061	PETTY	5	8	down	Trivial	Y	7			61				
000062	DWELLER	2	1	across	Inhabitant	Y	10			62				
000062	II	3	1	across	Roman 2	Y	7			62				
000062	AIDE	3	4	across	Helper	N	6			62				
000062	SPACE	4	1	across	<i>	Y	3	Image of the backspace key on a keyboard	Back__	62				
000062	D	4	7	across	Deviation	N	9			62				
000062	C	5	1	across	Confirmation	Y	12			62				
000062	DRUM	5	3	across	Oil barrel	N	10			62				
000062	HALO	6	1	across	<i>	Y	3	Image of a halo around the angel's head		62				
000062	VS	6	6	across	Voice Service	N	13			62				
000062	AN	7	1	across	<i>	Y	3	Image of an orange	Or__ge	62				
000062	SLAP	7	4	across	Smack	N	5			62				
000062	RAISE	8	1	across	Lift	Y	4			62				
000062	O	8	7	across	Overview	N	8			62				
000062	G	9	1	across	Granularity	Y	11			62				
000062	REFER	9	3	across	Mention	N	7			62				
000062	EST	10	1	across	<i>	Y	3	Image of a bird's nest	N__	62				
000062	TAE	10	5	across	Curriculum vi__	Y	15			62				
000062	DISCHARGE	1	2	down	Send packing	Y	12			62				
000062	WIP	1	3	down	Work in progress	Y	16			62				
000062	ANA	5	3	down	__ de Armas	N	11			62				
000062	S	9	3	down	Sensitivity	N	11			62				
000062	E	1	4	down	Expenditure	Y	11			62				
000062	ADL	3	4	down	All day long	N	12			62				
000062	IRT	7	4	down	V__ual	N	6			62				
000062	LACROSSE	1	5	down	Game with sticks	Y	16			62				
000062	LIEU	1	6	down	In __ of	Y	8			62				
000062	LEFT	6	6	down	Not right	N	9			62				
000062	ED	1	7	down	Education	Y	9			62				
000062	MVA	4	7	down	Megavolt ampere	N	15			62				
000062	EA	8	7	down	Ever Active	N	11			62				
000062	RED	1	8	down	<i>	Y	3	Image of a red colored circle		62				
000062	SPORE	5	8	down	Tiny cell	Y	9			62				
000063	DILEMMA	2	1	across	Pickle	Y	6			63				
000063	IN	3	1	across	<i>	Y	3	Image of a pushpin	P__	63				
000063	VIAL	3	4	across	Potion jar	N	10			63				
000063	SNAIL	4	1	across	<i>	Y	3	Image of a snail		63				
000063	L	4	7	across	Lineage	N	7			63				
000063	P	5	1	across	Proposal	Y	8			63				
000063	IDLE	5	3	across	Not busy	N	8			63				
000063	LONE	6	1	across	Single	Y	6			63				
000063	AW	6	6	across	How cute!	N	9			63				
000063	AN	7	1	across	Alpha Numeric	Y	13			63				
000063	NOPE	7	4	across	No	N	2			63				
000063	CIRCA	8	1	across	Roughly	Y	7			63				
000063	A	8	7	across	Assimilation	N	12			63				
000063	E	9	1	across	Expression	Y	10			63				
000063	PETER	9	3	across	__ Pan	N	6			63				
000063	DYE	10	1	across	<i>	Y	3	Image of a tie-dye fabric	Tie-__	63				
000063	SAY	10	5	across	Speak	Y	5			63				
000063	DISPLACED	1	2	down	Moved	Y	5			63				
000063	INN	1	3	down	Lodge	Y	5			63				
000063	ONI	5	3	down	T__c	N	4			63				
000063	Y	9	3	down	Yellowing	N	9			63				
000063	L	1	4	down	Legislation	Y	11			63				
000063	AIN	3	4	down	Disd__	N	6			63				
000063	RPE	7	4	down	Retail Price Index	N	18			63				
000063	EVIDENCE	1	5	down	Proof	Y	5			63				
000063	MILL	1	6	down	<i>	Y	3	Image of a windmill	Wind__	63				
000063	OATS	6	6	down	Granola grains	N	14			63				
000063	MA	1	7	down	<i>	Y	3	Image of the Greek letter sigma	Sig__	63				
000063	EAP	4	7	down	Edgar A. Poe	N	12			63				
000063	EA	8	7	down	East Africa	N	11			63				
000063	ALL	1	8	down	Entirely	Y	8			63				
000063	WEARY	5	8	down	Exhausted	Y	9			63				
000064	HANDFUL	2	1	across	Very few	Y	8			64				
000064	EY	3	1	across	Ernst and Young	Y	15			64				
000064	RITE	3	4	across	Solemn act	N	10			64				
000064	PETAL	4	1	across	<i>	Y	3	Image of a flower with an arrow pointing to a petal		64				
000064	G	4	7	across	Goodwill	N	8			64				
000064	A	5	1	across	Analyze	Y	7			64				
000064	PIMP	5	3	across	__le	N	4			64				
000064	THAN	6	1	across	Larger __ life	Y	14			64				
000064	AC	6	6	across	Access Card	N	11			64				
000064	IU	7	1	across	<i>	Y	3	Image of a circle with a line marking the radius	Rad__s	64				
000064	ARCH	7	4	across	Foot part	N	9			64				
000064	TANGO	8	1	across	Sierra follower	Y	15			64				
000064	I	8	7	across	Incorporation	N	13			64				
000064	I	9	1	across	First person	Y	12			64				
000064	REVEL	9	3	across	Live it up	N	10			64				
000064	SPC	10	1	across	Specification	Y	13			64				
000064	ELL	10	5	across	Angled pipe	Y	11			64				
000064	HEPATITIS	1	2	down	Liver disease	Y	13			64				
000064	AYE	1	3	down	Sailor's yes	Y	12			64				
000064	HUA	5	3	down	Heavy Urban Area	N	16			64				
000064	P	9	3	down	Paradigm	N	8			64				
000064	N	1	4	down	Notification	Y	12			64				
000064	TPA	3	4	down	Third party admin	N	17			64				
000064	NRC	7	4	down	Nonreusable can	N	15			64				
000064	DRAINAGE	1	5	down	Outflow	Y	7			64				
000064	FILM	1	6	down	<i>	Y	3	Image of a film reel	__ reel	64				
000064	ROVE	6	6	down	Meander	N	7			64				
000064	UT	1	7	down	Universal time	Y	14			64				
000064	PAC	4	7	down	__-Man	N	6			64				
000064	EL	8	7	down	Element	N	7			64				
000064	LEG	1	8	down	<i>	Y	3	Image of a boy with an arrow pointing to the pant leg		64				
000064	CHILL	5	8	down	Cool	Y	4			64				
000065	AGITATE	2	1	across	Provoke	Y	7			65				
000065	FREE	3	1	across	No cost	Y	7			65				
000065	HV	3	6	across	Hudson Valley	N	13			65				
000065	TOT	4	1	across	Tiny one	Y	8			65				
000065	MAE	4	5	across	Actress West	N	12			65				
000065	EV	5	1	across	<i>	Y	3	Image of a sieve	Si__e	65				
000065	BIT	5	4	across	Particle	N	8			65				
000065	RESIN	6	1	across	<i>	Y	3	Image of a resin pendant	__ pendant	65		Text is cutting off		
000065	T	6	7	across	Trickle	N	7			65				
000065	W	7	1	across	Wanderlust	Y	10			65				
000065	PRIDE	7	3	across	Group of lions	N	14			65				
000065	ACID	8	1	across	Battery fluid	Y	13			65				
000065	ED	8	6	across	Singer Sheeran	N	14			65				
000065	RETIRED	9	1	across	Not working	Y	11			65				
000065	DE	10	1	across	Mo__rn	Y	6			65				
000065	EMMY	10	4	across	<i>	Y	3	Image of an Emmy award		65				
000065	AFTERWARD	1	2	down	Later	Y	5			65				
000065	GROVE	1	3	down	Orchard	Y	7			65				
000065	CEE	7	3	down	Ex__d	N	5			65				
000065	IET	1	4	down	Var__y	Y	6			65				
000065	SPIT	5	4	down	Saliva	N	6			65				
000065	TE	1	5	down	<i>	Y	3	Image of a kite	Ki__	65				
000065	BIRDIE	4	5	down	Shuttlecock	N	11			65				
000065	A	1	6	down	__ for apple	Y	12			65				
000065	MINI	3	6	down	__ Cooper	N	9			65				
000065	RM	8	6	down	Raw Material	N	12			65				
000065	THAT	1	7	down	Not this	Y	8			65				
000065	DEEM	6	7	down	Consider	N	8			65				
000065	EVE	1	8	down	Eden woman	Y	10			65				
000065	TEDDY	5	8	down	<i>	Y	3	Image of a teddy bear		65				
000066	IMITATE	2	1	across	Copy	Y	4			66				
000066	NOSE	3	1	across	<i>	Y	3	Image of a nose		66				
000066	HX	3	6	across	Heat Exchange	N	13			66				
000066	CTA	4	1	across	<i>	Y	3	Image of a bee collecting nectar	Ne__r	66				
000066	ZIP	4	5	across	Postal code	N	11			66				
000066	IT	5	1	across	Pennywise's movie	Y	17			66				
000066	SEN	5	4	across	__ator	N	6			66				
000066	DONOR	6	1	across	Blood giver	Y	11			66				
000066	N	6	7	across	Nostalgia	N	9			66				
000066	E	7	1	across	Engage	Y	6			66				
000066	AROMA	7	3	across	Fragrance	N	9			66				
000066	NOIR	8	1	across	Pinot __	Y	8			66				
000066	AM	8	6	across	Aston Martin	N	12			66				
000066	CALORIE	9	1	across	Diet count	Y	10			66				
000066	EF	10	1	across	<i>	Y	3	Image of a chef	Ch__	66				
000066	WILD	10	4	across	Untamed	Y	7			66				
000066	INCIDENCE	1	2	down	Occurrence	Y	10			66				
000066	MOTTO	1	3	down	Words to live by	Y	16			66				
000066	OAF	7	3	down	Clumsy fellow	N	13			66				
000066	ISA	1	4	down	__ac	Y	4			66				
000066	NAIL	5	4	down	Hammer target	N	13			66				
000066	TE	1	5	down	<i>	Y	3	Image of a mute button	Mu__	66				
000066	SORROW	4	5	down	Sadness	N	7			66				
000066	A	1	6	down	Arcane	Y	6			66				
000066	ZERO	3	6	down	Nil	N	3			66				
000066	RI	8	6	down	W__ter	N	6			66				
000066	THIN	1	7	down	Slim	Y	4			66				
000066	MAIL	6	7	down	Post	N	4			66				
000066	EXP	1	8	down	__ort	Y	5			66				
000066	NAMED	5	8	down	Titled	Y	6			66				
000067	INSTILL	2	1	across	Slowly add	Y	10			67				
000067	NOTE	3	1	across	<i>	Y	3	Image of a notebook	__book	67				
000067	EE	3	6	across	Gr__n	N	5			67				
000067	CIS	4	1	across	In__ion	Y	7			67				
000067	DAD	4	5	across	Father	N	6			67				
000067	OS	5	1	across	<i>	Y	3	Image of a rose	R__e	67				
000067	BED	5	4	across	Sleeping spot	N	13			67				
000067	REGAL	6	1	across	Majestic	Y	8			67				
000067	F	6	7	across	Finesse	N	7			67				
000067	R	7	1	across	After Q	Y	7			67				
000067	ALIKE	7	3	across	Similar	N	7			67				
000067	EVIL	8	1	across	Like villains	Y	13			67				
000067	NI	8	6	across	Not Important	N	13			67				
000067	CATALOG	9	1	across	Shopper's guide	Y	15			67				
000067	TT	10	1	across	Table Tennis	Y	12			67				
000067	DOWN	10	4	across	<i>	Y	3	Image of an arrow pointing down		67				
000067	INCORRECT	1	2	down	Wrong	Y	5			67				
000067	NOISE	1	3	down	Loud din	Y	8			67				
000067	VAT	7	3	down	Large tub	N	9			67				
000067	STS	1	4	down	Touri__	Y	7			67				
000067	GAIT	5	4	down	Stride	N	6			67				
000067	TE	1	5	down	<i>	Y	3	Image of a wooden crate	Cra__	67				
000067	BALLAD	4	5	down	Romantic song	N	13			67				
000067	I	1	6	down	Ignite	Y	6			67				
000067	DELI	3	6	down	Sandwich shop	N	13			67				
000067	LO	8	6	down	Look Out	N	8			67				
000067	LEAD	1	7	down	Be in charge	Y	12			67				
000067	KNOW	6	7	down	Be aware	N	8			67				
000067	LED	1	8	down	__ Zeppelin	Y	11			67				
000067	FEIGN	5	8	down	Fake	Y	4			67				
000068	SEVERAL	2	1	across	Multiple	Y	8			68				
000068	UPON	3	1	across	Atop	Y	4			68				
000068	DU	3	6	across	Dual use	N	8			68				
000068	PIX	4	1	across	<i>	Y	3	Image of a pixie fairy	__ie	68				
000068	CUT	4	5	across	Director's cry	N	14			68				
000068	EC	5	1	across	European Commission	Y	19			68				
000068	MALE	5	4	across	Bull or buck	N	12			68				
000068	R	6	1	across	Rehabilitation	Y	14			68				
000068	SORT	6	3	across	Kind	N	4			68				
000068	STUNT	7	1	across	<i>	Y	3	Image of a person performing a cycle stunt		68				
000068	W	7	7	across	Weather	N	7			68				
000068	TI	8	1	across	Texas Instruments	Y	17			68				
000068	DOME	8	4	across	Rounded roof	N	12			68				
000068	ARRANGE	9	1	across	Order	Y	5			68				
000068	RELY	10	1	across	Depend on	Y	9			68				
000068	SD	10	6	across	South Dakota	Y	12			68				
000068	SUPERSTAR	1	2	down	Celebrity	Y	9			68				
000068	EPIC	1	3	down	Grand story	Y	11			68				
000068	TIRE	6	3	down	Car wheel	N	9			68				
000068	VOX	1	4	down	__ populi	Y	9			68				
000068	SU	5	4	down	Soviet Union	N	12			68				
000068	RL	8	4	down	Ralph Lauren	N	12			68				
000068	EN	1	5	down	<i>	Y	3	Image of a park bench	B__ch	68				
000068	MONDAY	4	5	down	Calendar's M	N	12			68				
000068	R	1	6	down	Reiteration	Y	11			68				
000068	CARTON	3	6	down	Egg holder	N	10			68				
000068	ADULT	1	7	down	Grown-up	Y	8			68				
000068	MGS	7	7	down	Mild Grade Steel	N	16			68				
000068	LUTE	1	8	down	<i>	Y	3	Image of a lute		68				
000068	WEED	6	8	down	Unwanted plant	Y	14			68				
000069	SOPRANO	2	1	across	Opera star	Y	10			69				
000069	PUMP	3	1	across	<i>	Y	3	Image of a water pump		69				
000069	ON	3	6	across	Not off	N	7			69				
000069	ISS	4	1	across	Initial sequence set	Y	20			69				
000069	PTL	4	5	across	Permit to let	N	13			69				
000069	RT	5	1	across	<i>	Y	3	Image of a fort	Fo__	69				
000069	THEY	5	4	across	Not us	N	6			69				
000069	I	6	1	across	Inscription	Y	11			69				
000069	PROD	6	3	across	Nudge	N	5			69				
000069	TRAIT	7	1	across	Characteristic	Y	14			69				
000069	H	7	7	across	Habit	N	5			69				
000069	UI	8	1	across	<i>	Y	3	Image of a fruit basket	Fr__ts	69				
000069	PONY	8	4	across	Tiny horse	N	10			69				
000069	ACRONYM	9	1	across	Initials	Y	8			69				
000069	LEND	10	1	across	Offer cash	Y	10			69				
000069	UN	10	6	across	<i>	Y	3	Image of a bakery bun	B__	69				
000069	SPIRITUAL	1	2	down	Religious 	Y	10			69				
000069	OUST	1	3	down	Dethrone	Y	8			69				
000069	RICE	6	3	down	Sushi base	N	10			69				
000069	PMS	1	4	down	Evening hours	Y	13			69				
000069	PA	5	4	down	Port Angeles	N	12			69				
000069	RN	8	4	down	Right now	N	9			69				
000069	RP	1	5	down	Mo__h	Y	5			69				
000069	TRIPOD	4	5	down	Camera stand	N	12			69				
000069	A	1	6	down	Application	Y	11			69				
000069	PHOTON	3	6	down	Laser particle	N	14			69				
000069	NOTED	1	7	down	Famous	Y	6			69				
000069	NYU	7	7	down	New York Univ.	N	14			69				
000069	ONLY	1	8	down	Just	Y	4			69				
000069	HYMN	6	8	down	Church song	Y	11			69				
000070	CRUSADE	2	1	across	Batman: Caped __r	Y	17			70				
000070	LO	3	1	across	Low output	Y	10			70				
000070	STEM	3	4	across	Fruit holder	N	12			70				
000070	ASL	4	1	across	Above sea level	Y	15			70				
000070	SEA	4	5	across	Water body	N	10			70				
000070	SEEP	5	1	across	Leak out	Y	8			70				
000070	RI	5	6	across	Rhode Island	N	12			70				
000070	S	6	1	across	Stratification	Y	14			70				
000070	AAH	6	3	across	Satisfied sigh	N	14			70				
000070	L	6	7	across	Linearity	N	9			70				
000070	MANIAC	7	1	across	Flashdance song	Y	15			70				
000070	AP	8	1	across	Asia Pacific	Y	12			70				
000070	DROP	8	4	across	Exclude	N	7			70				
000070	TEA	9	1	across	<i>	Y	3	Image of a tea bag		70				
000070	MAO	9	5	across	__ Zedong	N	9			70				
000070	EXAM	10	1	across	Big test	Y	8			70				
000070	LD	10	6	across	Low depth	Y	9			70				
000070	CLASSMATE	1	2	down	Fellow student	Y	14			70				
000070	ROSE	1	3	down	<i>	Y	3	Image of a rose		70				
000070	APEX	6	3	down	Top spot	N	8			70				
000070	U	1	4	down	Upgradation	Y	11			70				
000070	LEAN	3	4	down	Tilt	N	4			70				
000070	AA	8	4	down	Acetic acid	N	11			70				
000070	SS	1	5	down	Solar System	Y	12			70				
000070	PAID	4	5	down	Settled up	N	10			70				
000070	M	9	5	down	Morphology	N	10			70				
000070	ATS	1	6	down	Air traffic service	Y	19			70				
000070	HARM	5	6	down	Injure	N	6			70				
000070	DEER	1	7	down	<i>	Y	3	Image of a deer		70				
000070	COAL	6	7	down	Mined fuel	N	10			70				
000070	EMAIL	1	8	down	<i>	Y	3	Image of an email icon		70				
000070	POD	7	8	down	<i>	Y	3	Image of a pea pod	Pea __	70				
000071	SIXTIES	2	1	across	Beatlemania decade	Y	18			71				
000071	TOY	3	1	across	<i>	Y	3	Image of a pull-along duck on wheels 		71				
000071	WAT	3	5	across	Smart__ch	N	9			71				
000071	AT	4	1	across	<i>	Y	3	Image of a boat	BO__	71				
000071	SORE	4	4	across	Painful	N	7			71				
000071	TACT	5	1	across	Orator's skill	Y	14			71				
000071	NP	5	6	across	No problem	N	10			71				
000071	E	6	1	across	Energizer	Y	9			71				
000071	HARES	6	3	across	Rabbits' kin	N	12			71				
000071	WAITER	7	1	across	<i>	Y	3	Image of a waiter		71				
000071	INCUR	8	1	across	Bring on	Y	8			71				
000071	Y	8	7	across	Texter's ask	N	12			71				
000071	DT	9	1	across	Downtown	Y	8			71				
000071	EURO	9	4	across	Italian currency	N	16			71				
000071	EIS	10	1	across	L__ure	Y	6			71				
000071	NAN	10	5	across	<i>	Y	3	Image of a banana	BA__A	71				
000071	STATEWIDE	1	2	down	All over NC or Utah	Y	19			71				
000071	IOTA	1	3	down	Tiny bit	Y	8			71				
000071	ANTI	6	3	down	Opposed	N	7			71				
000071	XY	1	4	down	__lophone	Y	9			71				
000071	CHIC	4	4	down	Trendy	N	6			71				
000071	S	9	4	down	Settings	N	8			71				
000071	T	1	5	down	Tension	Y	7			71				
000071	STATUE	3	5	down	Park art	N	8			71				
000071	IWO	1	6	down	Hand__rk	Y	8			71				
000071	RERUN	5	6	down	Air again	N	9			71				
000071	EARNER	1	7	down	Breadwinner	Y	11			71				
000071	RA	8	7	down	Red Alert	N	9			71				
000071	STEPS	1	8	down	<i>	Y	3	Image of some footsteps in the sand	FOOT__	71				
000071	YON	7	8	down	Over there	Y	10			71				
000073	CARCASS	2	1	across	Broken remains	Y	14			72				
000073	OO	3	1	across	<i>	Y	3	Image of a moon	M__N	72				
000073	HIYA	3	4	across	Howdy	N	5			72				
000073	SCOLD	4	1	across	Chide	Y	5			72				
000073	X	4	7	across	_-Ray	N	5			72				
000073	M	5	1	across	Medium	Y	6			72				
000073	BOSS	5	3	across	Head honcho	N	11			72				
000073	EMIR	6	1	across	Arab chief	Y	10			72				
000073	IM	6	6	across	Instant Message	N	15			72				
000073	TA	7	1	across	<i>	Y	3	Image of a taco shell	__CO	72				
000073	INCA	7	4	across	Peru native	N	11			72				
000073	INANE	8	1	across	Absurd	Y	6			72				
000073	C	8	7	across	Carbon	N	6			72				
000073	C	9	1	across	Texter's see	Y	12			72				
000073	REACH	9	3	across	Get to	N	6			72				
000073	SUI	10	1	across	<i>	Y	3	Image of a formal suit	__T	72				
000073	THO	10	5	across	Howe'er	Y	7			72				
000073	COSMETICS	1	2	down	Store section	Y	13			72				
000073	AOC	1	3	down	NYC rep	Y	7			72				
000073	MAN	5	3	down	Fellow 	N	7			72				
000073	U	9	3	down	Utilize	N	7			72				
000073	R	1	4	down	Reflect	Y	7			72				
000073	OBI	3	4	down	Kimono tie	N	10			72				
000073	ARI	7	4	down	Singer Grande	N	13			72				
000073	CHLORINE	1	5	down	Pool additive	Y	13			72				
000073	AIDS	1	6	down	Helps	Y	5			72				
000073	NEAT	6	6	down	Arranged	N	8			72				
000073	SY	1	7	down	<i>	Y	3	Image of a sycamore tree	__CAMORE	72				
000073	SIC	4	7	down	Editor's "as is"	N	16			72				
000073	CH	8	7	down	__orus	N	6			72				
000073	SAX	1	8	down	<i>	Y	3	Image of a saxophone		72				
000073	MACHO	5	8	down	Super masculine	Y	15			72				
000074	PSYCHIC	2	1	across	Mind reader	Y	11			73				
000074	LARK	3	1	across	<i>	Y	3	Image of a lark		73				
000074	PV	3	6	across	Present Value	N	13			73				
000074	AUS	4	1	across	Sydney's country	Y	16			73				
000074	COS	4	5	across	Trig function	N	13			73				
000074	UN	5	1	across	Negative prefix	Y	15			73				
000074	DUD	5	4	across	Flop firework	N	13			73				
000074	SABER	6	1	across	<i>	Y	3	Image of a lightsaber	LIGHT__	73				
000074	O	6	7	across	Oval letter	N	11			73				
000074	I	7	1	across	1st person	Y	10			73				
000074	ELBOW	7	3	across	Arm joint	N	9			73				
000074	BALE	8	1	across	Hay stack	Y	9			73				
000074	NN	8	6	across	Neural Network	N	14			73				
000074	LETTUCE	9	1	across	<i>	Y	3	Image of a bunch of lettuce		73				
000074	ES	10	1	across	En Suite	Y	8			73				
000074	EVER	10	4	across	At all	Y	6			73				
000074	PLAUSIBLE	1	2	down	Likely	Y	6			73				
000074	SAUNA	1	3	down	Steam room	Y	10			73				
000074	AES	7	3	down	All-Electric Ship	N	17			73				
000074	YRS	1	4	down	12-month periods	Y	16			73				
000074	BELT	5	4	down	Waist band	N	10			73				
000074	CK	1	5	down	<i>	Y	3	Image of a pickaxe	PI__AXE	73				
000074	DELETE	4	5	down	Erase	N	5			73				
000074	H	1	6	down	Harness	Y	7			73				
000074	CURB	3	6	down	Restrain	N	8			73				
000074	UV	8	6	down	Ultraviolet	N	11			73				
000074	IPOD	1	7	down	<i>	Y	3	Image of an ipod		73				
000074	ONCE	6	7	down	Formerly	N	8			73				
000074	CVS	1	8	down	Resumes	Y	7			73				
000074	OWNER	5	8	down	Landlord	Y	8			73				
000075	AGAINST	2	1	across	Opposed	Y	7			74				
000075	SLAY	3	1	across	Take down	Y	9			74				
000075	HY	3	6	across	Half Yearly	N	11			74				
000075	CUR	4	1	across	<i>	Y	3	Image of a thinking-face emoji	__IOUS	74				
000075	BOP	4	5	across	Playful hit	N	11			74				
000075	EE	5	1	across	L__way	Y	6			74				
000075	FAVE	5	4	across	Top pick	N	8			74				
000075	R	6	1	across	Reflect	Y	7			74				
000075	SALE	6	3	across	Auction	N	7			74				
000075	TRAIL	7	1	across	<i>	Y	3	Image of a forest trail		74				
000075	Z	7	7	across	Zillion	N	7			74				
000075	AI	8	1	across	Analog Input	Y	12			74				
000075	LOBE	8	4	across	Ear part	N	8			74				
000075	IMPETUS	9	1	across	Motivation	Y	10			74				
000075	NEED	10	1	across	Must have	Y	9			74				
000075	YT	10	6	across	YouTube	Y	7			74				
000075	ASCERTAIN	1	2	down	Verify	Y	6			74				
000075	GLUE	1	3	down	<i>	Y	3	Image of a bottle of glue		74				
000075	RIME	6	3	down	Frosty coating	N	14			74				
000075	AAR	1	4	down	At Any Rate	Y	11			74				
000075	SA	5	4	down	South America	N	13			74				
000075	PE	8	4	down	Project Engineer	N	16			74				
000075	IY	1	5	down	Initial Yield	Y	13			74				
000075	FAILED	4	5	down	Went under	N	10			74				
000075	N	1	6	down	Nitrogen	Y	8			74				
000075	BALLOT	3	6	down	__ box	N	6			74				
000075	SHOVE	1	7	down	<i>	Y	3	Image of a shovel	__L	74				
000075	BUY	7	7	down	Purchase	N	8			74				
000075	TYPE	1	8	down	<i>	Y	3	Image of hands typing on a keyboard		74				
000075	ZEST	6	8	down	Citrus peel	Y	11			74				
000076	STUMBLE	2	1	across	Misstep	Y	7			75				
000076	UH	3	1	across	University of Houston	Y	21			75				
000076	MOON	3	4	across	Night orb	N	9			75				
000076	GAS	4	1	across	<i>	Y	3	Image of a gas pump	__ PUMP	75				
000076	WGT	4	5	across	Weight	N	6			75				
000076	GILT	5	1	across	Gold-coated	Y	11			75				
000076	EE	5	6	across	End Entity	N	10			75				
000076	E	6	1	across	Earth	Y	5			75				
000076	AUC	6	3	across	Auction	N	7			75				
000076	R	6	7	across	Right	N	5			75				
000076	SYMBOL	7	1	across	Emblem	Y	6			75				
000076	TO	8	1	across	<i>	Y	3	Image of a torch	__RCH	75				
000076	ALAS	8	4	across	Too bad!	N	8			75				
000076	EGG	9	1	across	<i>	Y	3	Image of an egg		75				
000076	AMO	9	5	across	Air mass zero	N	13			75				
000076	DAZE	10	1	across	Mind fog	Y	8			75				
000076	BY	10	6	across	Use-__ date	Y	11			75				
000076	SUGGESTED	1	2	down	Advised	Y	7			75				
000076	THAI	1	3	down	Pad __	Y	6			75				
000076	YOGA	6	3	down	Quiet exercise	N	14			75				
000076	U	1	4	down	Undertake	Y	9			75				
000076	SLAM	3	4	down	Shut hard	N	9			75				
000076	GZ	8	4	down	Ground Zero	N	11			75				
000076	MM	1	5	down	Mass Media	Y	10			75				
000076	TUBA	4	5	down	Big horn	N	8			75				
000076	E	9	5	down	Enforce	N	7			75				
000076	BOW	1	6	down	<i>	Y	3	Image of a ribbon bow		75				
000076	COLA	5	6	down	Soft drink	N	10			75				
000076	LOGE	1	7	down	Seating level	Y	13			75				
000076	LAMB	6	7	down	Zoo baby	N	8			75				
000076	ENTER	1	8	down	Go in	Y	5			75				
000076	SOY	7	8	down	<i>	Y	3	Image of a soybean pod		75				
000077	ACTRESS	2	1	across	Cast member	Y	11			76				
000077	NOVA	3	1	across	__ Scotia	Y	9			76				
000077	TH	3	6	across	Rhy__m	N	6			76				
000077	AN	4	1	across	Access Network	Y	14			76				
000077	MAYA	4	4	across	Poet Angelou	N	12			76				
000077	LES	5	1	across	__ Miserables	Y	13			76				
000077	ULM	5	5	across	C__inate	N	8			76				
000077	O	6	1	across	Oversee	Y	7			76				
000077	WANE	6	3	across	Decline	N	7			76				
000077	GUILT	7	1	across	Remorse	Y	7			76				
000077	O	7	7	across	Obscure	N	7			76				
000077	ONGOING	8	1	across	In action	Y	9			76				
000077	UT	9	1	across	<i>	Y	3	Image of some cutlery	C__LERY	76				
000077	NEAR	9	4	across	Not far	N	7			76				
000077	SONG	10	1	across	Playlist entry	Y	14			76				
000077	NE	10	6	across	New England	Y	11			76				
000077	ANALOGOUS	1	2	down	Similar	Y	7			76				
000077	CONE	1	3	down	<i>	Y	3	Image of a traffic cone		76				
000077	UNTO	6	3	down	Do __ others..	N	14			76				
000077	TV	1	4	down	<i>	Y	3	Image of a TV set		76				
000077	SWIG	4	4	down	Quick sip	N	9			76				
000077	N	9	4	down	Normal	N	6			76				
000077	RAM	1	5	down	<i>	Y	3	Image of a ram		76				
000077	ALONG	5	5	down	Beside	N	6			76				
000077	E	1	6	down	Examine	Y	7			76				
000077	AUNTIE	3	6	down	Mom's sis	N	9			76				
000077	STYLE	1	7	down	Panache	Y	7			76				
000077	NAN	7	7	down	Indian bread	N	12			76				
000077	SHAM	1	8	down	Hoax	Y	4			76				
000077	OGRE	6	8	down	<i>	Y	3	Image of Shrek		76				
000078	EARNEST	2	1	across	Sincere	Y	7			77				
000078	XY	3	1	across	Graph Axes	Y	10			77				
000078	HYPE	3	4	across	Buzz	N	4			77				
000078	EAR	4	1	across	<i>	Y	3	Image of an ear		77				
000078	ERR	4	5	across	Go wrong	N	8			77				
000078	M	5	1	across	Mention	Y	7			77				
000078	ELDER	5	3	across	Senior	N	6			77				
000078	PLEA	6	1	across	Entreaty	Y	8			77				
000078	EI	6	6	across	Energy Intensity	N	16			77				
000078	LEFTY	7	1	across	Southpaw	Y	8			77				
000078	F	7	7	across	Finance	N	7			77				
000078	AV	8	1	across	<i>	Y	3	Image of a beaver	BE__ER	77				
000078	TAXI	8	4	across	Cab	N	3			77				
000078	RESERVE	9	1	across	Backup	Y	6			77				
000078	YEAR	10	1	across	Leap __	Y	7			77				
000078	ID	10	6	across	Ego counterpart	Y	15			77				
000078	EXEMPLARY	1	2	down	Model act	Y	9			77				
000078	AYA	1	3	down	<i>	Y	3	Image of a papaya	PAP__	77				
000078	LEVEE	5	3	down	Flood guard	N	11			77				
000078	R	1	4	down	Referee	Y	7			77				
000078	REEF	3	4	down	Ocean site	N	10			77				
000078	SA	8	4	down	South Africa	N	12			77				
000078	NH	1	5	down	Nursing Home	Y	12			77				
000078	LATTER	4	5	down	Not prior	N	9			77				
000078	EYED	1	6	down	Stared at	Y	9			77				
000078	YAR	6	6	down	Pirate's cry	N	12			77				
000078	SPREE	1	7	down	Mall binge	Y	10			77				
000078	XVI	7	7	down	Sixteen	N	7			77				
000078	TERRIFIED	1	8	down	<i>	Y	3	Image of a terrified-face emoji		77				
000079	BESIDES	2	1	across	Also	Y	4			78				
000079	ANON	3	1	across	Nameless	Y	8			78				
000079	GU	3	6	across	Game Universe	N	13			78				
000079	CAPTURE	4	1	across	Seize	Y	5			78				
000079	KB	5	1	across	Kilobyte	Y	8			78				
000079	OSE	5	4	across	Gluc__	N	6			78				
000079	SLA	6	1	across	<i>	Y	3	Image of a bowl of coleslaw	COLE__W	78				
000079	UGA	6	5	across	Conj__te	N	8			78				
000079	TERRAIN	7	1	across	Land	Y	4			78				
000079	A	8	1	across	Assess	Y	6			78				
000079	COLON	8	3	across	Two dots	N	8			78				
000079	GASP	9	1	across	<i>	Y	3	Image of a gasping face		78		Image does not make sense		
000079	UO	9	6	across	Unit Operator	N	13			78				
000079	EL	10	1	across	<i>	Y	3	Image of a pelican	P__ICAN	78				
000079	EASY	10	4	across	Simple	Y	6			78				
000079	BACKSTAGE	1	2	down	Theater area	Y	12			78				
000079	ENABLE	1	3	down	Allow	Y	5			78				
000079	AL	8	3	down	Annual Leave	N	12			78				
000079	SOP	1	4	down	Soaked bread	Y	12			78				
000079	ARCS	5	4	down	Bends	N	5			78				
000079	INTO	1	5	down	Digging	Y	7			78				
000079	ROPE	6	5	down	Jump __	N	7			78				
000079	D	1	6	down	Discuss	Y	7			78				
000079	USUAL	3	6	down	As always	N	9			78				
000079	A	9	6	down	Good grade	N	10			78				
000079	EGREGIOUS	1	7	down	Awful	Y	5			78				
000079	SUE	1	8	down	<i>	Y	3	Image of a tissue paper box	TIS__	78				
000079	ANNOY	5	8	down	Pester	Y	6			78				
000080	DIPLOMA	2	1	across	Degree	Y	6			79				
000080	ROLE	3	1	across	Actor’s part	Y	12			79				
000080	OY	3	6	across	Option Year	N	11			79				
000080	UNE	4	1	across	French "a"	Y	10			79				
000080	CRA	4	5	across	__yons	N	6			79				
000080	G	5	1	across	Govern	Y	6			79				
000080	DARE	5	3	across	Truth or __	N	11			79				
000080	SOGGY	6	1	across	Not at all dry 	Y	15			79				
000080	F	6	7	across	Forward	N	7			79				
000080	TREE	7	1	across	<i>	Y	3	Image of a tree		79				
000080	WI	7	6	across	__FI	N	4			79				
000080	OD	8	1	across	Overdose	Y	8			79				
000080	NOON	8	4	across	Midday	N	6			79				
000080	RESTORE	9	1	across	Bring back	Y	10			79				
000080	ERE	10	1	across	<i>	Y	3	Image of a stereo system	ST__O	79				
000080	PDS	10	5	across	Product Data Sheet	Y	18			79				
000080	DRUGSTORE	1	2	down	<i>	Y	3	Image of a drugstore		79				
000080	ION	1	3	down	Charged atom	Y	12			79				
000080	ORDER	5	3	down	Menu selection	N	14			79				
000080	PLEDGE	1	4	down	Make oath	Y	9			79				
000080	SE	8	4	down	Second Edition	N	14			79				
000080	LE	1	5	down	<i>	Y	3	Image of a lemon	__MON	79				
000080	AGENT	4	5	down	Spy	N	3			79				
000080	O	1	6	down	Origami	Y	7			79				
000080	CRY	3	6	down	Weep	N	4			79				
000080	OOP	7	6	down	Alley-__	N	8			79				
000080	MORE	1	7	down	Additional	Y	10			79				
000080	WORD	6	7	down	Scrabble play	N	13			79				
000080	AYA	1	8	down	Actress __ Cash	Y	15			79				
000080	FINES	5	8	down	Penalties	Y	9			79				
000081	TEQUILA	2	1	across	Margarita liquor	Y	16			80				
000081	RAPT	3	1	across	Riveted	Y	7			80				
000081	IW	3	6	across	In Warranty	N	11			80				
000081	AV	4	1	across	Audio & Video	Y	13			80				
000081	ACNE	4	4	across	Skin outbreak	N	13			80				
000081	NEH	5	1	across	Nehemiah	Y	8			80				
000081	OUD	5	5	across	Dust cl__	N	9			80				
000081	S	6	1	across	South	Y	5			80				
000081	IMAX	6	3	across	Theater type	N	12			80				
000081	POKER	7	1	across	<i>	Y	3	Image of a poker table with chips and cards		80				
000081	M	7	7	across	Media	N	5			80				
000081	OVERSEE	8	1	across	Supervise	Y	9			80				
000081	RE	9	1	across	Prefix meaning again	Y	20			80				
000081	RENT	9	4	across	Lease	N	5			80				
000081	TRAY	10	1	across	<i>	Y	3	Image of an empty tray		80				
000081	AE	10	6	across	Adverse Event	Y	13			80				
000081	TRANSPORT	1	2	down	Move something	Y	14			80				
000081	EAVE	1	3	down	<i>	Y	3	Image of a weaver bird with its nest	W__rbird	80				
000081	OVER	6	3	down	Finished	N	8			80				
000081	QP	1	4	down	Quality Progress	Y	16			80				
000081	HIKE	4	4	down	Trek	N	4			80				
000081	A	9	4	down	Activity	N	8			80				
000081	UTA	1	5	down	Deb__nt	Y	7			80				
000081	MERRY	5	5	down	Joyous	N	6			80				
000081	I	1	6	down	Pronoun for self	Y	16			80				
000081	COARSE	3	6	down	Like sandpaper	N	14			80				
000081	LINUX	1	7	down	Open-source OS	Y	14			80				
000081	ENA	7	7	down	Bambi's aunt	N	12			80				
000081	AWED	1	8	down	Blown away	Y	10			80				
000081	METE	6	8	down	<i>	Y	3	Image of a meteor	__OR	80		Can we add a trailing fire to make the image clearer?		
000082	NITRATE	2	1	across	Fertilizer type	Y	15			81				
000082	ODD	3	1	across	Peculiar	Y	8			81				
000082	VIM	3	5	across	__ and vigor	N	12			81				
000082	SE	4	1	across	<i>	Y	3	Image of a seal	__AL	81				
000082	LIMB	4	4	across	Arm or leg	N	10			81				
000082	TAME	5	1	across	Not wild	Y	8			81				
000082	BE	5	6	across	Exist	N	5			81				
000082	A	6	1	across	Activity	Y	8			81				
000082	ADDED	6	3	across	Threw in	N	8			81				
000082	LINGER	7	1	across	Not rush	Y	8			81				
000082	GREET	8	1	across	Say hi to	Y	9			81				
000082	U	8	7	across	University	N	10			81				
000082	II	9	1	across	Roman two	Y	9			81				
000082	REAR	9	4	across	Back end	N	8			81				
000082	CSI	10	1	across	__: Vegas	Y	9			81				
000082	RAN	10	5	across	<i>	Y	3	Image of a orange	O__GE	81				
000082	NOSTALGIC	1	2	down	Prone to reminiscing	Y	20			81				
000082	IDEA	1	3	down	<i>	Y	3	Image of a person with a lightbulb depicting an idea		81		Can we move the lightbulb next to the person's head?		
000082	IRIS	6	3	down	Eye part	N	8			81				
000082	TD	1	4	down	Ho__og	Y	6			81				
000082	MANE	4	4	down	Lion's hair	N	11			81				
000082	I	9	4	down	Island	N	6			81				
000082	R	1	5	down	Texter's are	Y	12			81				
000082	LEDGER	3	5	down	Sales record	N	12			81				
000082	AVI	1	6	down	Gr__ty	Y	6			81				
000082	DETER	5	6	down	Ward off	N	8			81				
000082	TIMBER	1	7	down	<i>	Y	3	Image of timber		81				
000082	AA	8	7	down	Amino Acid	N	10			81				
000082	EMBED	1	8	down	Plant firmly	Y	12			81				
000082	URN	7	8	down	<i>	Y	3	Image of an urn		81				
000083	GENESIS	2	1	across	Origin	Y	6			82				
000083	ROAR	3	1	across	Jungle warning	Y	14			82				
000083	GO	3	6	across	Take off	N	8			82				
000083	A	4	1	across	Advanced	Y	8			82				
000083	POUND	4	3	across	UK cash	N	7			82				
000083	SLED	5	1	across	<i>	Y	3	Image of a sled		82				
000083	IA	5	6	across	Internal Audit	N	14			82				
000083	SE	6	1	across	Search Engine	Y	13			82				
000083	EAT	6	4	across	Munch	N	5			82				
000083	LAZ	7	1	across	<i>	Y	3	Image of a blazer	B__er	82				
000083	NEC	7	5	across	Northeast Corridor	N	18			82				
000083	AGING	8	1	across	Growing old	Y	11			82				
000083	O	8	7	across	Operations	N	10			82				
000083	NU	9	1	across	<i>	Y	3	Image of a hospital nurse	__RSE	82				
000083	ORAL	9	4	across	Spoken	N	6			82				
000083	DELAYED	10	1	across	Not on time	Y	11			82				
000083	GRASSLAND	1	2	down	Savanna or Prairie	Y	18			82				
000083	EO	1	3	down	Essential Oil	Y	13			82				
000083	LEAGUE	4	3	down	Sports org	N	10			82				
000083	NAPE	1	4	down	<i>	Y	3	Image with an arrow pointing to the nape of the neck		82				
000083	ZI	6	4	down	Zoom In	N	7			82				
000083	L	9	4	down	Local	N	5			82				
000083	ERODE	1	5	down	Break down	Y	10			82				
000083	NOA	7	5	down	Qui__	N	5			82				
000083	S	1	6	down	Subject	Y	7			82				
000083	U	3	6	down	Universal	N	9			82				
000083	ANGRY	5	6	down	Fuming	N	6			82				
000083	IGNITE	1	7	down	Set on fire	Y	11			82				
000083	AE	8	7	down	American Eng	N	12			82				
000083	SODA	1	8	down	<i>	Y	3	Image of a can of soda		82				
000083	COLD	6	8	down	<i>	Y	3	Image of a person shivering in the cold		82				
000085	FRAUGHT	2	1	across	Worried	Y	7			83				
000085	RINK	3	1	across	<i>	Y	3	Image of an ice rink	Ice __	83				
000085	AI	3	6	across	Mos__c	N	6			83				
000085	ENO	4	1	across	Eng. National Opera	Y	19			83				
000085	STE	4	5	across	We__rn	N	6			83				
000085	ES	5	1	across	Earth Science	Y	13			83				
000085	BEE	5	4	across	Buzz maker	N	10			83				
000085	SERUM	6	1	across	Skincare aid	Y	12			83				
000085	B	6	7	across	Business	N	8			83				
000085	T	7	1	across	Tactics	Y	7			83				
000085	ANIME	7	3	across	Japanese genre	N	14			83				
000085	YANK	8	1	across	<i>	Y	3	Image of a Yankee cap	__ee	83				
000085	OL	8	6	across	Overhead Line	N	13			83				
000085	LATERAL	9	1	across	Sideways	Y	8			83				
000085	EA	10	1	across	<i>	Y	3	Image of a seal	S__L	83				
000085	RATE	10	4	across	Evaluate	Y	8			83				
000085	FREESTYLE	1	2	down	Skating competition	Y	19			83				
000085	RINSE	1	3	down	Wash off	Y	8			83				
000085	AAA	7	3	down	Battery type	N	12			83				
000085	ANO	1	4	down	Spanish year	Y	12			83				
000085	RANT	5	4	down	Tirade	N	6			83				
000085	UK	1	5	down	<i>	Y	3	Image of the UK flag		83		Please fix this image. 		
000085	BUNKER	4	5	down	Golf trap	N	9			83				
000085	G	1	6	down	Seventh letter	Y	14			83				
000085	SEMI	3	6	down	Prefix for half	N	15			83				
000085	RA	8	6	down	Egyptian god	N	12			83				
000085	HATE	1	7	down	Despise	Y	7			83				
000085	MOAT	6	7	down	Castle pit	N	10			83				
000085	TIE	1	8	down	<i>	Y	3	Image of a tie-dye tee	__-Dye	83		Added text		
000085	BELLE	5	8	down	Star of the ball	Y	16			83				
000086	SHARING	2	1	across	Not hoarding	Y	12			84				
000086	CORN	3	1	across	<i>	Y	3	Image of a corn cob		84				
000086	UA	3	6	across	Rit__l	N	6			84				
000086	RPM	4	1	across	Tachometer unit	Y	15			84				
000086	CDL	4	5	across	Common Data Link	N	16			84				
000086	IE	5	1	across	That is	Y	7			84				
000086	SAGE	5	4	across	Herbal plant	N	12			84				
000086	P	6	1	across	Partner	Y	7			84				
000086	SIRE	6	3	across	Horse’s dad	N	11			84				
000086	TRAMP	7	1	across	Lady and the __	Y	15			84				
000086	W	7	7	across	Window	N	6			84				
000086	UE	8	1	across	User Equipment	Y	14			84				
000086	PESO	8	4	across	Manila money	N	12			84				
000086	REALTOR	9	1	across	Estate agent	Y	12			84				
000086	EDGE	10	1	across	<i>	Y	3	Image of a hedgehog	H__hog	84				
000086	WN	10	6	across	World News	Y	10			84				
000086	SCRIPTURE	1	2	down	Holy text	Y	9			84				
000086	HOPE	1	3	down	Bright outlook	Y	14			84				
000086	REED	6	3	down	Marsh plant	N	11			84				
000086	ARM	1	4	down	<i>	Y	3	Image of an arm (body part)		84				
000086	SA	5	4	down	South Africa	N	12			84				
000086	AG	8	4	down	Attorney General	N	16			84				
000086	RN	1	5	down	Roman Numerals	Y	14			84				
000086	SIMPLE	4	5	down	Not complex	N	11			84				
000086	I	1	6	down	Personal pronoun	Y	16			84				
000086	CARPET	3	6	down	Floor cover	N	11			84				
000086	NUDGE	1	7	down	Subtle hint	Y	11			84				
000086	SOW	7	7	down	Plant seeds	N	11			84				
000086	GALE	1	8	down	<i>	Y	3	Image of a tree moving in the gale		84				
000086	WORN	6	8	down	Frayed	Y	6			84				
000087	SPUTTER	2	1	across	Sound flustered	Y	15			85				
000087	UO	3	1	across	Liq__r	Y	6			85				
000087	CHAI	3	4	across	Masala tea	N	10			85				
000087	COB	4	1	across	<i>	Y	3	Image of a cobra snake	__RA	85				
000087	ASP	4	5	across	Venomous snake	N	14			85				
000087	CLAP	5	1	across	<i>	Y	3	Image of a hand clapping		85				
000087	EE	5	6	across	Everyone Else	N	13			85				
000087	E	6	1	across	Eastern	Y	7			85				
000087	SAW	6	3	across	Cutting tool	N	12			85				
000087	N	6	7	across	Compass point	N	13			85				
000087	SCENIC	7	1	across	Picturesque	Y	11			85				
000087	SO	8	1	across	<i>	Y	3	Image of a pair of socks	__CKS	85				
000087	TSAR	8	4	across	Russian ruler	N	13			85				
000087	OMG	9	1	across	No way!	Y	7			85				
000087	PRO	9	5	across	Expert	N	6			85				
000087	RAZE	10	1	across	Flatten	Y	7			85				
000087	TB	10	6	across	Tuberculosis	Y	12			85				
000087	SUCCESSOR	1	2	down	Next in line	Y	12			85				
000087	POOL	1	3	down	<i>	Y	3	Image of a pool		85				
000087	COMA	6	3	down	Unconscious state	N	17			85				
000087	U	1	4	down	Uranium symbol	Y	14			85				
000087	BASE	3	4	down	Starting point	N	14			85				
000087	GZ	8	4	down	Generation Z	N	12			85				
000087	TC	1	5	down	Tennis Club	Y	11			85				
000087	PANT	4	5	down	Heavy breath	N	12			85				
000087	E	9	5	down	Energy	N	6			85				
000087	THA	1	6	down	Le__rgy	Y	7			85				
000087	WISP	5	6	down	Faint trace	N	11			85				
000087	EASE	1	7	down	<i>	Y	3	Image of an easel	__L	85		Can we remove the skeletan from the easel?		
000087	CART	6	7	down	Shopping hauler	N	15			85				
000087	RIPEN	1	8	down	Age like fruit	Y	14			85				
000087	ROB	7	8	down	Steal	Y	5			85				
000088	STELLAR	2	1	across	Spectacular	Y	11			86				
000088	THEE	3	1	across	Old "you"	Y	9			86				
000088	PO	3	6	across	Post Office	N	11			86				
000088	RA	4	1	across	<i>	Y	3	Image of a raven	__VEN	86				
000088	ECHO	4	4	across	Canyon effect	N	13			86				
000088	EWW	5	1	across	Gross reaction	Y	14			86				
000088	HIT	5	5	across	Strike	N	6			86				
000088	S	6	1	across	Superman’s emblem	Y	17			86				
000088	HEED	6	3	across	Take notice	N	11			86				
000088	SPINE	7	1	across	<i>	Y	3	Image of the human spine		86				
000088	C	7	7	across	100 in Rome	N	11			86				
000088	FORESEE	8	1	across	Predict	Y	7			86				
000088	US	9	1	across	You and me	Y	10			86				
000088	MELD	9	4	across	Combine	N	7			86				
000088	LEVY	10	1	across	Tax	Y	3			86				
000088	AE	10	6	across	Alg__	Y	5			86				
000088	STRESSFUL	1	2	down	Anxiety-inducing	Y	16			86				
000088	THAW	1	3	down	Defrost	Y	7			86				
000088	POSE	6	3	down	Fake behavior	N	13			86				
000088	EE	1	4	down	<i>	Y	3	Image of an eel	__L	86				
000088	WHIR	4	4	down	Fan’s noise	N	11			86				
000088	V	9	4	down	Victory	N	7			86				
000088	LEE	1	5	down	Bruce __	Y	8			86				
000088	ENEMY	5	5	down	Adversary	N	9			86				
000088	L	1	6	down	Lecture	Y	7			86				
000088	CHEESE	3	6	down	Swiss or cheddar	N	16			86				
000088	APHID	1	7	down	Plant pest	Y	10			86				
000088	ELA	7	7	down	Hom__nd	N	7			86				
000088	ROOT	1	8	down	<i>	Y	3	Image of a plant root		86		Can we change this to a root where the strands are visible? 		
000088	CEDE	6	8	down	Surrender	Y	9			86				
000089	CREATOR	2	1	across	Originator	Y	10			87				
000089	HI	3	1	across	<i>	Y	3	Image of a red chili	C__li	87				
000089	TAPE	3	4	across	Sticky strip	N	12			87				
000089	ABC	4	1	across	TV network	Y	10			87				
000089	KIM	4	5	across	__ Kardashian	N	13			87				
000089	R	5	1	across	Movie rating	Y	12			87				
000089	ARENA	5	3	across	Gladiator’s stage	N	17			87				
000089	ACRE	6	1	across	Land unit	Y	9			87				
000089	EI	6	6	across	East Indies	N	11			87				
000089	CLEAN	7	1	across	Not dirty	Y	9			87				
000089	N	7	7	across	Numeric	N	7			87				
000089	TO	8	1	across	<i>	Y	3	Image of a toad	__AD	87				
000089	SAID	8	4	across	Spoke	N	5			87				
000089	ENFORCE	9	1	across	Impose	Y	6			87				
000089	REIN	10	1	across	<i>	Y	3	Image highlighting a horse's rein		87				
000089	ER	10	6	across	Surgical area	Y	13			87				
000089	CHARACTER	1	2	down	Persona	Y	7			87				
000089	RIB	1	3	down	<i>	Y	3	Image of a ribcage	__CAGE	87				
000089	CLONE	5	3	down	Genetic copy	N	12			87				
000089	E	1	4	down	Email	Y	5			87				
000089	CARE	3	4	down	Concern	N	7			87				
000089	FI	8	4	down	Sci-__	N	6			87				
000089	AT	1	5	down	<i>	Y	3	Image of a pirate symbol	PIR__E	87				
000089	REASON	4	5	down	Rational basis	N	14			87				
000089	TAKE	1	6	down	Grab	Y	4			87				
000089	NAR	6	6	down	narrative	N	9			87				
000089	OPINE	1	7	down	Speak out	Y	9			87				
000089	ICE	7	7	down	Frozen water	N	12			87				
000089	REMAINDER	1	8	down	Leftover	Y	8			87				
000090	APPLAUD	2	1	across	<i>	Y	3	Image of multiple hands clapping		88				
000090	SOLO	3	1	across	Alone	Y	5			88				
000090	NV	3	6	across	Nevada	N	6			88				
000090	STARTED	4	1	across	Kicked off	Y	10			88				
000090	OI	5	1	across	Turm__l	Y	7			88				
000090	DAT	5	4	across	Man__ed	N	7			88				
000090	COW	6	1	across	<i>	Y	3	Image of a cow		88				
000090	SHY	6	5	across	Reserved	N	8			88				
000090	INERTIA	7	1	across	Physics force	Y	13			88				
000090	A	8	1	across	Approved	Y	8			88				
000090	LEECH	8	3	across	Parasitic worm	N	14			88				
000090	TOTE	9	1	across	<i>	Y	3	Image of a tote bag		88				
000090	AO	9	6	across	Account Of	N	10			88				
000090	EZ	10	1	across	Exclusion Zone	Y	14			88				
000090	KILO	10	4	across	Metric measure	Y	14			88				
000090	ASSOCIATE	1	2	down	Partner	Y	7			88				
000090	POTION	1	3	down	Witch’s brew	Y	12			88				
000090	OZ	8	3	down	Wizard of __	N	12			88				
000090	PLA	1	4	down	<i>	Y	3	Image of a computer monitor 	DIS__Y	88		Please remove the human body from the display		
000090	WELT	5	4	down	Whip mark	N	9			88				
000090	LORD	1	5	down	Noble title	Y	11			88				
000090	REEK	6	5	down	Stink	N	5			88				
000090	A	1	6	down	Annual	Y	6			88				
000090	TASTE	3	6	down	Sample food	N	11			88				
000090	I	9	6	down	Investigate	N	11			88				
000090	UNETHICAL	1	7	down	Immoral	Y	7			88				
000090	DVD	1	8	down	<i>	Y	3	Image of a DVD		88		Please remove the human body from the DVD		
000090	YAHOO	5	8	down	Search engine	Y	13			88				
000091	PASTIME	2	1	across	Hobby	Y	5			89				
000091	OGLE	3	1	across	Look lustfully	Y	14			89				
000091	AV	3	6	across	Asset Value	N	11			89				
000091	TAO	4	1	across	Chinese philosophy	Y	18			89				
000091	ARA	4	5	across	Night sky altar	N	15			89				
000091	A	5	1	across	Annual	Y	6			89				
000091	GENE	5	3	across	DNA unit	N	8			89				
000091	STAND	6	1	across	<i>	Y	3	Image of a laptop stand	LAPTOP __	89				
000091	S	6	7	across	System	N	6			89				
000091	SAND	7	1	across	<i>	Y	3	Image of sand in a bucket at a beach		89				
000091	YA	7	6	across	Young Adult	N	11			89				
000091	II	8	1	across	Sequel number	Y	13			89				
000091	OPAL	8	4	across	October gem	N	11			89				
000091	UNAWARE	9	1	across	Oblivious	Y	9			89				
000091	MTS	10	1	across	<i>	Y	3	Image of some mountains		89				
000091	MDS	10	5	across	Medical degrees	Y	15			89				
000091	POTASSIUM	1	2	down	K on table	Y	10			89				
000091	AGA	1	3	down	M__zine	Y	7			89				
000091	TAINT	5	3	down	Contaminate	N	11			89				
000091	SLOGAN	1	4	down	Catchphrase	Y	11			89				
000091	AS	8	4	down	Like	N	4			89				
000091	TE	1	5	down	<i>	Y	3	Image of a teddy bear	__DDY	89				
000091	ENDOW	4	5	down	Provide	N	7			89				
000091	I	1	6	down	In Phase	Y	8			89				
000091	AND	3	6	down	Also	N	4			89				
000091	PAM	7	6	down	__phlet	N	7			89				
000091	MARE	1	7	down	<i>	Y	3	Image of a mare		89				
000091	YARD	6	7	down	Outdoor space	N	13			89				
000091	EVA	1	8	down	Actress Mendes	Y	14			89				
000091	SALES	5	8	down	Retail figures	Y	14			89				
000092	ARSENAL	2	1	across	Soccer club	Y	11			90				
000092	BIRD	3	1	across	<i>	Y	3	Image of a bird		90				
000092	MA	3	6	across	Massachusetts	N	13			90				
000092	US	4	1	across	<i>	Y	3	Image of a cactus	CACT__	90				
000092	USER	4	4	across	Consumer	N	8			90				
000092	NEW	5	1	across	Not old	Y	7			90				
000092	END	5	5	across	Finish	N	6			90				
000092	D	6	1	across	Degree	Y	6			90				
000092	HERD	6	3	across	Goat group	N	10			90				
000092	AGILE	7	1	across	Quick-moving	Y	12			90				
000092	M	7	7	across	Medium	N	6			90				
000092	NOMINEE	8	1	across	Candidate	Y	9			90				
000092	CA	9	1	across	<i>	Y	3	Image of a piece of candy	__NDY	90				
000092	TERM	9	4	across	School session	N	14			90				
000092	ELSE	10	1	across	Otherwise	Y	9			90				
000092	AE	10	6	across	American Eagle	Y	14			90				
000092	ABUNDANCE	1	2	down	Plenty	Y	6			90				
000092	RISE	1	3	down	<i>	Y	3	Image of the rising sun	SUN__	90		It's a sunrise image, so sun shouldn't be visible below the horizon		
000092	GOAL	6	3	down	Target	N	6			90				
000092	SR	1	4	down	Senior 	Y	7			90				
000092	WHIM	4	4	down	Sudden urge	N	11			90				
000092	S	9	4	down	System	N	6			90				
000092	EDU	1	5	down	College site ender	Y	18			90				
000092	ELITE	5	5	down	Top-tier	N	8			90				
000092	N	1	6	down	Neutron	Y	7			90				
000092	SERENE	3	6	down	Peaceful	N	8			90				
000092	AMEND	1	7	down	Improve	Y	7			90				
000092	ERA	7	7	down	Historical age	N	14			90				
000092	LARD	1	8	down	<i>	Y	3	Image of a mallard duck	MAL__	90				
000092	MEME	6	8	down	Online joke	Y	11			90				
000094	NEWBORN	2	1	across	<i>	Y	3	Image of a newborn baby		91				
000094	ODOR	3	1	across	Bad smell	Y	9			91				
000094	OO	3	6	across	Oval Office	N	11			91				
000094	N	4	1	across	North	Y	5			91				
000094	NEXUS	4	3	across	Central link	N	12			91				
000094	PATE	5	1	across	Head	Y	4			91				
000094	TY	5	6	across	Thank you	N	9			91				
000094	RP	6	1	across	<i>	Y	3	Image of a purple-colored circle	PU__LE	91				
000094	DAE	6	4	across	Sun__	N	5			91				
000094	OPT	7	1	across	Choose	Y	6			91				
000094	SRT	7	5	across	SubRip Subtitle	N	15			91				
000094	FETES	8	1	across	Galas	Y	5			91				
000094	I	8	7	across	Me	N	2			91				
000094	IA	9	1	across	D__mond	Y	7			91				
000094	REAL	9	4	across	Not fake	N	8			91				
000094	TRUSTEE	10	1	across	Funds holder	Y	12			91				
000094	NONPROFIT	1	2	down	Like most charities	Y	19			91				
000094	ED	1	3	down	<i>	Y	3	Image of edam cheese	__AM CHEESE	91				
000094	APPEAR	4	3	down	Seem	N	4			91				
000094	WONT	1	4	down	Will not	Y	8			91				
000094	TT	6	4	down	Table Tennis	N	12			91				
000094	U	9	4	down	You, in a text	N	14			91				
000094	BREED	1	5	down	Dog type	Y	8			91				
000094	ERS	7	5	down	Hospital rooms	N	14			91				
000094	O	1	6	down	Zero	Y	4			91				
000094	X	3	6	down	YZ partner	N	10			91				
000094	ASSET	5	6	down	Property	N	8			91				
000094	ROUTER	1	7	down	<i>	Y	3	Image of a router		91				
000094	AE	8	7	down	__roplane	N	9			91				
000094	NOSY	1	8	down	Prying	Y	6			91				
000094	TILE	6	8	down	<i>	Y	3	Image of a ceramic tile		91				
000095	INSTANT	2	1	across	Right this moment!	Y	18			92				
000095	NA	3	1	across	Not applicable	Y	14			92				
000095	HUGE	3	4	across	Giant	N	5			92				
000095	SHEET	4	1	across	<i>	Y	3	Image of a sheet of paper		92				
000095	X	4	7	across	Marks the spot	N	14			92				
000095	I	5	1	across	Roman one	Y	9			92				
000095	MOOD	5	3	across	Feeling	N	7			92				
000095	SOAR	6	1	across	Glide	Y	5			92				
000095	SW	6	6	across	South-West	N	10			92				
000095	TA	7	1	across	Teaching Assistant	Y	18			92				
000095	ISLA	7	4	across	__ Fisher	N	9			92				
000095	ERASE	8	1	across	<i>	Y	3	Image of an eraser	__R	92				
000095	F	8	7	across	Lowest grade	N	12			92				
000095	N	9	1	across	Y/__	Y	4			92				
000095	STAVE	9	3	across	Wooden slat	N	11			92				
000095	TMI	10	1	across	No oversharing!	Y	15			92				
000095	MUR	10	5	across	Sa__ai	Y	6		__AL	92				
000095	INSISTENT	1	2	down	Nagging	Y	7			92				
000095	NAH	1	3	down	Nope	Y	4			92				
000095	OAR	5	3	down	Boat arm	N	8			92				
000095	M	9	3	down	Middle	N	6			92				
000095	S	1	4	down	Small size	Y	10			92				
000095	EMA	3	4	down	Voic__il	N	8			92				
000095	ASI	7	4	down	C__no	N	5			92				
000095	THEORIST	1	5	down	Idea maker	Y	10			92				
000095	AUTO	1	6	down	Not manual	Y	10			92				
000095	SEAM	6	6	down	Stitch line	N	11			92				
000095	NG	1	7	down	<i>	Y	3	Image of a mango	MA__O	92				
000095	DSL	4	7	down	Data Set Label	N	14			92				
000095	VU	8	7	down	Deja __	N	7			92				
000095	TEX	1	8	down	Cowboy state	Y	12			92				
000095	WAFER	5	8	down	<i>	Y	3	Image of a piece of wafer		92				
000096	VANILLA	2	1	across	Ice cream flavor	Y	16			93				
000096	IRON	3	1	across	<i>	Y	3	Image of a steam iron or flat iron		93				
000096	UX	3	6	across	User Xp	N	7			93				
000096	GIT	4	1	across	Menin__is	Y	9			93				
000096	PRE	4	5	across	Before	N	6			93				
000096	IS	5	1	across	<i>	Y	3	Image of a glass prism	PR__M	93				
000096	DUE	5	4	across	Expected on	N	11			93				
000096	LEVEL	6	1	across	Make even	Y	9			93				
000096	N	6	7	across	Norway	N	6			93				
000096	A	7	1	across	Adult rating	Y	12			93				
000096	APPLE	7	3	across	A for __	N	8			93				
000096	NINE	8	1	across	3 + 6	Y	5			93				
000096	OV	8	6	across	Anch__y	N	7			93				
000096	TEENAGE	9	1	across	Adolescent	Y	10			93				
000096	EA	10	1	across	Electronic Arts	Y	15			93				
000096	DOOR	10	4	across	<i>	Y	3	Image of a door		93				
000096	VIGILANTE	1	2	down	Like Batman	Y	11			93				
000096	ARISE	1	3	down	Emerge	Y	6			93				
000096	IEA	7	3	down	Vowels 3, 2, 1	N	14			93				
000096	NOT	1	4	down	Do __ disturb	Y	13			93				
000096	VANE	5	4	down	Weather__	N	9			93				
000096	IN	1	5	down	Out antonym	Y	11			93				
000096	DEPEND	4	5	down	Count on	N	8			93				
000096	L	1	6	down	Loss	Y	4			93				
000096	PULP	3	6	down	Juice chunk	N	11			93				
000096	AO	8	6	down	Anti-Oxidant	N	12			93				
000096	LURE	1	7	down	Fishing tool	Y	12			93				
000096	LOGO	6	7	down	Brand ID	N	8			93				
000096	AXE	1	8	down	<i>	Y	3	Image of an axe		93				
000096	NEVER	5	8	down	At no time	Y	10			93				
000097	ADDRESS	2	1	across	Home info	Y	9			94				
000097	DIRE	3	1	across	Urgent	Y	6			94				
000097	TI	3	6	across	Titanium	N	8			94				
000097	MAS	4	1	across	<i>	Y	3	Image of a christmas tree 	CHRIST__	94				
000097	CON	4	5	across	Not pro	N	7			94				
000097	IS	5	1	across	Exists	Y	6			94				
000097	TONE	5	4	across	Dial beep	N	9			94				
000097	R	6	1	across	Radius	Y	6			94				
000097	SAME	6	3	across	Identical	N	9			94				
000097	ALARM	7	1	across	<i>	Y	3	Image of a vintage alarm clock	__ CLOCK	94				
000097	S	7	7	across	Smile	N	5			94				
000097	BA	8	1	across	<i>	Y	3	Image of a tuba instrument	TU__	94				
000097	GOAT	8	4	across	Farm animal	N	11			94				
000097	LICENSE	9	1	across	Driving permit	Y	14			94				
000097	EDIT	10	1	across	Modify	Y	6			94				
000097	UW	10	6	across	Underwater	Y	10			94				
000097	ADMIRABLE	1	2	down	Praiseworthy	Y	12			94				
000097	DIAS	1	3	down	Stage	Y	5			94				
000097	LAID	6	3	down	Put down	N	8			94				
000097	DRS	1	4	down	<i>	Y	3	Image of a group of doctors		94				
000097	SA	5	4	down	South Africa	N	12			94				
000097	CI	8	4	down	S__ence	N	7			94				
000097	RE	1	5	down	Do follower	Y	11			94				
000097	TARGET	4	5	down	Bullseye	N	8			94				
000097	E	1	6	down	Earth	Y	5			94				
000097	COMMON	3	6	down	Not rare	N	8			94				
000097	STONE	1	7	down	<i>	Y	3	Image of a stone		94				
000097	ASU	7	7	down	Tre__re	N	7			94				
000097	SINE	1	8	down	Trigonometry term	Y	17			94				
000097	STEW	6	8	down	Simmer	Y	6			94				
000099	CAPITAL	2	1	across	Tokyo or New Delhi	Y	18			95				
000099	AMID	3	1	across	Among	Y	5			95				
000099	ME	3	6	across	Not you	N	7			95				
000099	SM	4	1	across	So Much	Y	7			95				
000099	SCAN	4	4	across	CT or MRI	N	9			95				
000099	SOB	5	1	across	<i>	Y	3	Image of a sobbing face		95				
000099	OSS	5	5	across	Oh So Sweet	N	11			95				
000099	E	6	1	across	Euro	Y	4			95				
000099	ONUS	6	3	across	Duty	N	4			95				
000099	RADAR	7	1	across	<i>	Y	3	Image of a radar screen		95				
000099	B	7	7	across	Bravo	N	5			95				
000099	ODYSSEY	8	1	across	Homer's epic	Y	12			95				
000099	LH	9	1	across	Phi__armonic	Y	12			95				
000099	TEST	9	4	across	Final	N	5			95				
000099	EDGY	10	1	across	Nervous	Y	7			95				
000099	AE	10	6	across	After Effects	Y	13			95				
000099	CASSEROLE	1	2	down	<i>	Y	3	Image of a casserole		95				
000099	AMMO	1	3	down	Gun supply	Y	10			95				
000099	ADHD	6	3	down	Focus issue	N	11			95				
000099	PI	1	4	down	<i>	Y	3	Image of a topiary bush shaped like an elephant	TO__ARY	95				
000099	BODY	4	4	down	Human form	N	10			95				
000099	G	9	4	down	Gamma	N	5			95				
000099	IDS	1	5	down	Driver's Licenses	Y	17			95				
000099	NASTY	5	5	down	Mean	N	4			95				
000099	T	1	6	down	Toyota	Y	6			95				
000099	COURSE	3	6	down	Meal set	N	8			95				
000099	AMASS	1	7	down	Hoard	Y	5			95				
000099	ESA	7	7	down	Qu__dilla	N	9			95				
000099	LENS	1	8	down	<i>	Y	3	Image of a camera lens		95				
000099	BYTE	6	8	down	Computer unit	Y	13			95				
000101	REGULAR	2	1	across	The usual!	Y	10			96				
000101	EV	3	1	across	Electric Vehicle	Y	16			96				
000101	WISE	3	4	across	Like an owl	N	11			96				
000101	JAW	4	1	across	<i>	Y	3	Image showing a person's face as a side-profile. Show the jaw like it would be shown in a science textbook.		96		Image is not clear at all. will have to be reworked. I've elaborated the prompt		
000101	MIC	4	5	across	Karaoke need	N	12			96				
000101	EPISODE	5	1	across	Pilot or finale	Y	15			96				
000101	COKE	6	1	across	Fizzy drink	Y	11			96				
000101	EI	6	6	across	L__sure	N	7			96				
000101	TRIAL	7	1	across	Demo period	Y	11			96				
000101	V	7	7	across	Video	N	5			96				
000101	IA	8	1	across	<i>	Y	3	Image of a piano	P__NO	96				
000101	SARI	8	4	across	Indian wrap	N	11			96				
000101	OTTOMAN	9	1	across	<i>	Y	3	Image of an ottoman seat		96				
000101	NEON	10	1	across	Bright sign	Y	11			96				
000101	TG	10	6	across	Target Group	Y	12			96				
000101	REJECTION	1	2	down	Dismissal	Y	9			96				
000101	EVAPORATE	1	3	down	Turn into vapor	Y	15			96				
000101	G	1	4	down	Gin	Y	3			96				
000101	WIKI	3	4	down	Info site	N	9			96				
000101	TO	8	4	down	Time Out	N	8			96				
000101	UW	1	5	down	Upper West	Y	10			96				
000101	SEASON	4	5	down	Spice up	N	8			96				
000101	LIMO	1	6	down	<i>	Y	3	Image of a limo		96				
000101	LAM	6	6	down	On the run	N	10			96				
000101	ASIDE	1	7	down	Apart	Y	5			96				
000101	RAT	7	7	down	Lab pet	N	7			96				
000101	RECEIVING	1	8	down	Getting mail	Y	12			96				
000102	PALETTE	2	1	across	<i>	Y	3	Image of a palette		97				
000102	AL	3	1	across	Actor __ Pacino	Y	15			97				
000102	WORM	3	4	across	Fish bait	N	9			97				
000102	CAT	4	1	across	Rat chaser	Y	10			97				
000102	MAP	4	5	across	Atlas page	N	10			97				
000102	K	5	1	across	Texter's fine	Y	13			97				
000102	ELECT	5	3	across	Vote for	N	8			97				
000102	AFRO	6	1	across	<i>	Y	3	Image of an afro wig		97		This is looking offensive. Please remove the person's face. We just need to show the wig		
000102	EI	6	6	across	W__rd	N	5			97				
000102	GENUS	7	1	across	Species group	Y	13			97				
000102	N	7	7	across	Nitrogen	N	8			97				
000102	IM	8	1	across	Instant Message	Y	15			97				
000102	DAME	8	4	across	Titled woman	N	12			97				
000102	NUCLEUS	9	1	across	Brain of the cell	Y	17			97				
000102	GRAY	10	1	across	<i>	Y	3	Image of a gray-colored circle		97				
000102	DS	10	6	across	Dark Souls	Y	10			97				
000102	PACKAGING	1	2	down	Wrapping	Y	8			97				
000102	ALA	1	3	down	<i>	Y	3	Image of a koala bear	KO__	97				
000102	FEMUR	5	3	down	Long bone	N	9			97				
000102	L	1	4	down	Liter	Y	5			97				
000102	TERN	3	4	down	Beach bird	N	10			97				
000102	CA	8	4	down	California	N	10			97				
000102	EW	1	5	down	<i>	Y	3	Image of some cashew nuts	CASH__	97		Doesn't look like cashew. It's okay to have only a few cashew nuts without overlap		
000102	LOUDLY	4	5	down	Noisily	N	7			97				
000102	TOME	1	6	down	Heavy read	Y	10			97				
000102	SAE	6	6	down	Scot's always	N	13			97				
000102	TRACE	1	7	down	Follow	Y	6			97				
000102	MUD	7	7	down	Wet soil	N	8			97				
000102	EMPTINESS	1	8	down	Void	Y	4			97				
000103	PLATOON	2	1	across	Army unit	Y	9			98				
000103	EACH	3	1	across	Per unit	Y	8			98				
000103	VO	3	6	across	Voice Over	N	10			98				
000103	STRIPED	4	1	across	<i>	Y	3	Image of a striped tee	__ TEE	98				
000103	TI	5	1	across	Time Interval	Y	13			98				
000103	SAR	5	4	across	Neces__y	N	8			98				
000103	INC	6	1	across	<i>	Y	3	Image of some incense sticks	__ENSE	98				
000103	NRA	6	5	across	E__ge	N	5			98				
000103	COUNSEL	7	1	across	Advise	Y	6			98				
000103	I	8	1	across	India	Y	5			98				
000103	ROYAL	8	3	across	Like a king	N	11			98				
000103	DOER	9	1	across	Action taker	Y	12			98				
000103	CO	9	6	across	Company	N	7			98				
000103	EZ	10	1	across	Empire Zone	Y	11			98				
000103	MUTT	10	4	across	<i>	Y	3	Image of a mongrel dog		98				
000103	PESTICIDE	1	2	down	"Bug-off" spray	Y	15			98				
000103	LATINO	1	3	down	Hispanic	Y	8			98				
000103	OZ	8	3	down	Ounce	N	5			98				
000103	ACR	1	4	down	Acropolis	Y	9			98				
000103	CURE	5	4	down	Heal	N	4			98				
000103	THIS	1	5	down	Not that	Y	8			98				
000103	NORM	6	5	down	Standard	N	8			98				
000103	O	1	6	down	Tic-tac-toe entry	Y	17			98				
000103	PANSY	3	6	down	Garden bloom	N	12			98				
000103	U	9	6	down	Universal	N	9			98				
000103	OVERREACT	1	7	down	Exaggerate	Y	10			98				
000103	NOD	1	8	down	<i>	Y	3	Image of a person nodding, with arrows depicting the movement		98		Can the arrow on the left also go both ways?		
000103	ALLOT	5	8	down	Assign	Y	6			98				
000104	STATUTE	2	1	across	Written law	Y	11			99				
000104	NONE	3	1	across	Zilch	Y	5			99				
000104	HL	3	6	across	Half-Life	N	9			99				
000104	OUI	4	1	across	French yes	Y	10			99				
000104	CAM	4	5	across	Film gear	N	9			99				
000104	W	5	1	across	Win	Y	3			99				
000104	MART	5	3	across	Shop	N	4			99				
000104	FLARE	6	1	across	<i>	Y	3	Image of a signal flare in hand		99				
000104	W	6	7	across	West	N	4			99				
000104	LILY	7	1	across	<i>	Y	3	Image of a lily		99				
000104	MA	7	6	across	Master of Arts	N	14			99				
000104	AB	8	1	across	Stomach muscle	Y	14			99				
000104	ABUT	8	4	across	Share a border	N	14			99				
000104	KEYNOTE	9	1	across	Main speech	Y	11			99				
000104	ELY	10	1	across	Nic__	Y	5			99				
000104	MER	10	5	across	<i>	Y	3	Image of a mermaid	__MAID	99				
000104	SNOWFLAKE	1	2	down	<i>	Y	3	Image of a snowflake		99				
000104	TOU	1	3	down	Terms Of Use	Y	12			99				
000104	LIBEL	5	3	down	False claim	N	11			99				
000104	ANIMAL	1	4	down	Wild beast	Y	10			99				
000104	YY	8	4	down	MM/DD/__	N	8			99				
000104	TE	1	5	down	Trial & Error	Y	13			99				
000104	ARYAN	4	5	down	Indo-__ lang.	N	13			99				
000104	U	1	6	down	Umpire	Y	6			99				
000104	CRE	3	6	down	__dit	N	5			99				
000104	BOM	7	6	down	Photo__b	N	8			99				
000104	THAT	1	7	down	This and __	Y	11			99				
000104	MUTE	6	7	down	Volume off	N	10			99				
000104	ELM	1	8	down	<i>	Y	3	Image of an elm tree		99				
000104	WATER	5	8	down	H2O	Y	3			99				
000105	CHICKEN	2	1	across	<i>	Y	3	Image of a chicken		100				
000105	HOPI	3	1	across	Arizona tribe	Y	13			100				
000105	VE	3	6	across	Abo__	N	5			100				
000105	RS	4	1	across	Railway Station	Y	15			100				
000105	SPEC	4	4	across	Design detail	N	13			100				
000105	ITS	5	1	across	__ a long story	Y	15			100				
000105	INK	5	5	across	Pen's drink	N	11			100				
000105	S	6	1	across	Second	Y	6			100				
000105	TENT	6	3	across	Camper's shelter	N	16			100				
000105	THANK	7	1	across	Show gratitude	Y	14			100				
000105	S	7	7	across	Sweden	N	6			100				
000105	MARTINI	8	1	across	<i>	Y	3	Image of a martini		100				
000105	AL	9	1	across	Alabama	Y	7			100				
000105	REST	9	4	across	Take a break	N	12			100				
000105	STAY	10	1	across	Don't go!	Y	9			100				
000105	AE	10	6	across	M__stro	Y	7			100				
000105	CHRISTMAS	1	2	down	<i>	Y	3	Image of a christmas tree with santa		100		Separate the tree and the santa in the image		
000105	HOST	1	3	down	<i>	Y	3	Image of a host (guy in suit with a mic)		100				
000105	HALT	6	3	down	Stop	N	4			100				
000105	IP	1	4	down	Intellectual property	Y	21			100				
000105	STAR	4	4	down	Sky twinkler	N	12			100				
000105	A	9	4	down	Alpha	N	5			100				
000105	CIS	1	5	down	Exer__e	Y	7			100				
000105	ENTRY	5	5	down	Way in	N	6			100				
000105	K	1	6	down	Potassium	Y	9			100				
000105	PINKIE	3	6	down	Tiny digit	N	10			100				
000105	EVENT	1	7	down	Occasion	Y	8			100				
000105	NSA	7	7	down	Chai__w	N	7			100				
000105	NECK	1	8	down	<i>	Y	3	Image of a turtleneck	TURTLE__	100				
000105	SITE	6	8	down	Venue	Y	5			100				
000190	STORAGE	2	1	across	Pantry function	Y	15			101				
000190	AUT	3	1	across	<i>	Y	3	Image of an autumn leaves falling	__UMN	101				
000190	PAX	3	5	across	Latin peace	N	11			101				
000190	CT	4	1	across	Cape Town	Y	9			101				
000190	CORE	4	4	across	Apple discard	N	13			101				
000190	RUNE	5	1	across	<i>	Y	3	Image of a rune stone		101				
000190	NR	5	6	across	No Reply	N	8			101				
000190	I	6	1	across	Iodine	Y	6			101				
000190	UNMET	6	3	across	Unfulfilled	N	11			101				
000190	FILTER	7	1	across	<i>	Y	3	Image of a coffee filter		101				
000190	INLET	8	1	across	Small bay	Y	9			101				
000190	N	8	7	across	Neutral	N	7			101				
000190	CF	9	1	across	Cash Flow	Y	9			101				
000190	READ	9	4	across	Enjoy a novel	N	13			101				
000190	EON	10	1	across	Ages and ages	Y	13			101				
000190	RAP	10	5	across	Eminem genre	Y	12			101				
000190	SACRIFICE	1	2	down	Give up	Y	7			101				
000190	TUTU	1	3	down	<i>	Y	3	Image of a tutu skirt		101				
000190	INFO	6	3	down	Deets	N	5			101				
000190	OT	1	4	down	<i>	Y	3	Image of an otter	__TER	101		Image not showing up		
000190	NULL	4	4	down	__ and void	N	11			101				
000190	N	9	4	down	Nintendo	N	8			101				
000190	R	1	5	down	Romeo	Y	5			101				
000190	CENTER	3	5	down	Middle	N	6			101				
000190	APO	1	6	down	Alpha Phi Omega	Y	15			101				
000190	METER	5	6	down	Parking post	N	12			101				
000190	GARNER	1	7	down	Collect	Y	7			101				
000190	AA	8	7	down	Battery type	N	12			101				
000190	EXERT	1	8	down	Use force	Y	9			101				
000190	NDP	7	8	down	Gra__arent	Y	10			101				
000191	OBSCURE	2	1	across	Vague	Y	5			102				
000191	VITA	3	1	across	La Dolce __	Y	11			102				
000191	EX	3	6	across	Fed__	N	5			102				
000191	E	4	1	across	Everyone	Y	8			102				
000191	AMPLE	4	3	across	Plenty	N	6			102				
000191	RITE	5	1	across	__ of passage	Y	13			102				
000191	IC	5	6	across	Ice Cream	N	9			102				
000191	TM	6	1	across	Trademark	Y	9			102				
000191	LTV	6	4	across	Loan To Value	N	13			102				
000191	HPA	7	1	across	Toot__ste	Y	9			102				
000191	EEK	7	5	across	A mouse!	N	8			102				
000191	RAVEN	8	1	across	<i>	Y	3	Image of a raven		102				
000191	I	8	7	across	Internet	N	8			102				
000191	OI	9	1	across	<i>	Y	3	Image of a gold coin	C__N	102				
000191	SEAL	9	4	across	Make airtight	N	13			102				
000191	WRITTEN	10	1	across	Not oral	Y	8			102				
000191	OVERTHROW	1	2	down	Take down	Y	9			102				
000191	BI	1	3	down	Bismuth	Y	7			102				
000191	IMPAIR	4	3	down	Weaken	N	6			102				
000191	STAT	1	4	down	ASAP	Y	4			102				
000191	AV	6	4	down	Audio/Video	N	11			102				
000191	I	9	4	down	Italic	N	6			102				
000191	CAMEL	1	5	down	<i>	Y	3	Image of a camel		102				
000191	EST	7	5	down	Asb__os	N	7			102				
000191	U	1	6	down	Utah	Y	4			102				
000191	P	3	6	down	Pressure	N	8			102				
000191	TENET	5	6	down	Creed	N	5			102				
000191	RELIVE	1	7	down	Experience again	Y	16			102				
000191	AE	8	7	down	Anything Else	N	13			102				
000191	EXEC	1	8	down	Corporate VIP	Y	13			102				
000191	KILN	6	8	down	<i>	Y	3	Image of a kiln		102				
000192	REVISED	2	1	across	Edited	Y	6			103				
000192	EP	3	1	across	Elvis Presley	Y	13			103				
000192	MONO	3	4	across	Not stereo	N	10			103				
000192	SIGMA	4	1	across	<i>	Y	3	Image of the Greek letter sigma		103				
000192	W	4	7	across	Web	N	3			103				
000192	U	5	1	across	Uganda	Y	6			103				
000192	PAPA	5	3	across	__ John's	N	9			103				
000192	LIST	6	1	across	Fridge reminder	Y	15			103				
000192	UM	6	6	across	Hesitant sound	N	14			103				
000192	TA	7	1	across	Target Audience	Y	15			103				
000192	UNDO	7	4	across	Ctrl + Z	N	8			103				
000192	INTRO	8	1	across	Opening	Y	7			103				
000192	N	8	7	across	Nano	N	4			103				
000192	N	9	1	across	Neutron	Y	7			103				
000192	SEIZE	9	3	across	Grab	N	4			103				
000192	GOO	10	1	across	Slime	Y	5			103				
000192	ROY	10	5	across	Cowboy Rogers	Y	13			103				
000192	RESULTING	1	2	down	Consequently	Y	12			103				
000192	EPI	1	3	down	Allergy pen	Y	11			103				
000192	IAN	5	3	down	Actor McKellen	N	14			103				
000192	O	9	3	down	Oscar	N	5			103				
000192	V	1	4	down	Versus	Y	6			103				
000192	GPS	3	4	down	Locator	N	7			103				
000192	TSO	7	4	down	Wha__ever	N	9			103				
000192	IMMATURE	1	5	down	Juvenile	Y	8			103				
000192	SOAP	1	6	down	<i>	Y	3	Image of a soap bar		103		has the older image		
000192	NOIR	6	6	down	Pinot __	N	8			103				
000192	EN	1	7	down	English	Y	7			103				
000192	AUD	4	7	down	Sound	N	5			103				
000192	ZO	8	7	down	Zoom Out	N	8			103				
000192	DOW	1	8	down	<i>	Y	3	Image of a window	WIN__	103				
000192	MONEY	5	8	down	<i>	Y	3	Image of a money bag with $ symbol on it		103				
000109	CHOLERA	2	1	across	Water-borne disease	Y	19			104				
000109	HOUR	3	1	across	<i>	Y	3	Image of an hourglass	__GLASS	104				
000109	OV	3	6	across	Ocean View	N	10			104				
000109	ART	4	1	across	Museum works	Y	12			104				
000109	ATE	4	5	across	Broke bread	N	11			104				
000109	LS	5	1	across	Long Shot	Y	9			104				
000109	CUE	5	4	across	Pool stick	N	10			104				
000109	LEVER	6	1	across	Prying tool	Y	11			104				
000109	S	6	7	across	Speed	N	5			104				
000109	E	7	1	across	East	Y	4			104				
000109	IMAGE	7	3	across	JPEG	N	4			104				
000109	NOSE	8	1	across	<i>	Y	3	Image of a nose		104				
000109	AV	8	6	across	F__orite	N	8			104				
000109	GRANITE	9	1	across	Countertop stone	Y	16			104				
000109	EA	10	1	across	<i>	Y	3	Image of a loaf of bread	BR__D	104				
000109	TEEN	10	4	across	Rebellious age	Y	14			104				
000109	CHALLENGE	1	2	down	Dare	Y	4			104				
000109	HORSE	1	3	down	<i>	Y	3	Image of a horse		104				
000109	ORA	7	3	down	Rita __	N	7			104				
000109	OUT	1	4	down	Baseball call	Y	13			104				
000109	VISA	5	4	down	Travel permit	N	13			104				
000109	LR	1	5	down	Wa__us	Y	6			104				
000109	CEMENT	4	5	down	Brick glue	N	10			104				
000109	E	1	6	down	Eminem	Y	6			104				
000109	AURA	3	6	down	Vibe	N	4			104				
000109	IE	8	6	down	Import Export	N	13			104				
000109	ROTE	1	7	down	By heart	Y	8			104				
000109	GATE	6	7	down	Of space	N	8			104				
000109	AVE	1	8	down	<i>	Y	3	Image of an ocean wave	W__	104				
000109	SEVEN	5	8	down	Neutral pH	Y	10			104				
000110	SPATIAL	2	1	across	__ awareness	Y	12			105				
000110	HOLY	3	1	across	Sacred	Y	6			105				
000110	BO	3	6	across	Body Odor	N	9			105				
000110	ORE	4	1	across	<i>	Y	3	Image of a storefront	ST__	105				
000110	CAV	4	5	across	S__enger	N	8			105				
000110	RE	5	1	across	Reply	Y	5			105				
000110	MATE	5	4	across	Corner a king	N	13			105				
000110	T	6	1	across	Techno	Y	6			105				
000110	SANE	6	3	across	Rational	N	8			105				
000110	SCARY	7	1	across	Spooky	Y	6			105				
000110	S	7	7	across	Senate	N	6			105				
000110	TA	8	1	across	<i>	Y	3	Image of some penne pasta	PAS__	105				
000110	KOOK	8	4	across	Oddball	N	7			105				
000110	OFFENSE	9	1	across	Opposite of defense	Y	19			105				
000110	PEST	10	1	across	Garden foe	Y	10			105				
000110	UW	10	6	across	United Way	Y	10			105				
000110	SHORTSTOP	1	2	down	Infield position	Y	16			105				
000110	PORE	1	3	down	Skin opening	Y	12			105				
000110	CAFE	6	3	down	Bistro	N	6			105				
000110	ALE	1	4	down	<i>	Y	3	Image of a mug of ale		105				
000110	SA	5	4	down	Saudi Arabia	N	12			105				
000110	FS	8	4	down	For Sure	N	8			105				
000110	TY	1	5	down	<i>	Y	3	Image of a keyboard and two hands typing on it	__PE	105				
000110	MARKET	4	5	down	Bazaar	N	6			105				
000110	I	1	6	down	Information	Y	11			105				
000110	CANYON	3	6	down	Deep valley	N	11			105				
000110	ABATE	1	7	down	Lessen	Y	6			105				
000110	OSU	7	7	down	Ohio St. Uni.	N	13			105				
000110	LOVE	1	8	down	Cupid's field	Y	13			105				
000110	SKEW	6	8	down	Tilt	Y	4			105				
000112	PARTIAL	2	1	across	Not whole	Y	9			106				
000112	EXPO	3	1	across	World's fair	Y	12			106				
000112	DI	3	6	across	__alogue	N	8			106				
000112	DE	4	1	across	<i>	Y	3	Image of an office desk	__SK	106				
000112	ATOM	4	4	across	Tiny unit	N	9			106				
000112	IDS	5	1	across	Passport and SSN	Y	16			106				
000112	IRE	5	5	across	Fury	N	4			106				
000112	A	6	1	across	Ambition	Y	8			106				
000112	CASE	6	3	across	Legal matter	N	12			106				
000112	TRANS	7	1	across	Google __late	Y	13			106				
000112	I	7	7	across	First person	N	12			106				
000112	REBOUND	8	1	across	Bounce back	Y	11			106				
000112	IP	9	1	across	<i>	Y	3	Image of a ship	SH__	106				
000112	VEIL	9	4	across	Bridal cover	N	12			106				
000112	CODA	10	1	across	Musical finale	Y	14			106				
000112	AE	10	6	across	Assistant Engineer	Y	18			106				
000112	PEDIATRIC	1	2	down	Kid's doctor	Y	12			106				
000112	AXED	1	3	down	Chopped down	Y	12			106				
000112	REPO	6	3	down	Repossession	N	12			106				
000112	RP	1	4	down	<i>	Y	3	Image of a serpent	SE__ENT	106				
000112	SCAB	4	4	down	Healed crust	N	12			106				
000112	D	9	4	down	Sun vitamin	N	11			106				
000112	TOA	1	5	down	Tape on Air	Y	11			106				
000112	ANOVA	5	5	down	Cas__	N	5			106				
000112	I	1	6	down	Industry	Y	8			106				
000112	TISSUE	3	6	down	Soft paper	N	10			106				
000112	ADORE	1	7	down	Admire	Y	6			106				
000112	NIA	7	7	down	__ Long	N	7			106				
000112	LIME	1	8	down	<i>	Y	3	Image of a lime fruit		106				
000112	IDLE	6	8	down	Inactive	Y	8			106				
000114	BEDSIDE	2	1	across	<i>	Y	3	Image of a beside table with a lamp on it	__ TABLE	107				
000114	ANEW	3	1	across	Fresh start	Y	11			107				
000114	EV	3	6	across	__eryday	N	8			107				
000114	ROYALTY	4	1	across	Kings and queens	Y	16			107				
000114	RU	5	1	across	Ruthenium	Y	9			107				
000114	BAE	5	4	across	Babe nickname	N	13			107				
000114	IGE	6	1	across	<i>	Y	3	Image of a pigeon	P__ON	107				
000114	TNC	6	5	across	Troponin C	N	10			107				
000114	CHARITY	7	1	across	Donation recipient	Y	18			107				
000114	A	8	1	across	Alphabet starter	Y	16			107				
000114	SONIC	8	3	across	__ boom	N	7			107				
000114	DATA	9	1	across	Computer bits	Y	13			107				
000114	OL	9	6	across	Bi__ogy	N	7			107				
000114	EZ	10	1	across	<i>	Y	3	Image of a sneeze emoji face	SNE__E	107				
000114	MINE	10	4	across	Underground pit	Y	15			107				
000114	BARRICADE	1	2	down	Road block	Y	10			107				
000114	ENOUGH	1	3	down	Sufficient	Y	10			107				
000114	AZ	8	3	down	Arizona	N	7			107				
000114	DEY	1	4	down	Susan __	Y	8			107				
000114	EAST	5	4	down	Sunrise spot	N	12			107				
000114	SWAB	1	5	down	<i>	Y	3	Image of a Q-tip	COTTON __	107				
000114	ROAM	6	5	down	Travel freely	N	13			107				
000114	I	1	6	down	Eye homophone	Y	13			107				
000114	LATIN	3	6	down	Mass language	N	13			107				
000114	I	9	6	down	International	N	13			107				
000114	DETENTION	1	7	down	Punishment	Y	10			107				
000114	EVY	1	8	down	Tax L__	Y	7			107				
000114	CYCLE	5	8	down	<i>	Y	3	Image of a bicycle	BI__	107				
000115	CLOTHES	2	1	across	<i>	Y	3	Image of some clothes, like a pant and a shirt and a tie		108				
000115	HARE	3	1	across	<i>	Y	3	Image of a hare		108				
000115	VI	3	6	across	6 in Roman	N	10			108				
000115	RIP	4	1	across	Torn apart	Y	10			108				
000115	AIR	4	5	across	Wind element	N	12			108				
000115	I	5	1	across	Solo pronoun	Y	12			108				
000115	HTML	5	3	across	Website code	N	12			108				
000115	SPARE	6	1	across	Extra one	Y	9			108				
000115	S	6	7	across	Part of $	N	9			108				
000115	TINE	7	1	across	<i>	Y	3	Image of a fork with a tine highlighted		108				
000115	AT	7	6	across	Email symbol	N	12			108				
000115	IA	8	1	across	Intermediate Arts	Y	17			108				
000115	ABLE	8	4	across	Up to the job	N	13			108				
000115	ANYTIME	9	1	across	Whenever	Y	8			108				
000115	NOW	10	1	across	This moment	Y	11			108				
000115	TSP	10	5	across	<i>	Y	3	Image of a teaspoon		108				
000115	CHRISTIAN	1	2	down	__ Dior	Y	7			108				
000115	LAI	1	3	down	Comp__n	Y	7			108				
000115	PIANO	5	3	down	Grand instrument	N	16			108				
000115	ORPHAN	1	4	down	Little __ Annie	Y	15			108				
000115	YW	8	4	down	You're welcome	N	14			108				
000115	TE	1	5	down	<i>	Y	3	Image of a ice skate shoe	SKA__	108				
000115	TREAT	4	5	down	Dog's reward	N	12			108				
000115	H	1	6	down	Handsome	Y	8			108				
000115	AME	3	6	down	French soul	N	11			108				
000115	BIT	7	6	down	Particle	N	8			108				
000115	EVIL	1	7	down	Villainous	Y	10			108				
000115	ALMS	6	7	down	offerings	N	9			108				
000115	SIR	1	8	down	Knight's title	Y	14			108				
000115	STEEP	5	8	down	Brew	Y	4			108				
000116	CRAMPED	2	1	across	Tight on space	Y	14			109				
000116	OOZE	3	1	across	Slowly leak	Y	11			109				
000116	AU	3	6	across	Australia	N	9			109				
000116	NB	4	1	across	nota bene	Y	9			109				
000116	WIRE	4	4	across	Electric line	N	13			109				
000116	DEM	5	1	across	<i>	Y	3	Image of a tandem bicycle	TAN__	109				
000116	PTL	5	5	across	Abru__y	N	7			109				
000116	U	6	1	across	Umbrella	Y	8			109				
000116	AHHH	6	3	across	Relaxed sigh	N	12			109				
000116	CAMEO	7	1	across	Star guest	Y	10			109				
000116	M	7	7	across	Master	N	6			109				
000116	TRAINEE	8	1	across	Learning role	Y	13			109				
000116	OE	9	1	across	Open Elective	Y	13			109				
000116	SEAR	9	4	across	Burn	N	4			109				
000116	RAFT	10	1	across	<i>	Y	3	Image of a raft		109				
000116	SE	10	6	across	Special Edition	Y	15			109				
000116	CONDUCTOR	1	2	down	Train operator	Y	14			109				
000116	ROBE	1	3	down	<i>	Y	3	Image of a judge's robe		109				
000116	AREA	6	3	down	Space measure	N	13			109				
000116	AZ	1	4	down	Azerbaijan	Y	10			109				
000116	MAMA	4	4	down	Mom variant	N	11			109				
000116	F	9	4	down	Faculty	N	7			109				
000116	MEW	1	5	down	Cat's call	Y	10			109				
000116	HEIST	5	5	down	Big robbery	N	11			109				
000116	P	1	6	down	Provident	Y	9			109				
000116	IPHONE	3	6	down	Apple device	N	12			109				
000116	EARTH	1	7	down	<i>	Y	3	Image of the Earth		109				
000116	EAS	7	7	down	Incr__e	N	7			109				
000116	DUEL	1	8	down	<i>	Y	3	Image of two people dueling with a foil sword 		109				
000116	MERE	6	8	down	Just a little	Y	13			109				
000117	PLACEBO	2	1	across	Inactive pill	Y	13			110				
000117	RAM	3	1	across	<i>	Y	3	Image of a ram		110				
000117	VAT	3	5	across	Dyeing tub	N	10			110				
000117	OV	4	1	across	<i>	Y	3	Image of a four-leaf clover	CL__ER	110				
000117	TART	4	4	across	Small pie	N	9			110				
000117	FAKE	5	1	across	Phony	Y	5			110				
000117	LE	5	6	across	The in French	N	13			110				
000117	E	6	1	across	Estimate	Y	8			110				
000117	ANGER	6	3	across	Wrath	N	5			110				
000117	SALARY	7	1	across	Work earnings	Y	13			110				
000117	SCENE	8	1	across	Movie moment	Y	12			110				
000117	C	8	7	across	Roman for 100	N	13			110				
000117	OH	9	1	across	Hydroxide	Y	9			110				
000117	TEAR	9	4	across	Crying drop	N	11			110				
000117	RED	10	1	across	<i>	Y	3	Image of a red-colored circle		110				
000117	DAY	10	5	across	Opposite of night	Y	17			110				
000117	PROFESSOR	1	2	down	University teacher	Y	18			110				
000117	LAVA	1	3	down	Volcano flow	Y	12			110				
000117	ACHE	6	3	down	Dull pain	N	9			110				
000117	AM	1	4	down	Morning hours	Y	13			110				
000117	KALE	4	4	down	Leafy green	N	11			110				
000117	D	9	4	down	Dominant	N	8			110				
000117	C	1	5	down	Complicated	Y	11			110				
000117	TENANT	3	5	down	Rent payer	N	10			110				
000117	EVA	1	6	down	Actress __ Mendes	Y	17			110				
000117	GREED	5	6	down	Avarice	N	7			110				
000117	BARLEY	1	7	down	Beer grain	Y	10			110				
000117	AA	8	7	down	Battery size	N	12			110				
000117	OTTER	1	8	down	<i>	Y	3	Image of an otter		110				
000117	CRY	7	8	down	<i>	Y	3	Image of a crying emoji		110				
000118	SWEDISH	2	1	across	Like Ikea	Y	9			111				
000118	PUMA	3	1	across	<i>	Y	3	Image of a puma cat		111				
000118	PI	3	6	across	Math 3.14	N	9			111				
000118	A	4	1	across	Top grade	Y	9			111				
000118	ITCHY	4	3	across	Like dry skin	N	13			111				
000118	CITE	5	1	across	Reference	Y	9			111				
000118	EA	5	6	across	East Asia	N	9			111				
000118	EM	6	1	across	<i>	Y	3	Image of an angry emoji face	T__PER	111				
000118	DER	6	4	across	German article	N	14			111				
000118	SPY	7	1	across	Secret agent	Y	12			111				
000118	JES	7	5	across	__sica Alba	N	11			111				
000118	HASTE	8	1	across	Hurry	Y	5			111				
000118	T	8	7	across	Transfer	N	8			111				
000118	II	9	1	across	Movie sequel number	Y	19			111				
000118	ACAI	9	4	across	Purple berry	N	12			111				
000118	PRINTER	10	1	across	<i>	Y	3	Image of a printer printing an image		111				
000118	SPACESHIP	1	2	down	Rocket transport	Y	16			111				
000118	WU	1	3	down	Western Union	Y	13			111				
000118	IMPAIR	4	3	down	Make worse	N	10			111				
000118	EMIT	1	4	down	Give off	Y	8			111				
000118	YS	6	4	down	Yellow Shark	N	12			111				
000118	I	9	4	down	Intelligent	N	11			111				
000118	DATED	1	5	down	Went out with	Y	13			111				
000118	TAN	7	5	down	Sunbathe	N	8			111				
000118	I	1	6	down	Indoor	Y	6			111				
000118	C	3	6	down	Orange vitamin	N	14			111				
000118	EJECT	5	6	down	Throw out	N	9			111				
000118	SPHERE	1	7	down	<i>	Y	3	Image of a sphere 		111				
000118	AE	8	7	down	Air Europa	N	10			111				
000118	HIYA	1	8	down	Howdy	Y	5			111				
000118	STIR	6	8	down	Mix around	Y	10			111				
000120	INFLICT	2	1	across	Do harm	Y	7			112				
000120	NAIL	3	1	across	<i>	Y	3	Image of a metal nail 		112				
000120	AV	3	6	across	Analog Video	N	12			112				
000120	VIN	4	1	across	Actor __ Diesel	Y	15			112				
000120	MPS	4	5	across	Ju__uit	N	7			112				
000120	IV	5	1	across	Roman four	Y	10			112				
000120	CEE	5	4	across	Bee follower	N	12			112				
000120	SEDAN	6	1	across	Family car	Y	10			112				
000120	S	6	7	across	Secret	N	6			112				
000120	I	7	1	across	Word for myself	Y	15			112				
000120	ERUPT	7	3	across	Explode	N	7			112				
000120	BALE	8	1	across	<i>	Y	3	Image of a bale of hay		112				
000120	UR	8	6	across	Your, on text	N	13			112				
000120	LEISURE	9	1	across	R&R	Y	3			112				
000120	ES	10	1	across	El Salvador	Y	11			112				
000120	STEP	10	4	across	Dance move	Y	10			112				
000120	INVISIBLE	1	2	down	Out of sight	Y	12			112				
000120	NAIVE	1	3	down	Innocent one	Y	12			112				
000120	AES	7	3	down	__thetic	N	8			112				
000120	FIN	1	4	down	<i>	Y	3	Image of a fish with the fin highlighted		112				
000120	DELI	5	4	down	Sandwich shop	N	13			112				
000120	LT	1	5	down	Lieutenant	Y	10			112				
000120	CARESS	4	5	down	Gentle rub	N	10			112				
000120	I	1	6	down	Inertia	Y	7			112				
000120	MENU	3	6	down	Food list	N	9			112				
000120	UT	8	6	down	C__lery	N	7			112				
000120	CAPE	1	7	down	<i>	Y	3	Image of a superhero's cape		112				
000120	PURE	6	7	down	Unadulterated	N	13			112				
000120	TVS	1	8	down	Living room boxes	Y	17			112				
000120	STREP	5	8	down	Throat bug	Y	10			112				
000122	AWFULLY	2	1	across	Terribly	Y	8			113				
000122	ST	3	1	across	<i>	Y	3	Image of thundercloud and rain	__ORM	113				
000122	NOVA	3	4	across	__ Scotia	N	9			113				
000122	SAUDI	4	1	across	__ Arabia	Y	9			113				
000122	K	4	7	across	Texter's okay	N	13			113				
000122	I	5	1	across	Internet	Y	8			113				
000122	SENT	5	3	across	Email out	N	9			113				
000122	SPAR	6	1	across	<i>	Y	3	Image of two boxers sparring		113				
000122	IS	6	6	across	Island	N	6			113				
000122	TU	7	1	across	Tuesday	Y	7			113				
000122	LOAN	7	4	across	Lend money	N	10			113				
000122	AGAIN	8	1	across	Repeat	Y	6			113				
000122	E	8	7	across	Error	N	5			113				
000122	N	9	1	across	November	Y	8			113				
000122	MELEE	9	3	across	Brawl	N	5			113				
000122	TOP	10	1	across	<i>	Y	3	Image of a spinning top		113				
000122	YAR	10	5	across	Vine__d	Y	7			113				
000122	ASSISTANT	1	2	down	Helper	Y	6			113				
000122	WTA	1	3	down	Winner Takes All	Y	16			113				
000122	PUG	5	3	down	Dog breed	N	9			113				
000122	O	9	3	down	Odin	N	4			113				
000122	F	1	4	down	Fine	Y	4			113				
000122	USA	3	4	down	Mex. neighbor	N	13			113				
000122	AMP	7	4	down	Sound unit	N	10			113				
000122	UNDERLIE	1	5	down	Form the base of	Y	16			113				
000122	LOIN	1	6	down	Pork cut	Y	8			113				
000122	ONLY	6	6	down	Sole	N	4			113				
000122	LV	1	7	down	Las Vegas	Y	9			113				
000122	TIA	4	7	down	Iner__	N	6			113				
000122	EA	8	7	down	East Africa	N	11			113				
000122	YAK	1	8	down	<i>	Y	3	Image of a yak		113				
000122	SNEER	5	8	down	<i>	Y	3	Image of a sneering face		113				
000123	MEANING	2	1	across	Definition	Y	10			114				
000123	INTO	3	1	across	Keen about	Y	10			114				
000123	OA	3	6	across	On Air	N	6			114				
000123	SSE	4	1	across	South South-East	Y	16			114				
000123	OOP	4	5	across	Alley-__	N	8			114				
000123	EU	5	1	across	European Union	Y	14			114				
000123	SAN	5	4	across	__ Francisco	N	12			114				
000123	RESET	6	1	across	Change back to zero	Y	19			114				
000123	T	6	7	across	Time	N	4			114				
000123	A	7	1	across	Action	Y	6			114				
000123	PASTA	7	3	across	Penne or ziti	N	13			114				
000123	BRAT	8	1	across	Spoiled kid	Y	11			114				
000123	HB	8	6	across	Happy Birthday	N	14			114				
000123	LITERAL	9	1	across	Word for word	Y	13			114				
000123	YT	10	1	across	YouTube	Y	7			114				
000123	DOTE	10	4	across	Shower love on	Y	14			114				
000123	MISERABLY	1	2	down	Sadly	Y	5			114				
000123	ENSUE	1	3	down	Happen next	Y	11			114				
000123	RIT	7	3	down	Algo__hm	N	8			114				
000123	ATE	1	4	down	<i>	Y	3	Image of a china plate	PL__	114				
000123	SPAT	5	4	down	Little fight	N	12			114				
000123	NO	1	5	down	<i>	Y	3	Image of a head shaking no		114				
000123	SEATED	4	5	down	In a chair	N	10			114				
000123	I	1	6	down	Intermediate	Y	12			114				
000123	OATS	3	6	down	Granola grains	N	14			114				
000123	RO	8	6	down	Read Only	N	9			114				
000123	NOON	1	7	down	Lunchtime	Y	9			114				
000123	THAT	6	7	down	Not this	N	8			114				
000123	GAP	1	8	down	Empty space	Y	11			114				
000123	TABLE	5	8	down	<i>	Y	3	Image of a table		114				
000124	SHARPEN	2	1	across	<i>	Y	3	Image of a pencil being sharpened in a sharpener, with round arrows around the pencil showing the motion		115				
000124	OOPS	3	1	across	My bad!	Y	7			115				
000124	AO	3	6	across	Admit One	N	9			115				
000124	COS	4	1	across	<i>	Y	3	Image of a kid dressed as Peter Pan	__TUME	115				
000124	SGT	4	5	across	Sergeant	N	8			115				
000124	IT	5	1	across	Info Tech	Y	9			115				
000124	SALE	5	4	across	Discount offer	N	14			115				
000124	A	6	1	across	Ambience	Y	8			115				
000124	SAFE	6	3	across	Out of danger	N	13			115				
000124	LLAMA	7	1	across	<i>	Y	3	Image of a llama		115				
000124	M	7	7	across	Medium	N	6			115				
000124	IU	8	1	across	Iowa Uni.	Y	9			115				
000124	PRAY	8	4	across	Eat, __, love	N	13			115				
000124	STYLIST	9	1	across	Hair pro	Y	8			115				
000124	METE	10	1	across	Hand out	Y	8			115				
000124	SH	10	6	across	Shanghai	Y	8			115				
000124	SOCIALISM	1	2	down	Marxian topic	Y	13			115				
000124	HOOT	1	3	down	Owl call	Y	8			115				
000124	LUTE	6	3	down	Ukulele kin	N	11			115				
000124	APS	1	4	down	<i>	Y	3	Image of a capsule	C__ULE	115				
000124	SA	5	4	down	Swiss Army	N	10			115				
000124	YT	8	4	down	YouTube	N	7			115				
000124	RS	1	5	down	Rolling Stone	Y	13			115				
000124	SAMPLE	4	5	down	Specimen	N	8			115				
000124	P	1	6	down	Power	Y	5			115				
000124	SAFARI	3	6	down	Wild tour	N	9			115				
000124	EAGLE	1	7	down	<i>	Y	3	Image of an eagle		115				
000124	ASS	7	7	down	Donkey	N	6			115				
000124	NOTE	1	8	down	Memo	Y	4			115				
000124	MYTH	6	8	down	Greek lore	Y	10			115				
000125	REMAINS	2	1	across	What's left	Y	11			116				
000125	EL	3	1	across	Entry Level	Y	11			116				
000125	SEEP	3	4	across	Ooze	N	4			116				
000125	ABC	4	1	across	First letters	Y	13			116				
000125	PAO	4	5	across	Kung __ tofu	N	12			116				
000125	LEAP	5	1	across	__ of faith	Y	11			116				
000125	TU	5	6	across	Time's Up	N	9			116				
000125	I	6	1	across	Image	Y	5			116				
000125	SUS	6	3	across	Colos__	N	7			116				
000125	T	6	7	across	Tackle	N	6			116				
000125	SETTLE	7	1	across	Resolve	Y	7			116				
000125	TA	8	1	across	<i>	Y	3	Image of a taco	__CO	116				
000125	TAXI	8	4	across	Cab	N	3			116				
000125	ISM	9	1	across	Ideology suffix	Y	15			116				
000125	TAC	9	5	across	Tic __ Toe	N	10			116				
000125	CYST	10	1	across	Skin bump	Y	9			116				
000125	MY	10	6	across	Belonging to me	Y	15			116				
000125	REALISTIC	1	2	down	Practical	Y	9			116				
000125	ELBE	1	3	down	Dresden river	Y	13			116				
000125	EASY	6	3	down	No sweat!	N	9			116				
000125	M	1	4	down	Million	Y	7			116				
000125	CAST	3	4	down	Actors group	N	12			116				
000125	MS	8	4	down	MicroSoft	N	9			116				
000125	AS	1	5	down	<i>	Y	3	Image of an atlas	ATL__	116				
000125	PUTT	4	5	down	Mini golf shot	N	14			116				
000125	T	9	5	down	Ton	N	3			116				
000125	IEP	1	6	down	In English, Please	Y	18			116				
000125	SLAT	5	6	down	Thin wood	N	9			116				
000125	NEAT	1	7	down	Tidy	Y	4			116				
000125	EXAM	6	7	down	Big test	N	8			116				
000125	SPOUT	1	8	down	<i>	Y	3	Image of a teapot with a arrow pointing at the spout		116				
000125	ICY	7	8	down	<i>	Y	3	Image of some icicles		116				
000126	CLOSING	2	1	across	Contract signing	Y	16			117				
000126	AIDE	3	1	across	Support member	Y	14			117				
000126	AO	3	6	across	Kar__ke	N	7			117				
000126	MV	4	1	across	Music Video	Y	11			117				
000126	COST	4	4	across	Price	N	5			117				
000126	EEC	5	1	across	<i>	Y	3	Image of a leech	L__H	117				
000126	RAH	5	5	across	Stadium cheer	N	13			117				
000126	R	6	1	across	Rate	Y	4			117				
000126	ORAL	6	3	across	Spoken	N	6			117				
000126	ALIEN	7	1	across	UFO resident	Y	12			117				
000126	I	7	7	across	Input	N	5			117				
000126	MANAGED	8	1	across	Handled	Y	7			117				
000126	AN	9	1	across	Vowel's article	Y	15			117				
000126	CELL	9	4	across	Prison unit	N	11			117				
000126	NEXT	10	1	across	<i>	Y	3	Image of the next button like on a music app		117				
000126	SY	10	6	across	Scotland Yard	Y	13			117				
000126	CAMERAMAN	1	2	down	<i>	Y	3	Image of a cameraman shooting a picture		117				
000126	LIVE	1	3	down	In real time	Y	12			117				
000126	LANE	6	3	down	Pool division	N	13			117				
000126	OD	1	4	down	One Direction	Y	13			117				
000126	COIN	4	4	down	Round cash	N	10			117				
000126	X	9	4	down	Twitter, now	N	12			117				
000126	SEC	1	5	down	1/60 of a min.	Y	14			117				
000126	REACT	5	5	down	Show emotion	N	12			117				
000126	I	1	6	down	Internet	Y	8			117				
000126	ORANGE	3	6	down	Fruit hue	N	9			117				
000126	NASAL	1	7	down	<i>	Y	3	Image of a human anatomy marking the nasal passage		117				
000126	ELS	7	7	down	__ewhere	N	8			117				
000126	GOTH	1	8	down	Punk kin	Y	8			117				
000126	IDLY	6	8	down	Lazily	Y	6			117				
000129	SUPPOSE	2	1	across	Assume	Y	6			118				
000129	TEAL	3	1	across	Blue green	Y	10			118				
000129	EA	3	6	across	Equal Access	N	12			118				
000129	O	4	1	across	Oxygen	Y	6			118				
000129	WARES	4	3	across	Goods	N	5			118				
000129	RANT	5	1	across	Tirade	Y	6			118				
000129	IE	5	6	across	In Effect	N	9			118				
000129	YG	6	1	across	<i>	Y	3	Image of a polygon	POL__ON	118				
000129	EIN	6	4	across	Frankenst__	N	11			118				
000129	LEO	7	1	across	<i>	Y	3	Image of the leo zodiac sign		118				
000129	NGO	7	5	across	Non Govt. Org.	N	14			118				
000129	INERT	8	1	across	Not active	Y	10			118				
000129	I	8	7	across	Roman one	N	9			118				
000129	ND	9	1	across	N. Dakota	Y	9			118				
000129	PEEL	9	4	across	Orange cover	N	12			118				
000129	EAGERLY	10	1	across	With gusto	Y	10			118				
000129	STORYLINE	1	2	down	Plot	Y	4			118				
000129	UE	1	3	down	Unreal Engine	Y	13			118				
000129	AGENDA	4	3	down	Meeting list	N	12			118				
000129	PAWN	1	4	down	<i>	Y	3	Image of a chess pawn		118				
000129	OE	6	4	down	Old English	N	11			118				
000129	G	9	4	down	Gravity	N	7			118				
000129	PLATE	1	5	down	<i>	Y	3	Image of a dinner plate		118				
000129	RPE	7	5	down	Pe__ndicular	N	12			118				
000129	O	1	6	down	Operations	Y	10			118				
000129	R	3	6	down	Reset	N	5			118				
000129	INTER	5	6	down	__national	N	10			118				
000129	SEEING	1	7	down	Viewing	Y	7			118				
000129	EL	8	7	down	Entry Level	N	11			118				
000129	EASE	1	8	down	Relieve	Y	7			118				
000129	OILY	6	8	down	Greasy	Y	6			118				
000130	PROSPER	2	1	across	Thrive	Y	6			119				
000130	AZ	3	1	across	Alphabet ends	Y	13			119				
000130	TOFU	3	4	across	Miso soup cube	N	14			119				
000130	RACER	4	1	across	<i>	Y	3	Image of an F1 racer		119				
000130	G	4	7	across	Game	N	4			119				
000130	T	5	1	across	Tera	Y	4			119				
000130	RAKE	5	3	across	Yard tool	N	9			119				
000130	IDYL	6	1	across	Pastoral poem	Y	13			119				
000130	TW	6	6	across	Typewriter	N	10			119				
000130	TO	7	1	across	Training Officer	Y	16			119				
000130	INCA	7	4	across	Early Peruvian	N	14			119				
000130	INANE	8	1	across	Silly	Y	5			119				
000130	V	8	7	across	Voice	N	5			119				
000130	O	9	1	across	Omit	Y	4			119				
000130	AGREE	9	3	across	See eye to eye	N	14			119				
000130	NWA	10	1	across	Moo__lk	Y	7			119				
000130	DAR	10	5	across	<i>	Y	3	Image of a dartboard with darts	__T	119				
000130	PARTITION	1	2	down	<i>	Y	3	Image of a wooden partition stand		119				
000130	RZA	1	3	down	Ta__n	Y	5			119				
000130	DON	5	3	down	Put on	N	6			119				
000130	W	9	3	down	Win	N	3			119				
000130	O	1	4	down	Organization	Y	12			119				
000130	CRY	3	4	down	Weep	N	4			119				
000130	AAA	7	4	down	Tiny battery	N	12			119				
000130	STEALING	1	5	down	Thievery	Y	8			119				
000130	PORK	1	6	down	<i>	Y	3	Image of a pork chop		119				
000130	NERD	6	6	down	Geeky type	N	10			119				
000130	EF	1	7	down	Energy Factor	Y	13			119				
000130	ETC	4	7	down	And so on	N	9			119				
000130	EA	8	7	down	Early Action	N	12			119				
000130	RUG	1	8	down	<i>	Y	3	Image of a rug		119				
000130	WAVER	5	8	down	Hesitate	Y	8			119				
000131	DANCING	2	1	across	<i>	Y	3	Image of a couple dancing		120				
000131	EPIC	3	1	across	Awesome!	Y	8			120				
000131	AA	3	6	across	As Above	N	8			120				
000131	DNA	4	1	across	Genetic code	Y	12			120				
000131	SNL	4	5	across	NBC skit show	N	13			120				
000131	IE	5	1	across	That is	Y	7			120				
000131	SEA	5	4	across	__ shanty	N	9			120				
000131	CARTE	6	1	across	A la __	Y	7			120				
000131	U	6	7	across	Texter's you	N	12			120				
000131	A	7	1	across	Indefinite article	Y	18			120				
000131	AURAL	7	3	across	Auditory	N	8			120				
000131	TRIP	8	1	across	<i>	Y	3	Image of a car on a highway	ROAD__	120				
000131	RC	8	6	across	Toy car	N	7			120				
000131	ECLIPSE	9	1	across	<i>	Y	3	Image of a solar eclipse		120				
000131	DT	10	1	across	Downtown	Y	8			120				
000131	DEER	10	4	across	<i>	Y	3	Image of a deer		120				
000131	DEDICATED	1	2	down	Devoted	Y	7			120				
000131	APNEA	1	3	down	Snorer's affliction	Y	19			120				
000131	RCT	7	3	down	Anta__ic	N	8			120				
000131	NIA	1	4	down	Insig__	Y	7			120				
000131	RAIL	5	4	down	Train track	N	11			120				
000131	CC	1	5	down	Carbon Copy	Y	11			120				
000131	STUPID	4	5	down	Clueless	N	8			120				
000131	I	1	6	down	Independent	Y	11			120				
000131	SEER	3	6	down	Oracle	N	6			120				
000131	PE	8	6	down	Phys. Ed.	N	9			120				
000131	NANA	1	7	down	Granny	Y	6			120				
000131	ARSE	6	7	down	Rear end	N	8			120				
000131	GAL	1	8	down	<i>	Y	3	Image of a running horse	__LOP	120				
000131	ULCER	5	8	down	Stomach sore	Y	12			120				
000133	OPPOSED	2	1	across	Went up against	Y	15			121				
000133	PAST	3	1	across	History	Y	7			121				
000133	AA	3	6	across	Amino Acid	N	10			121				
000133	PN	4	1	across	Part Number	Y	11			121				
000133	CUSS	4	4	across	Swear	N	5			121				
000133	RES	5	1	across	Low-__ graphics	Y	15			121				
000133	NEH	5	5	across	No way!	N	7			121				
000133	E	6	1	across	Echo	Y	4			121				
000133	OPAL	6	3	across	Milky gem	N	9			121				
000133	SCRUB	7	1	across	<i>	Y	3	Image of a doctor's scrubs	__S	121				
000133	A	7	7	across	Army	N	4			121				
000133	SETTLER	8	1	across	Pilgrim	Y	7			121				
000133	ED	9	1	across	Every Day	Y	9			121				
000133	TEAM	9	4	across	Squad	N	5			121				
000133	DENY	10	1	across	Turn down	Y	9			121				
000133	UY	10	6	across	B__out	Y	6			121				
000133	OPPRESSED	1	2	down	Subdued	Y	7			121				
000133	PANE	1	3	down	<i>	Y	3	Image of a window pane	WINDOW __	121				
000133	CEDE	6	3	down	Give up	N	7			121				
000133	PS	1	4	down	Postscript	Y	10			121				
000133	SORT	4	4	down	Put in order	N	12			121				
000133	N	9	4	down	Noun	N	4			121				
000133	OTC	1	5	down	Over The Counter	Y	16			121				
000133	PUTTY	5	5	down	Crack filler	N	12			121				
000133	S	1	6	down	Snow	Y	4			121				
000133	UNABLE	3	6	down	Not up to it	N	12			121				
000133	EASEL	1	7	down	<i>	Y	3	Image of an easel		121				
000133	EAU	7	7	down	B__tiful	N	8			121				
000133	DASH	1	8	down	<i>	Y	3	Image of Dash from The Incredibles		121				
000133	ARMY	6	8	down	Salvation __	Y	12			121				
000134	STEWARD	2	1	across	<i>	Y	3	Image of an aircraft steward		122				
000134	EA	3	1	across	Expert Advisor	Y	14			122				
000134	PLEA	3	4	across	Appeal	N	6			122				
000134	MUD	4	1	across	<i>	Y	3	Image of mud on the ground		122				
000134	SAS	4	5	across	Sweet And Sour	N	14			122				
000134	A	5	1	across	Alto	Y	4			122				
000134	EPOCH	5	3	across	Big period	N	10			122				
000134	NAME	6	1	across	Identify	Y	8			122				
000134	HB	6	6	across	Heart Beat	N	10			122				
000134	TWIRL	7	1	across	<i>	Y	3	Image of a kid in a dress, twirling		122				
000134	O	7	7	across	Officer	N	7			122				
000134	IA	8	1	across	Iowa	Y	4			122				
000134	MESA	8	4	across	Arizona city	N	12			122				
000134	CRUISER	9	1	across	Police car	Y	10			122				
000134	SECT	10	1	across	Faction	Y	7			122				
000134	WD	10	6	across	Western Digital	Y	15			122				
000134	SEMANTICS	1	2	down	Study of meanings	Y	17			122				
000134	TAU	1	3	down	<i>	Y	3	Image of the Taurus zodiac symbol	__RUS	122				
000134	AWARE	5	3	down	In the know	N	11			122				
000134	E	1	4	down	Energy	Y	6			122				
000134	DEMI	3	4	down	Actress Moore	N	13			122				
000134	UC	8	4	down	UnderCover	N	10			122				
000134	WP	1	5	down	Word Press	Y	10			122				
000134	PERMIT	4	5	down	Allow	N	5			122				
000134	ALSO	1	6	down	One more thing 	Y	15			122				
000134	LES	6	6	down	__ Miserables	N	13			122				
000134	REACH	1	7	down	Get in touch with	Y	17			122				
000134	SEW	7	7	down	Stitch up	N	9			122				
000134	DASHBOARD	1	8	down	<i>	Y	3	Image of a car's dashboard		122				
000135	IMPULSE	2	1	across	Kind of purchase	Y	16			123				
000135	MESS	3	1	across	Cleanup target	Y	14			123				
000135	EA	3	6	across	Error Analysis	N	14			123				
000135	PAGEANT	4	1	across	Beauty contest	Y	14			123				
000135	EG	5	1	across	Electric Guitar	Y	15			123				
000135	RUS	5	4	across	T__tee	N	6			123				
000135	REG	6	1	across	Registration	Y	12			123				
000135	DEB	6	5	across	Si__urn	N	7			123				
000135	FRAGILE	7	1	across	<i>	Y	3	Image of a fragile sticker with the cracked glass		123				
000135	E	8	1	across	Email	Y	5			123				
000135	LITER	8	3	across	Metric amount	N	13			123				
000135	COAL	9	1	across	<i>	Y	3	Image of a lump of coal		123				
000135	SE	9	6	across	Search Engine	N	13			123				
000135	TO	10	1	across	<i>	Y	3	Image of a toad	__AD	123				
000135	DUST	10	4	across	<i>	Y	3	Image of a feather duster	__ER	123				
000135	IMPERFECT	1	2	down	Flawed	Y	6			123				
000135	MEAGER	1	3	down	Scant	Y	5			123				
000135	OO	8	3	down	Olive Oil	N	9			123				
000135	PSG	1	4	down	Paris Saint-Germain	Y	19			123				
000135	GALA	5	4	down	Apple variety	N	13			123				
000135	USER	1	5	down	Consumer	Y	8			123				
000135	GILD	6	5	down	Richly adorn	N	12			123				
000135	L	1	6	down	Roman fifty	Y	11			123				
000135	AUDIT	3	6	down	IRS check	N	9			123				
000135	U	9	6	down	Ultra	N	5			123				
000135	SENSELESS	1	7	down	Beyond understanding	Y	20			123				
000135	EAT	1	8	down	Gobble down	Y	11			123				
000135	BERET	5	8	down	<i>	Y	3	Image of a beret		123				
000136	CASTING	2	1	across	Filling roles	Y	13			124				
000136	LITE	3	1	across	Lo-cal	Y	6			124				
000136	AE	3	6	across	American Eagle	N	14			124				
000136	ANA	4	1	across	Actress De Armas	Y	16			124				
000136	APR	4	5	across	Fools' mo.	N	10			124				
000136	S	5	1	across	Siemens	Y	7			124				
000136	TIRE	5	3	across	Michelin item	N	13			124				
000136	STINK	6	1	across	Smell like a skunk	Y	18			124				
000136	V	6	7	across	Velocity	N	8			124				
000136	RACE	7	1	across	<i>	Y	3	Image of kids in a sack race		124				
000136	YO	7	6	across	Yoko Ono	N	8			124				
000136	OU	8	1	across	Anonym__s	Y	9			124				
000136	PLOT	8	4	across	Conspiracy	N	10			124				
000136	ONSTAGE	9	1	across	In the limelight	Y	16			124				
000136	MTV	10	1	across	"Jersey Shore" airer	Y	20			124				
000136	TAR	10	5	across	<i>	Y	3	Image of tar on a road		124				
000136	CLASSROOM	1	2	down	Learning area	Y	13			124				
000136	AIN	1	3	down	<i>	Y	3	Image of a train	TR__	124				
000136	TAUNT	5	3	down	Provoke	N	7			124				
000136	STATIC	1	4	down	Radio crackle	Y	13			124				
000136	SV	8	4	down	Silicon Valley	N	14			124				
000136	TE	1	5	down	<i>	Y	3	Image of a pirate symbol	PIRA__	124				
000136	INEPT	4	5	down	Klutzy	N	6			124				
000136	I	1	6	down	Inventory	Y	9			124				
000136	ARK	3	6	down	Noah's ride	N	11			124				
000136	LAT	7	6	down	Back muscle	N	11			124				
000136	NAPE	1	7	down	Scruff of the neck	Y	18			124				
000136	YOGA	6	7	down	Mat activity	N	12			124				
000136	GER	1	8	down	<i>	Y	3	Image of ginger	GIN__	124				
000136	VOTER	5	8	down	Ballot caster	Y	13			124				
000137	PASSING	2	1	across	Like a drifting cloud	Y	21			125				
000137	ALOE	3	1	across	<i>	Y	3	Image of an aloe vera plant		125				
000137	AO	3	6	across	Audit Office	N	12			125				
000137	TT	4	1	across	<i>	Y	3	Image of a table tennis setup		125				
000137	DIVA	4	4	across	Picky star	N	10			125				
000137	ROW	5	1	across	Oar action	Y	10			125				
000137	SAT	5	5	across	Took a seat	N	11			125				
000137	I	6	1	across	Interstate	Y	10			125				
000137	HELL	6	3	across	Not Heaven	N	10			125				
000137	AROMA	7	1	across	Fragrance	Y	9			125				
000137	Y	7	7	across	Year	N	4			125				
000137	ROMANCE	8	1	across	Love affair	Y	11			125				
000137	CV	9	1	across	Resume	Y	6			125				
000137	IDOL	9	4	across	K-pop star	N	10			125				
000137	HEEL	10	1	across	<i>	Y	3	Image of a high-heeled shoe		125				
000137	ZP	10	6	across	Zinc Plated	Y	11			125				
000137	PATRIARCH	1	2	down	Male leader	Y	11			125				
000137	ALTO	1	3	down	Voice above tenor	Y	17			125				
000137	ROVE	6	3	down	Roam	N	4			125				
000137	SO	1	4	down	<i>	Y	3	Image of a soap bar	__AP	125				
000137	WHOM	4	4	down	Who or __?	N	10			125				
000137	E	9	4	down	Even	N	4			125				
000137	SED	1	5	down	__entary	Y	8			125				
000137	EMAIL	5	5	down	Inbox message	N	13			125				
000137	I	1	6	down	Interest	Y	8			125				
000137	ISLAND	3	6	down	Cuba or Aruba	N	13			125				
000137	NAVAL	1	7	down	Maritime	Y	8			125				
000137	COZ	7	7	down	Because	N	7			125				
000137	GOAT	1	8	down	<i>	Y	3	Image of a goat		125				
000137	YELP	6	8	down	Review website	Y	14			125				
000139	SUSPECT	2	1	across	Lineup member	Y	13			126				
000139	TUNE	3	1	across	Melody	Y	6			126				
000139	AO	3	6	across	Arctic Ocean	N	12			126				
000139	I	4	1	across	India	Y	5			126				
000139	ADOPT	4	3	across	Add to family	N	13			126				
000139	MEGA	5	1	across	Huge	Y	4			126				
000139	IE	5	6	across	In Effect	N	9			126				
000139	UM	6	1	across	<i>	Y	3	Image of a sumo wrestler	S__O	126				
000139	LST	6	4	across	So__ice	N	7			126				
000139	LBS	7	1	across	Pounds	Y	6			126				
000139	HAW	7	5	across	Hee-__!	N	7			126				
000139	ALPHA	8	1	across	<i>	Y	3	Image of the Greek letter alpha		126				
000139	A	8	7	across	Account	N	7			126				
000139	TE	9	1	across	The End	Y	7			126				
000139	SLOT	9	4	across	Casino machine	N	14			126				
000139	EMINENT	10	1	across	Well-known	Y	10			126				
000139	STIMULATE	1	2	down	Encourage, like growth	Y	22			126				
000139	UU	1	3	down	<i>	Y	3	Image of a vacuum cleaner	VAC__M	126				
000139	EMBLEM	4	3	down	Symbol	N	6			126				
000139	SNAG	1	4	down	Minor hiccup	Y	12			126				
000139	SP	6	4	down	Sao Paulo	N	9			126				
000139	I	9	4	down	Industry	N	8			126				
000139	PEDAL	1	5	down	<i>	Y	3	Image of a bicycle pedal		126				
000139	HSN	7	5	down	Home Safe Net	N	13			126				
000139	E	1	6	down	Element	Y	7			126				
000139	O	3	6	down	Observer	N	8			126				
000139	SHALE	5	6	down	Flaky rock	N	10			126				
000139	CAPITA	1	7	down	Per __ income	Y	13			126				
000139	ON	8	7	down	Not off	N	7			126				
000139	TOTE	1	8	down	<i>	Y	3	Image of a tote bag		126				
000139	WATT	6	8	down	Power unit	Y	10			126				
000140	VINEGAR	2	1	across	Ketchup ingredient	Y	18			127				
000140	II	3	1	across	Interactive Investor	Y	20			127				
000140	NOPE	3	4	across	Nuh-huh!	N	8			127				
000140	DISCO	4	1	across	<i>	Y	3	Image of disco ball		127				
000140	Y	4	7	across	Yes	N	3			127				
000140	E	5	1	across	Eminem	Y	6			127				
000140	RINK	5	3	across	Skating site	N	12			127				
000140	ODOR	6	1	across	Strong smell	Y	12			127				
000140	IS	6	6	across	In Service	N	10			127				
000140	TW	7	1	across	<i>	Y	3	Image of a pair of twins	__ins	127				
000140	CLAP	7	4	across	Thunder sound	N	13			127				
000140	AISLE	8	1	across	Wedding path	Y	12			127				
000140	E	8	7	across	ear	N	3			127				
000140	P	9	1	across	Pressure	Y	8			127				
000140	LEVEE	9	3	across	Floor barrier	N	13			127				
000140	EVA	10	1	across	Actress __ Longoria	Y	19			127				
000140	YAD	10	5	across	Yet Another Day	Y	15			127				
000140	VIDEOTAPE	1	2	down	<i>	Y	3	Image of a cassette tape		127				
000140	III	1	3	down	Roman three	Y	11			127				
000140	DWI	5	3	down	Deal With It	N	12			127				
000140	V	9	3	down	Variable	N	8			127				
000140	N	1	4	down	Norway	Y	6			127				
000140	SRO	3	4	down	Cros__ad	N	8			127				
000140	SLA	7	4	down	Tran__te	N	8			127				
000140	ENCIRCLE	1	5	down	Gather around	Y	13			127				
000140	GOON	1	6	down	Thug	Y	4			127				
000140	LEVY	6	6	down	Impose tax	N	10			127				
000140	AP	1	7	down	<i>	Y	3	Image of a rat trap	TR__	127				
000140	KIA	4	7	down	Seltos or Niro	N	14			127				
000140	EA	8	7	down	Escrow Account	N	14			127				
000140	REY	1	8	down	Singer Lana Del __	Y	18			127				
000140	SPEED	5	8	down	Floor it	Y	8			127				
000141	OUTLINE	2	1	across	Writer's blueprint	Y	18			128				
000141	USED	3	1	across	Pre-owned	Y	9			128				
000141	OA	3	6	across	Open Access	N	11			128				
000141	THX	4	1	across	Texter's thanks	Y	15			128				
000141	DOI	4	5	across	Date Of Image	N	13			128				
000141	SE	5	1	across	<i>	Y	3	Image of cheese	Chee__	128				
000141	SAK	5	4	across	Name__e	N	7			128				
000141	ORDER	6	1	across	Opposite of chaos	Y	17			128				
000141	W	6	7	across	Water	N	5			128				
000141	U	7	1	across	Uranium	Y	7			128				
000141	ALTAR	7	3	across	Vow spot	N	8			128				
000141	RARE	8	1	across	Uncommon	Y	8			128				
000141	CI	8	6	across	Cast Iron	N	9			128				
000141	CONCERT	9	1	across	Taylor Swift gig	Y	16			128				
000141	EL	10	1	across	English Language	Y	16			128				
000141	TREE	10	4	across	<i>	Y	3	Image of a tree		128				
000141	OUTSOURCE	1	2	down	Contract out	Y	12			128				
000141	USHER	1	3	down	Theater guide	Y	13			128				
000141	AOL	7	3	down	Art Of Living	N	13			128				
000141	TEX	1	4	down	<i>	Y	3	Image of Texas state	__as	128				
000141	DARN	5	4	down	Bummer!	N	7			128				
000141	LD	1	5	down	<i>	Y	3	Image of green gemstone	Emera__	128				
000141	SELECT	4	5	down	Choose	N	6			128				
000141	I	1	6	down	Inspection	Y	10			128				
000141	DART	3	6	down	Nerf bullet	N	11			128				
000141	ER	8	6	down	Adv__tisement	N	13			128				
000141	NOOK	1	7	down	Cranny companion	Y	16			128				
000141	ACRE	6	7	down	Land measure	N	12			128				
000141	EAI	1	8	down	East Asian Institute	Y	20			128				
000141	WRITE	5	8	down	<i>	Y	3	Image of a writing hand		128				
000142	CONFORM	2	1	across	Fit in	Y	6			129				
000142	RAID	3	1	across	Surprise attack	Y	15			129				
000142	AO	3	6	across	Atlantic Ocean	N	14			129				
000142	ITT	4	1	across	<i>	Y	3	Image of an oven mitt	M__	129				
000142	MIT	4	5	across	Made in Taiwan	N	14			129				
000142	TH	5	1	across	Tommy Hilfiger	Y	14			129				
000142	SASH	5	4	across	Pageant wrap	N	12			129				
000142	I	6	1	across	Inclination	Y	11			129				
000142	TAME	6	3	across	Not wild	N	8			129				
000142	CLAIM	7	1	across	Insurance case	Y	14			129				
000142	Z	7	7	across	Zone	N	4			129				
000142	IO	8	1	across	Inside Out	Y	10			129				
000142	LAME	8	4	across	Uncool	N	6			129				
000142	SCHOLAR	9	1	across	<i>	Y	3	Image of person in graduation robes		129				
000142	MOOR	10	1	across	Drop anchor	Y	11			129				
000142	ZO	10	6	across	Zinc Oxide	Y	10			129				
000142	CRITICISM	1	2	down	Critic's work	Y	13			129				
000142	OATH	1	3	down	Vow	Y	3			129				
000142	LOCO	6	3	down	Cray-cray	N	9			129				
000142	NIT	1	4	down	Tiny complaint	Y	14			129				
000142	TA	5	4	down	Thanks Again	N	12			129				
000142	HO	8	4	down	Bis__p	N	6			129				
000142	FD	1	5	down	Father's Day	Y	12			129				
000142	SAILOR	4	5	down	Crew member	N	11			129				
000142	O	1	6	down	<i>	Y	3	Image of an orange		129				
000142	MAMMAL	3	6	down	Human or whale	N	14			129				
000142	RAISE	1	7	down	Salary increase	Y	15			129				
000142	MAZ	7	7	down	__el tov!	N	9			129				
000142	MOTH	1	8	down	<i>	Y	3	Image of a moth		129				
000142	ZERO	6	8	down	Love, in tennis	Y	15			129				
000143	STOMACH	2	1	across	<i>	Y	3	Image of anatomical stomach 		130				
000143	PARE	3	1	across	Trim down	Y	9			130				
000143	AO	3	6	across	Action Officer	N	14			130				
000143	EC	4	1	across	<i>	Y	3	Image of spectacles	SP__S	130				
000143	LENS	4	4	across	Eye Contact	N	11			130				
000143	COG	5	1	across	<i>	Y	3	Image of cog (gear)		130				
000143	NOE	5	5	across	Ma__uvre	N	8			130				
000143	I	6	1	across	Increment	Y	9			130				
000143	LATE	6	3	across	Tardy	N	5			130				
000143	ARENA	7	1	across	Stadium	Y	7			130				
000143	A	7	7	across	Accept	N	6			130				
000143	LONGING	8	1	across	Intense desire	Y	14			130				
000143	TS	9	1	across	Taylor Swift	Y	12			130				
000143	ELSE	9	4	across	Otherwise	N	9			130				
000143	YELL	10	1	across	Scream	Y	6			130				
000143	OD	10	6	across	On Demand	Y	9			130				
000143	SPECIALTY	1	2	down	What you do best	Y	16			130				
000143	TACO	1	3	down	<i>	Y	3	Image of taco		130				
000143	ROSE	6	3	down	Lover's flower	N	14			130				
000143	OR	1	4	down	Choice word	Y	11			130				
000143	GLEN	4	4	down	Hidden valley	N	13			130				
000143	L	9	4	down	Libra	N	5			130				
000143	MEL	1	5	down	<i>	Y	3	Image of a music note	__ody	130				
000143	ANGEL	5	5	down	Holy messenger	N	14			130				
000143	A	1	6	down	Away	Y	4			130				
000143	ENTAIL	3	6	down	Involve	N	7			130				
000143	CANOE	1	7	down	<i>	Y	3	Image of canoe		130				
000143	NSO	7	7	down	Mo__on	N	6			130				
000143	HOSE	1	8	down	Fire truck item	Y	15			130				
000143	AGED	6	8	down	Like great wine	Y	15			130				
000144	LANTERN	2	1	across	<i>	Y	3	Image of Chinese lantern		131				
000144	ARIA	3	1	across	Operatic number	Y	15			131				
000144	EO	3	6	across	Earth Orbit	N	11			131				
000144	NR	4	1	across	<i>	Y	3	Image of sunrise	Su__ise	131				
000144	VEND	4	4	across	Peddle	N	6			131				
000144	DOPE	5	1	across	Cool!	Y	5			131				
000144	DE	5	6	across	Data Entry	N	10			131				
000144	SWERVE	6	1	across	Veer	Y	4			131				
000144	C	7	1	across	College	Y	7			131				
000144	SNARE	7	3	across	Hunting trap	N	12			131				
000144	AIT	8	1	across	<i>	Y	3	Image of waitress	W__ress	131				
000144	LID	8	5	across	Pot cover	N	9			131				
000144	PROLONG	9	1	across	Extend	Y	6			131				
000144	EL	10	1	across	Electrical Load	Y	15			131				
000144	URGE	10	4	across	Strong impulse	Y	14			131				
000144	LANDSCAPE	1	2	down	Opposite of portrait	Y	20			131				
000144	ARROW	1	3	down	<i>	Y	3	Image of arrow		131				
000144	IRL	7	3	down	In Reality	N	10			131				
000144	NI	1	4	down	<i>	Y	3	Image of knight	K__ght	131				
000144	PESTO	4	4	down	Basil sauce	N	11			131				
000144	TAVERN	1	5	down	Ale seller	Y	10			131				
000144	LU	8	5	down	La Union	N	8			131				
000144	E	1	6	down	Error	Y	5			131				
000144	E	3	6	down	Everyone	N	8			131				
000144	VALOR	5	6	down	Bravery	N	7			131				
000144	RENDERING	1	7	down	Portrayal	Y	9			131				
000144	NODE	1	8	down	Lymph __	Y	8			131				
000144	EDGE	6	8	down	Slight advantage	Y	16			131				
000145	REVERSE	2	1	across	Car back up	Y	11			132				
000145	ET	3	1	across	<i>	Y	3	Image on alien emoji		132				
000145	GOAL	3	4	across	Soccer cheer	N	12			132				
000145	CAT	4	1	across	<i>	Y	3	Image of a cat		132				
000145	IVS	4	5	across	ER drips	N	8			132				
000145	E	5	1	across	Ear	Y	3			132				
000145	HALVE	5	3	across	Share 50-50 	N	12			132				
000145	STEM	6	1	across	Flower holder	Y	13			132				
000145	YW	6	6	across	Ever__here	N	10			132				
000145	SWEAR	7	1	across	Promise	Y	7			132				
000145	H	7	7	across	Home	N	4			132				
000145	II	8	1	across	Roman two	Y	9			132				
000145	ZONE	8	4	across	Comfort __	N	10			132				
000145	OCTOBER	9	1	across	Halloween month	Y	15			132				
000145	NEON	10	1	across	Light gas	Y	9			132				
000145	YE	10	6	across	<i>	Y	3	Image of office worker	Emplo__e	132				
000145	RECESSION	1	2	down	Economic downturn	Y	17			132				
000145	ETA	1	3	down	<i>	Y	3	Image of a carrot	Veg__ble	132				
000145	TWICE	5	3	down	2x	N	2			132				
000145	V	1	4	down	Voice	Y	5			132				
000145	THEE	3	4	down	You, in Bible	N	13			132				
000145	TO	8	4	down	Directional word	N	16			132				
000145	EG	1	5	down	<i>	Y	3	Image of leg	L__	132				
000145	AMAZON	4	5	down	Kindle seller	N	13			132				
000145	ROIL	1	6	down	Agitate	Y	7			132				
000145	ROB	6	6	down	Steal	N	5			132				
000145	SAVVY	1	7	down	Street smart	Y	12			132				
000145	NEY	7	7	down	Attor__	N	7			132				
000145	ELSEWHERE	1	8	down	Not here	Y	8			132				
000147	PROTEST	2	1	across	Rally	Y	5			133				
000147	REST	3	1	across	Take a nap	Y	10			133				
000147	AH	3	6	across	Oh I see!	N	9			133				
000147	OD	4	1	across	<i>	Y	3	Image of waving hand	Go__bye	133				
000147	SALE	4	4	across	Discount	N	8			133				
000147	COM	5	1	across	<i>	Y	3	Image of a corporate building	__pany	133				
000147	PAY	5	5	across	Wage	N	4			133				
000147	E	6	1	across	Email	Y	5			133				
000147	ACID	6	3	across	Citric or HCl	N	13			133				
000147	SPIRE	7	1	across	Church tip	Y	10			133				
000147	S	7	7	across	Plural letter	N	13			133				
000147	SOLICIT	8	1	across	Ask for	Y	7			133				
000147	EN	9	1	across	<i>	Y	3	Image of a blender	Bl__der	133				
000147	MEMO	9	4	across	Office note	N	11			133				
000147	DYKE	10	1	across	Dick Van __	Y	11			133				
000147	SW	10	6	across	South West	Y	10			133				
000147	PROCESSED	1	2	down	Refined	Y	7			133				
000147	REDO	1	3	down	Repeat	Y	6			133				
000147	PONY	6	3	down	Small horse	N	11			133				
000147	OS	1	4	down	<i>	Y	3	Image of hospital	H__pital	133				
000147	MAIL	4	4	down	Post	N	4			133				
000147	K	9	4	down	Potassium	N	9			133				
000147	TTS	1	5	down	Text To Speech	Y	14			133				
000147	CRIME	5	5	down	Felony	N	6			133				
000147	E	1	6	down	Euler	Y	5			133				
000147	APIECE	3	6	down	Each	N	4			133				
000147	SALAD	1	7	down	<i>	Y	3	Image of a salad		133				
000147	IMS	7	7	down	Texts	N	5			133				
000147	THEY	1	8	down	Those guys	Y	10			133				
000147	STOW	6	8	down	Put away	Y	8			133				
000148	SHARPLY	2	1	across	In a sudden way	Y	15			134				
000148	UAL	3	1	across	<i>	Y	3	Image of equal sign	Eq__	134				
000148	POI	3	5	across	Ap__ntment	N	10			134				
000148	PL	4	1	across	Power level	Y	11			134				
000148	LACE	4	4	across	Crochet fabric	N	14			134				
000148	POPE	5	1	across	<i>	Y	3	Image of pope		134				
000148	KL	5	6	across	Kuala Lumpur	N	12			134				
000148	O	6	1	across	Outliers	Y	8			134				
000148	ADDED	6	3	across	Tacked on	N	9			134				
000148	RAGGED	7	1	across	Worn out	Y	8			134				
000148	TWEET	8	1	across	X post, once	Y	12			134				
000148	U	8	7	across	Umbrella	N	8			134				
000148	ER	9	1	across	Emergency Room	Y	14			134				
000148	REAM	9	4	across	Stack of paper	N	14			134				
000148	RYE	10	1	across	Bourbon cousin	Y	14			134				
000148	RAP	10	5	across	Childish Gambino genre	Y	22			134				
000148	SUPPORTER	1	2	down	Fan	Y	3			134				
000148	HALO	1	3	down	<i>	Y	3	Image of angel emoji (with the halo)		134				
000148	AWED	6	3	down	Amazed	N	6			134				
000148	AL	1	4	down	Soci__	Y	6			134				
000148	PAGE	4	4	down	Part of a book	N	14			134				
000148	E	9	4	down	2nd vowel	N	9			134				
000148	R	1	5	down	Radius	Y	6			134				
000148	LEDGER	3	5	down	Balance book	N	12			134				
000148	PPA	1	6	down	Polyphosphoric acid	Y	19			134				
000148	DETER	5	6	down	Prevent	N	7			134				
000148	LOCKED	1	7	down	Secured	Y	7			134				
000148	AA	8	7	down	As Above	N	8			134				
000148	YIELD	1	8	down	Crop produce	Y	12			134				
000148	UMP	7	8	down	<i>	Y	3	Image of umpire	__ire	134				
000149	CONTROL	2	1	across	Take charge	Y	11			135				
000149	UX	3	1	across	User Experience	Y	15			135				
000149	EURO	3	4	across	German bill	N	11			135				
000149	ROUND	4	1	across	<i>	Y	3	Image of a ball		135				
000149	Y	4	7	across	Yard	N	4			135				
000149	I	5	1	across	Interest	Y	8			135				
000149	ITEM	5	3	across	List part	N	9			135				
000149	ORCA	6	1	across	<i>	Y	3	Image of orca		135				
000149	YE	6	6	across	__llow	N	6			135				
000149	UO	7	1	across	Q__ta	Y	5			135				
000149	CLAM	7	4	across	Pearl maker	N	11			135				
000149	SCALE	8	1	across	<i>	Y	3	Image of balancing scales (Libra sign)		135				
000149	P	8	7	across	Podium	N	6			135				
000149	L	9	1	across	Large	Y	5			135				
000149	BESET	9	3	across	Troubled by	N	11			135				
000149	YEA	10	1	across	Casual yes	Y	10			135				
000149	TAY	10	5	across	Taylor's nickname	Y	17			135				
000149	CURIOUSLY	1	2	down	With intrigue	Y	13			135				
000149	OXO	1	3	down	Nal__ne	Y	7			135				
000149	ROC	5	3	down	Legendary bird	N	14			135				
000149	E	9	3	down	Even	N	4			135				
000149	N	1	4	down	North	Y	5			135				
000149	UIC	3	4	down	Q__ksand	N	8			135				
000149	ABA	7	4	down	__ndon	N	6			135				
000149	TENTACLE	1	5	down	<i>	Y	3	Image of tentacle		135				
000149	RUDE	1	6	down	Impolite	Y	8			135				
000149	LEST	6	6	down	In case	N	7			135				
000149	OR	1	7	down	<i>	Y	3	Image of anchor	Anch__	135				
000149	MYA	4	7	down	Far__rd	N	7			135				
000149	EA	8	7	down	Exec. Agent	N	11			135				
000149	LOY	1	8	down	Depl__ment	Y	10			135				
000149	EMPTY	5	8	down	Vacant	Y	6			135				
000150	CLONING	2	1	across	Genetic duplication	Y	19			136				
000150	RASP	3	1	across	<i>	Y	3	Image of a raspberry	__berry	136				
000150	OI	3	6	across	Optical Illusion	N	16			136				
000150	ARS	4	1	across	Latin for "arts"	Y	16			136				
000150	CIN	4	5	across	Movie prefix	N	12			136				
000150	FV	5	1	across	Futuristic vehicle	Y	18			136				
000150	SOR	5	4	across	__ry	N	4			136				
000150	TASTE	6	1	across	Flavor	Y	6			136				
000150	C	6	7	across	Roman 100	N	9			136				
000150	S	7	1	across	Sulfur symbol	Y	13			136				
000150	AUDIO	7	3	across	Podcast medium	N	14			136				
000150	MOLD	8	1	across	Shape	Y	5			136				
000150	PR	8	6	across	Public relation	N	15			136				
000150	ARTISAN	9	1	across	<i>	Y	3	Image of a person molding a clay pot with their hands		136				
000150	NT	10	1	across	New Tech	Y	8			136				
000150	OLDY	10	4	across	Retro	Y	5			136				
000150	CRAFTSMAN	1	2	down	Hands-on expert	Y	15			136				
000150	LARVA	1	3	down	<i>	Y	3	Image of the larva of a butterfly		136				
000150	ORT	7	3	down	Food bit	N	8			136				
000150	OSS	1	4	down	<i>	Y	3	Image of a crosswalk on a road	CR__WALK	136				
000150	SALT	5	4	down	NaCl	N	4			136				
000150	NP	1	5	down	No problem	Y	10			136				
000150	STUDIO	4	5	down	Film Set	N	8			136				
000150	I	1	6	down	Egoist's word	Y	13			136				
000150	COED	3	6	down	Mixed dorm	N	10			136				
000150	SL	8	6	down	Soft Light	N	10			136				
000150	NOIR	1	7	down	<i>	Y	3	Image of a bottle of wine with a glass next to it. The glass should be filled with red wine.	PINOT __	136				
000150	IPAD	6	7	down	Apple Tab	N	9			136				
000150	GIN	1	8	down	__ and tonic	Y	12			136				
000150	CORNY	5	8	down	Like a dad joke	Y	15			136				
000151	AGAINST	2	1	across	Opposed	Y	7			137				
000151	CORE	3	1	across	Center	Y	6			137				
000151	AO	3	6	across	Admin Office	N	12			137				
000151	CAP	4	1	across	<i>	Y	3	Image of a baseball cap		137				
000151	RIA	4	5	across	Inlet	N	5			137				
000151	ET	5	1	across	Film alien	Y	10			137				
000151	SEND	5	4	across	Mail	N	4			137				
000151	S	6	1	across	Letter after R	Y	14			137				
000151	ZEST	6	3	across	Citrus skin	N	11			137				
000151	SWINE	7	1	across	<i>	Y	3	Image of a pig		137				
000151	I	7	7	across	Roman one	N	9			137				
000151	OH	8	1	across	Surprise expression	Y	19			137				
000151	SNOT	8	4	across	Nasal nuisance	N	14			137				
000151	ROBOTIC	9	1	across	Like a machine	Y	14			137				
000151	YOUR	10	1	across	__ move!	Y	8			137				
000151	LH	10	6	across	Left hand	Y	9			137				
000151	ACCESSORY	1	2	down	Crime accomplice	Y	16			137				
000151	GOAT	1	3	down	<i>	Y	3	Image of a goat		137				
000151	WHOO	6	3	down	Owl's call	N	10			137				
000151	ARP	1	4	down	Artist Jean __ 	Y	15			137				
000151	ZI	5	4	down	Zero Input	N	10			137				
000151	BU	8	4	down	Boston Uni	N	10			137				
000151	IE	1	5	down	<i>	Y	3	Image of a clapperboard	MOV__	137				
000151	SENSOR	4	5	down	Motion detector	N	15			137				
000151	N	1	6	down	Normal	Y	6			137				
000151	RESENT	3	6	down	Begrudge	N	8			137				
000151	SAINT	1	7	down	Pious sort	Y	10			137				
000151	OIL	7	7	down	Crude energy source	N	19			137				
000151	TOAD	1	8	down	<i>	Y	3	Image of a toad		137				
000151	ITCH	6	8	down	Rash’s companion	Y	16			137				
000152	AMUSING	2	1	across	Funny	Y	5			138				
000152	SOOT	3	1	across	Chimney dust	Y	12			138				
000152	AO	3	6	across	Alpha-Omega	N	11			138				
000152	SS	4	1	across	Subscript	Y	9			138				
000152	AMMO	4	4	across	Bullets	N	7			138				
000152	UTA	5	1	across	Deb__nt	Y	7			138				
000152	AED	5	5	across	EMT's device	N	12			138				
000152	R	6	1	across	Radius	Y	6			138				
000152	LAND	6	3	across	Touch down	N	10			138				
000152	ADAPT	7	1	across	Adjust	Y	6			138				
000152	S	7	7	across	Section	N	7			138				
000152	NOSTRIL	8	1	across	<i>	Y	3	Image of a nose		138				
000152	CW	9	1	across	Clockwise	Y	9			138				
000152	LAKE	9	4	across	Water body	N	10			138				
000152	ENVY	10	1	across	<i>	Y	3	Image of envy from "Inside Out 2"		138				
000152	EW	10	6	across	<i>	Y	3	Image of a needle and thread sewing through a piece of fabric	S__	138				
000152	ASSURANCE	1	2	down	Promise	Y	7			138				
000152	MOST	1	3	down	Nearly all	Y	10			138				
000152	DOWN	6	3	down	Not up	N	6			138				
000152	UO	1	4	down	University Org	Y	14			138				
000152	ALAS	4	4	down	Too bad!	N	8			138				
000152	V	9	4	down	Peace sign	N	10			138				
000152	STA	1	5	down	<i>	Y	3	Image of a stapler	__PLER	138				
000152	APTLY	5	5	down	Fittingly	N	9			138				
000152	I	1	6	down	Imaginary	Y	9			138				
000152	MANTRA	3	6	down	Repeated chant	N	14			138				
000152	NAMED	1	7	down	Labeled	Y	7			138				
000152	IKE	7	7	down	Mike and __	N	11			138				
000152	GOOD	1	8	down	Positive	Y	8			138				
000152	SLEW	6	8	down	Whole lot	Y	9			138				
000154	DISTANT	2	1	across	Far away	Y	8			139				
000154	ROTE	3	1	across	__ learning	Y	11			139				
000154	OA	3	6	across	On or About	N	11			139				
000154	UNA	4	1	across	Actress Merkel	Y	14			139				
000154	ASP	4	5	across	Egyptian serpent	N	16			139				
000154	G	5	1	across	Google logo	Y	11			139				
000154	TALE	5	3	across	Folk legend	N	11			139				
000154	SWEDE	6	1	across	Sweden's citizen	Y	16			139				
000154	F	6	7	across	Fail grade	N	10			139				
000154	TIDE	7	1	across	Laundry brand	Y	13			139				
000154	YI	7	6	across	FL__ng	N	6			139				
000154	OR	8	1	across	<i>	Y	3	Image of a hand mirror	MIRR__	139				
000154	PLAN	8	4	across	Blueprint	N	9			139				
000154	RESTORE	9	1	across	Repair	Y	6			139				
000154	EDT	10	1	across	NYC clock setting	Y	17			139				
000154	CDS	10	5	across	<i>	Y	3	Image of CDs in a vintage storage case		139				
000154	DRUGSTORE	1	2	down	<i>	Y	3	Image of a drugstore		139				
000154	ION	1	3	down	Charged atom	Y	12			139				
000154	WIRED	5	3	down	Keyed up	N	8			139				
000154	STATED	1	4	down	Declared	Y	8			139				
000154	ST	8	4	down	We__ern	N	7			139				
000154	TE	1	5	down	The End	Y	7			139				
000154	ADEPT	4	5	down	Expert	N	6			139				
000154	A	1	6	down	Agency	Y	6			139				
000154	ALE	3	6	down	Pub drink	N	9			139				
000154	LOC	7	6	down	Locality	N	8			139				
000154	NOSE	1	7	down	<i>	Y	3	Image of a nose with a nose ring	__RING	139				
000154	YARD	6	7	down	Garden area	N	11			139				
000154	TAP	1	8	down	<i>	Y	3	Image of a water tap		139				
000154	FINES	5	8	down	Penalties	Y	9			139				
000155	CHEMIST	2	1	across	<i>	Y	3	Image of a woman in a chemistry lab, wearing a white lab coat, and holding a test tube filled with colorful fluid 		140				
000155	UAV	3	1	across	Unmanned Air Vehicle	Y	20			140				
000155	PLA	3	5	across	Com__cent	N	9			140				
000155	RN	4	1	across	Right now	Y	9			140				
000155	TAIL	4	4	across	Animal part	N	11			140				
000155	IDLE	5	1	across	Not moving	Y	10			140				
000155	VO	5	6	across	Voice over	N	10			140				
000155	O	6	1	across	Oxygen	Y	6			140				
000155	ASPEN	6	3	across	Ski resort	N	10			140				
000155	SISTER	7	1	across	Nun	Y	3			140				
000155	INSET	8	1	across	Map feature	Y	11			140				
000155	R	8	7	across	Required	N	8			140				
000155	TF	9	1	across	Text File	Y	9			140				
000155	REAP	9	4	across	Harvest	N	7			140				
000155	YOU	10	1	across	2nd person	Y	10			140				
000155	RAM	10	5	across	<i>	Y	3	Image of a ram		140				
000155	CURIOSITY	1	2	down	Inquisitiveness	Y	15			140				
000155	HAND	1	3	down	<i>	Y	3	Image of a hand		140				
000155	INFO	6	3	down	Knowledge	N	9			140				
000155	EV	1	4	down	Electric vehicle	Y	16			140				
000155	LASS	4	4	down	Scottish girl	N	13			140				
000155	U	9	4	down	Underlined	N	10			140				
000155	M	1	5	down	Meter	Y	5			140				
000155	TESTER	3	5	down	Quality checker	N	15			140				
000155	IPA	1	6	down	Hoppy beer	Y	10			140				
000155	PETER	5	6	down	__ Pan	N	6			140				
000155	SLIVER	1	7	down	Small fragment	Y	14			140				
000155	AA	8	7	down	Affected Area	N	13			140				
000155	TALON	1	8	down	<i>	Y	3	Image of a bird's talon		140				
000155	RPM	7	8	down	Engine speed	Y	12			140				
000156	DARLING	2	1	across	Dear one	Y	8			141				
000156	IZ	3	1	across	P__za	Y	5			141				
000156	ADDY	3	4	across	Email	N	5			141				
000156	SAUCE	4	1	across	<i>	Y	3	Image of a sauce bottle with a tomato on the label		141				
000156	M	4	7	across	Master	N	6			141				
000156	A	5	1	across	Good Grade	Y	10			141				
000156	CRAM	5	3	across	Stuff	N	5			141				
000156	PESO	6	1	across	Mexican $	Y	9			141				
000156	IS	6	6	across	To be	N	5			141				
000156	PU	7	1	across	<i>	Y	3	Image of a puppy	__PPY	141				
000156	SLAP	7	4	across	Smack	N	5			141				
000156	ERASE	8	1	across	Rub out	Y	7			141				
000156	O	8	7	across	Oxide	N	5			141				
000156	A	9	1	across	Alto	Y	4			141				
000156	REFER	9	3	across	Cite	N	4			141				
000156	RYE	10	1	across	Bread type	Y	10			141				
000156	TEE	10	5	across	<i>	Y	3	Image of a tshirt		141				
000156	DISAPPEAR	1	2	down	Fade Away	Y	9			141				
000156	AZA	1	3	down	__lea	Y	5			141				
000156	EUR	5	3	down	EU currency	N	11			141				
000156	Y	9	3	down	Yttrium	N	7			141				
000156	R	1	4	down	Reset	Y	5			141				
000156	UCS	3	4	down	Unit Cell Size	N	14			141				
000156	ARE	7	4	down	App__nt	N	7			141				
000156	LACROSSE	1	5	down	<i>	Y	3	Image of lacrosse equipment - lacrosse sticks and a ball 		141				
000156	IDEA	1	6	down	Plan	Y	4			141				
000156	LEFT	6	6	down	Remaining	N	9			141				
000156	ND	1	7	down	Notre Dame	Y	10			141				
000156	MIA	4	7	down	Actress Farrow	N	14			141				
000156	EE	8	7	down	Electrical engineer	N	19			141				
000156	GYM	1	8	down	<i>	Y	3	Image of a gym		141				
000156	SPORE	5	8	down	Tiny cell	Y	9			141				
000157	ASPHALT	2	1	across	Road tar	Y	8			142				
000157	DATE	3	1	across	<i>	Y	3	Image of a date fruit		142				
000157	OS	3	6	across	Mac's base	N	10			142				
000157	MLB	4	1	across	Baseball league	Y	15			142				
000157	CAP	4	5	across	Limit	N	5			142				
000157	IO	5	1	across	<i>	Y	3	Image of a lion	L__N	142				
000157	SOD	5	4	across	Grass Patch	N	11			142				
000157	SNAIL	6	1	across	<i>	Y	3	Image of a snail		142				
000157	R	6	7	across	Radio	N	5			142				
000157	S	7	1	across	Senate	Y	6			142				
000157	BLAME	7	3	across	Fault	N	5			142				
000157	ISLE	8	1	across	Small island	Y	12			142				
000157	II	8	6	across	Roman 2	N	7			142				
000157	OPENING	9	1	across	First act	Y	9			142				
000157	NA	10	1	across	Sodium symbol	Y	13			142				
000157	THEN	10	4	across	After that	Y	10			142				
000157	ADMISSION	1	2	down	Entry	Y	5			142				
000157	SALON	1	3	down	Tanning site	Y	12			142				
000157	SPA	7	3	down	Relaxation spot	N	15			142				
000157	PTB	1	4	down	Powers that be	Y	14			142				
000157	ABLE	5	4	down	Capable	N	7			142				
000157	HE	1	5	down	Helium	Y	6			142				
000157	SILENT	4	5	down	Not noisy	N	9			142				
000157	A	1	6	down	Amateur	Y	7			142				
000157	COLA	3	6	down	Carbonated drink	N	16			142				
000157	IH	8	6	down	Interstate Highway	N	18			142				
000157	LOAD	1	7	down	Heavy haul	Y	10			142				
000157	MINE	6	7	down	I call dibs!	N	12			142				
000157	TSP	1	8	down	<i>	Y	3	Image of a teaspoon		142				
000157	REIGN	5	8	down	Monarch’s time	Y	14			142				
000158	TRAINER	2	1	across	Pokemon guide	Y	13			143				
000158	HOLY	3	1	across	Sacred	Y	6			143				
000158	AO	3	6	across	All Out	N	7			143				
000158	EPA	4	1	across	Green org.	Y	10			143				
000158	SRL	4	5	across	seriously	N	9			143				
000158	RE	5	1	across	Do __ mi	Y	8			143				
000158	BELL	5	4	across	Liberty __	N	10			143				
000158	A	6	1	across	Anonymous	Y	9			143				
000158	VERY	6	3	across	Extremely	N	9			143				
000158	PSALM	7	1	across	Sacred song	Y	11			143				
000158	V	7	7	across	_ for Vendetta	N	14			143				
000158	IU	8	1	across	Indiana Univ.	Y	13			143				
000158	OOZE	8	4	across	Seep	N	4			143				
000158	SCANNER	9	1	across	<i>	Y	3	Image of a barcode scanner scanning a barcode		143				
000158	THUG	10	1	across	Ruffian	Y	7			143				
000158	EB	10	6	across	Electric Boat	Y	13			143				
000158	THERAPIST	1	2	down	Shrink	Y	6			143				
000158	ROPE	1	3	down	<i>	Y	3	Image of a coil of rope		143				
000158	SUCH	6	3	down	Like that	N	9			143				
000158	ALA	1	4	down	<i>	Y	3	Image of a bowl of salad	S__D	143				
000158	VA	5	4	down	Value Added	N	11			143				
000158	AU	8	4	down	Bec__se	N	7			143				
000158	IY	1	5	down	Initial Yield	Y	13			143				
000158	BELONG	4	5	down	Fit in	N	6			143				
000158	N	1	6	down	Nitrogen	Y	8			143				
000158	SERMON	3	6	down	Church talk	N	11			143				
000158	EARLY	1	7	down	Primitive	Y	9			143				
000158	ZEE	7	7	down	American zed	N	12			143				
000158	ROLL	1	8	down	<i>	Y	3	Image of a jelly roll cake	Jelly __	143				
000158	VERB	6	8	down	Action word	Y	11			143				
000159	STYLISH	2	1	across	In vogue	Y	8			144				
000159	EA	3	1	across	<i>	Y	3	Image of the Earth as seen from space	__RTH	144				
000159	SOLE	3	4	across	Shoe bottom	N	11			144				
000159	ARG	4	1	across	Argentina	Y	9			144				
000159	CAA	4	5	across	Clean Air Act	N	13			144				
000159	STAG	5	1	across	<i>	Y	3	Image of a stag		144				
000159	YV	5	6	across	Yucca Valley	N	12			144				
000159	O	6	1	across	Output	Y	6			144				
000159	IRC	6	3	across	C__le	N	5			144				
000159	E	6	7	across	Electronic	N	10			144				
000159	NATION	7	1	across	Country	Y	7			144				
000159	IU	8	1	across	Imaging Unit	Y	12			144				
000159	POEM	8	4	across	Haiku 	N	6			144				
000159	NRC	9	1	across	National Red Cross	Y	18			144				
000159	KEA	9	5	across	Mountain parrot	N	15			144				
000159	GAZE	10	1	across	<i>	Y	3	Image of a gazelle	__LLE	144				
000159	DP	10	6	across	Double play	Y	11			144				
000159	SEASONING	1	2	down	Culinary dash	Y	13			144				
000159	TART	1	3	down	<i>	Y	3	Image of a tart		144				
000159	AURA	6	3	down	Energy field	N	12			144				
000159	Y	1	4	down	Year	Y	4			144				
000159	GAIT	3	4	down	Walking style	N	13			144				
000159	CZ	8	4	down	Czech Rep.	N	10			144				
000159	LS	1	5	down	Link State	Y	10			144				
000159	GRIP	4	5	down	Handle tightly	N	14			144				
000159	E	9	5	down	Electricity	N	11			144				
000159	IOC	1	6	down	Med__re	Y	7			144				
000159	COOK	5	6	down	Chef	N	4			144				
000159	SLAY	1	7	down	Kill	Y	4			144				
000159	NEED	6	7	down	Must have	N	9			144				
000159	HEAVE	1	8	down	Throw	Y	5			144				
000159	MAP	7	8	down	<i>	Y	3	Image of a treasure hunt map with an X marking the spot		144				
000160	SMILING	2	1	across	Beaming	Y	7			145				
000160	TAPE	3	1	across	<i>	Y	3	Image of a roll of tape		145				
000160	AA	3	6	across	Acetic Acid	N	11			145				
000160	RZ	4	1	across	Restricted Zone	Y	15			145				
000160	WIKI	4	4	across	User-edited site	N	16			145				
000160	EEG	5	1	across	Brain scan	Y	10			145				
000160	GEN	5	5	across	Generation	N	10			145				
000160	T	6	1	across	Telephone	Y	9			145				
000160	LEND	6	3	across	Loan out	N	8			145				
000160	CHILI	7	1	across	<i>	Y	3	Image of a chili		145				
000160	H	7	7	across	Hydrogen	N	8			145				
000160	HABITAT	8	1	across	Environment	Y	11			145				
000160	EH	9	1	across	V__icle	Y	7			145				
000160	TERM	9	4	across	Time period	N	11			145				
000160	RAZE	10	1	across	Demolish	Y	8			145				
000160	KL	10	6	across	<i>	Y	3	Image of a pickle	PIC__E	145				
000160	STRETCHER	1	2	down	<i>	Y	3	Image of a stretcher		145				
000160	MAZE	1	3	down	<i>	Y	3	Image of a maze puzzle 		145				
000160	HAHA	6	3	down	Loud laugh	N	10			145				
000160	IP	1	4	down	Internet ID	Y	11			145				
000160	GLIB	4	4	down	Insincere	N	9			145				
000160	Z	9	4	down	Zenith	N	6			145				
000160	LEW	1	5	down	Famous Wallace	Y	14			145				
000160	ELITE	5	5	down	Best of best	N	12			145				
000160	I	1	6	down	Independent	Y	11			145				
000160	IGNITE	3	6	down	Set on fire	N	11			145				
000160	NAKED	1	7	down	Bare	Y	4			145				
000160	ARK	7	7	down	Noah's boat	N	11			145				
000160	GAIN	1	8	down	Increase	Y	8			145				
000160	HTML	6	8	down	Web language	Y	12			145				
000161	DRIBBLE	2	1	across	<i>	Y	3	Image of a basketballer dribbling the ball 		146				
000161	EA	3	1	across	Enemy Aircraft	Y	14			146				
000161	DAIS	3	4	across	Speaker's spot	N	14			146				
000161	PTA	4	1	across	School group	Y	12			146				
000161	BLT	4	5	across	Sandwich trio	N	13			146				
000161	R	5	1	across	Toys _ US	Y	9			146				
000161	CLEAR	5	3	across	Obvious	N	7			146				
000161	ECHO	6	1	across	<i>	Y	3	Image of a kid shouting "Hello" with many trailing "hello" in smaller size showing an echo effect		146				
000161	CA	6	6	across	Golden State	N	12			146				
000161	SHEAR	7	1	across	Cut off	Y	7			146				
000161	N	7	7	across	Normality	N	9			146				
000161	SA	8	1	across	South Africa	Y	12			146				
000161	DUNG	8	4	across	Natural manure	N	14			146				
000161	ESSENCE	9	1	across	Fundamental	Y	11			146				
000161	DEED	10	1	across	Legal document	Y	14			146				
000161	RD	10	6	across	Roller Derby	Y	12			146				
000161	DEPRESSED	1	2	down	Very sad	Y	8			146				
000161	RAT	1	3	down	<i>	Y	3	Image of a rat		146				
000161	CHASE	5	3	down	Pursue	N	6			146				
000161	I	1	4	down	Me	Y	2			146				
000161	ACHE	3	4	down	Dull pain	N	9			146				
000161	SE	8	4	down	Special Envoy	N	13			146				
000161	BD	1	5	down	Su__ue	Y	6			146				
000161	LOADED	4	5	down	Full of cash	N	12			146				
000161	BABE	1	6	down	Sweetie	Y	7			146				
000161	RUN	6	6	down	Operate	N	7			146				
000161	LILAC	1	7	down	<i>	Y	3	Image of lilac flowers		146				
000161	NCR	7	7	down	I__edible	N	9			146				
000161	ESTRANGED	1	8	down	Separated	Y	9			146				
000165	SAUSAGE	2	1	across	<i>	Y	3	Image of some chicken sausage on a plate		147				
000165	TUX	3	1	across	<i>	Y	3	Image of a tuxedo		147				
000165	WAX	3	5	across	Candle coating	N	14			147				
000165	YT	4	1	across	Yours Truly	Y	11			147				
000165	BELT	4	4	across	Waist strap	N	11			147				
000165	LOBE	5	1	across	<i>	Y	3	Image of an ear with an arrow pointing at the lobe	Ear__	147				
000165	LO	5	6	across	__ and behold	N	13			147				
000165	I	6	1	across	Internet	Y	8			147				
000165	LABEL	6	3	across	Tag	N	3			147				
000165	SCURRY	7	1	across	Scamper	Y	7			147				
000165	THREE	8	1	across	Hat trick number	Y	16			147				
000165	A	8	7	across	Agency	N	6			147				
000165	IU	9	1	across	<i>	Y	3	Image of a podium	POD__M	147				
000165	REAL	9	4	across	Authentic	N	9			147				
000165	CGI	10	1	across	Movie effects	Y	13			147				
000165	DAP	10	5	across	Fist bump	Y	9			147				
000165	STYLISTIC	1	2	down	Form-related	Y	12			147				
000165	AUTO	1	3	down	Self-powered	Y	12			147				
000165	CHUG	6	3	down	Guzzle	N	6			147				
000165	UX	1	4	down	L__ury	Y	6			147				
000165	BLUR	4	4	down	Out of focus	N	12			147				
000165	I	9	4	down	Input	N	5			147				
000165	S	1	5	down	<i>	Y	3	Image of the sun	_UN	147				
000165	BEARER	3	5	down	Gift carrier	N	12			147				
000165	AWE	1	6	down	Wonder	Y	6			147				
000165	BREED	5	6	down	Dog type	N	8			147				
000165	GALLEY	1	7	down	Kitchen on board	Y	16			147				
000165	AA	8	7	down	Acetic Acid	N	11			147				
000165	EXTOL	1	8	down	Praise	Y	6			147				
000165	ALP	7	8	down	Swiss peak	Y	10			147				
000166	RADICAL	2	1	across	Extreme	Y	7			148				
000166	EY	3	1	across	Ernst & Young	Y	13			148				
000166	ROBE	3	4	across	Judge's wear	N	12			148				
000166	SNARL	4	1	across	Angry growl	Y	11			148				
000166	A	4	7	across	Alert	N	5			148				
000166	T	5	1	across	Trust	Y	5			148				
000166	MITE	5	3	across	Dust pest	N	9			148				
000166	ROOT	6	1	across	<i>	Y	3	Image of a plant's root		148				
000166	RS	6	6	across	Right Side	N	10			148				
000166	AU	7	1	across	Gold symbol	Y	11			148				
000166	ABET	7	4	across	Encourage	N	9			148				
000166	IRATE	8	1	across	<i>	Y	3	Image of a very angry emoji		148				
000166	O	8	7	across	Oval	N	4			148				
000166	N	9	1	across	Nitrogen	Y	8			148				
000166	SEVEN	9	3	across	Weekday count	N	13			148				
000166	TOP	10	1	across	<i>	Y	3	Image of a spinning top		148				
000166	YEE	10	5	across	__-haw!	Y	7			148				
000166	RESTRAINT	1	2	down	Restriction	Y	11			148				
000166	AYN	1	3	down	Author Rand	Y	11			148				
000166	OUR	5	3	down	Shared word	N	11			148				
000166	O	9	3	down	Oxygen	N	6			148				
000166	D	1	4	down	Drama	Y	5			148				
000166	AMO	3	4	down	Te __	N	5			148				
000166	ASP	7	4	down	Nile viper	N	10			148				
000166	IRRITATE	1	5	down	Annoy greatly	Y	13			148				
000166	COLT	1	6	down	<i>	Y	3	Image of a colt		148				
000166	BEVY	6	6	down	Large group	N	11			148				
000166	AB	1	7	down	Blood type	Y	10			148				
000166	ERE	4	7	down	Poet's before	N	13			148				
000166	EE	8	7	down	East End	N	8			148				
000166	LEA	1	8	down	<i>	Y	3	Image of a cleaver	C__VER	148				
000166	STONE	5	8	down	River skipper	Y	13			148				
000167	BALCONY	2	1	across	<i>	Y	3	Image of a balcony as seen from outside a house		149				
000167	ONUS	3	1	across	Burden	Y	6			149				
000167	OA	3	6	across	Open Access	N	11			149				
000167	DOG	4	1	across	<i>	Y	3	Image of a dog		149				
000167	BON	4	5	across	__ voyage	N	9			149				
000167	YV	5	1	across	Youth Village	Y	13			149				
000167	SON	5	4	across	Dad's boy	N	9			149				
000167	GAMER	6	1	across	Esports pro	Y	11			149				
000167	S	6	7	across	Sauce	N	5			149				
000167	U	7	1	across	Urgent	Y	6			149				
000167	ERECT	7	3	across	Fully upright	N	13			149				
000167	ACNE	8	1	across	<i>	Y	3	Image of a boy with his face full of acne		149				
000167	IE	8	6	across	In Effect	N	9			149				
000167	REUNITE	9	1	across	Meet again	Y	10			149				
000167	DP	10	1	across	Display Picture	Y	15			149				
000167	EVER	10	4	across	Eternally	Y	9			149				
000167	BODYGUARD	1	2	down	VIP protector	Y	13			149				
000167	ANOVA	1	3	down	Vill__, Philly	Y	14			149				
000167	CEP	7	3	down	Con__t art	N	10			149				
000167	LUG	1	4	down	Tote around	Y	11			149				
000167	MENU	5	4	down	Food guide	N	10			149				
000167	CS	1	5	down	Counter Strike	Y	14			149				
000167	SERENE	4	5	down	Peaceful	N	8			149				
000167	O	1	6	down	Round letter	Y	12			149				
000167	BORE	3	6	down	Tiresome thing	N	14			149				
000167	IV	8	6	down	ICU drips	N	9			149				
000167	NOON	1	7	down	Midday	Y	6			149				
000167	CITE	6	7	down	Reference	N	9			149				
000167	YAN	1	8	down	<i>	Y	3	Image of the yin yang symbol	Yin-__G	149				
000167	STEER	5	8	down	Use handlebars	Y	14			149				
000168	CLARITY	2	1	across	Zero confusion	Y	14			150				
000168	OOPS	3	1	across	Silly me!	Y	9			150				
000168	AO	3	6	across	Adults Only	N	11			150				
000168	NSE	4	1	across	Hyperte__	Y	9			150				
000168	SIL	4	5	across	son in law	N	10			150				
000168	FT	5	1	across	<i>	Y	3	Image of a gift	GI__	150				
000168	SINK	5	4	across	Kitchen Basin	N	13			150				
000168	U	6	1	across	You In Text	Y	11			150				
000168	PUTT	6	3	across	Green Shot	N	10			150				
000168	STINT	7	1	across	Service Period	Y	14			150				
000168	T	7	7	across	Twist	N	5			150				
000168	IU	8	1	across	International Unit	Y	18			150				
000168	SEAR	8	4	across	Lightly Char	N	12			150				
000168	OBSERVE	9	1	across	Watch Closely	Y	13			150				
000168	NEXT	10	1	across	<i>	Y	3	Image of the next button, like on a music player		150				
000168	IK	10	6	across	I know	Y	6			150				
000168	CONFUSION	1	2	down	<i>	Y	3	Image of a very confused-looking person, with questions marks around their head		150				
000168	LOST	1	3	down	__ and found	Y	12			150				
000168	TUBE	6	3	down	London subway	N	13			150				
000168	APE	1	4	down	<i>	Y	3	Image of an ape		150				
000168	PI	5	4	down	Plug In	N	7			150				
000168	SX	8	4	down	Sonic X	N	7			150				
000168	RS	1	5	down	Railway Station	Y	15			150				
000168	SUNSET	4	5	down	End Of Day	N	10			150				
000168	I	1	6	down	Idea	Y	4			150				
000168	SITTER	3	6	down	Baby Watcher	N	12			150				
000168	TAINT	1	7	down	Contaminate	Y	11			150				
000168	AVI	7	7	down	Bird Prefix	N	11			150				
000168	YOLK	1	8	down	<i>	Y	3	Image of an egg with an arrow pointed at the yolk		150				
000168	TREK	6	8	down	Tough Hike	Y	10			150				
000169	HYGIENE	2	1	across	Clean Habit	Y	11			151				
000169	EO	3	1	across	Earth Observation	Y	17			151				
000169	BRAN	3	4	across	Cereal Grain	N	12			151				
000169	AKP	4	1	across	Alkaline Phosphatase	Y	20			151				
000169	SIT	4	5	across	Stop Standing	N	13			151				
000169	READ	5	1	across	Use A Book	Y	10			151				
000169	LE	5	6	across	Lower East	N	10			151				
000169	T	6	1	across	Tomato	Y	6			151				
000169	CAC	6	3	across	__tus	N	5			151				
000169	R	6	7	across	Robot	N	5			151				
000169	BOTTOM	7	1	across	Low point	Y	9			151				
000169	EA	8	1	across	East Africa	Y	11			151				
000169	AMID	8	4	across	Between Things	N	14			151				
000169	ATM	9	1	across	<i>	Y	3	Image of an ATM		151				
000169	ATI	9	5	across	Rel__onship	N	11			151				
000169	THOR	10	1	across	<i>	Y	3	Image of Thor from Marvel franchise		151				
000169	TY	10	6	across	Thank You	Y	9			151				
000169	HEARTBEAT	1	2	down	Lub dub rhythm	Y	14			151				
000169	YOKE	1	3	down	<i>	Y	3	Image of an empty yoke		151				
000169	OATH	6	3	down	Solemn Promise	N	14			151				
000169	G	1	4	down	Gravity	Y	7			151				
000169	PACT	3	4	down	Mutual Deal	N	11			151				
000169	MO	8	4	down	Month	N	5			151				
000169	IB	1	5	down	Respons__le	Y	11			151				
000169	DATA	4	5	down	Computer Info	N	13			151				
000169	R	9	5	down	Remote	N	6			151				
000169	ERS	1	6	down	Hospital Sections	Y	17			151				
000169	COMA	5	6	down	Deep Sleep	N	10			151				
000169	NAIL	1	7	down	<i>	Y	3	Image of a hand showing nail art on the nails	__ art	151				
000169	MITT	6	7	down	Baseball Glove	N	14			151				
000169	ENTER	1	8	down	Sign Up	Y	7			151				
000169	DIY	7	8	down	Home Project	Y	12			151				
000170	SUPPORT	2	1	across	Help Out	Y	8			152				
000170	UNTO	3	1	across	Do __ Others	Y	12			152				
000170	EO	3	6	across	Every Other	N	11			152				
000170	PI	4	1	across	<i>	Y	3	Image of a pizza	__ZZA	152				
000170	REPO	4	4	across	Seized auto	N	11			152				
000170	ROUT	5	1	across	Major Defeat	Y	12			152				
000170	RT	5	6	across	Right Tackle	N	12			152				
000170	ENRAGE	6	1	across	Make Furious	Y	12			152				
000170	M	7	1	across	<i>	Y	3	Image of an envelope	_AIL	152				
000170	BLESS	7	3	across	Sanctify	N	8			152				
000170	AHA	8	1	across	Sudden Realization	Y	18			152				
000170	NEA	8	5	across	PBS Funder	N	10			152				
000170	CUNNING	9	1	across	Sharp-Minded	Y	12			152				
000170	YT	10	1	across	<i>	Y	3	Image of a python snake	P__hon	152				
000170	META	10	4	across	Facebook Now	Y	12			152				
000170	SUPREMACY	1	2	down	Dominance	Y	9			152				
000170	UNION	1	3	down	Worker's Group	Y	14			152				
000170	HUT	7	3	down	Beach Shack	N	11			152				
000170	PT	1	4	down	<i>	Y	3	Image of a laptop	LA__OP	152				
000170	URBAN	4	4	down	City Life	N	9			152				
000170	PORTAL	1	5	down	Magic Doorway	Y	13			152				
000170	NM	8	5	down	New Mexico	N	10			152				
000170	O	1	6	down	Opera Logo	Y	10			152				
000170	E	3	6	down	Euler's Number	N	14			152				
000170	GENIE	5	6	down	Aladdin's Pal	N	13			152				
000170	REPRESENT	1	7	down	Speak On Behalf	Y	15			152				
000170	TOOT	1	8	down	Horn Sound	Y	10			152				
000170	SAGA	6	8	down	Episodic Drama	Y	14			152				
000171	NOURISH	2	1	across	Give Good Food	Y	14			153				
000171	EA	3	1	across	Electronic arts	Y	15			153				
000171	AREA	3	4	across	Land Size	N	9			153				
000171	CUS	4	1	across	<i>	Y	3	Image of an abacus frame	ABA__	153				
000171	OWL	4	5	across	Night bird	N	10			153				
000171	E	5	1	across	Fifth letter	Y	12			153				
000171	PANEL	5	3	across	Judges' group	N	13			153				
000171	SPAN	6	1	across	Time gap	Y	8			153				
000171	RO	6	6	across	Read Only	N	9			153				
000171	SURGE	7	1	across	Sudden increase	Y	15			153				
000171	W	7	7	across	Double U	N	8			153				
000171	AR	8	1	across	<i>	Y	3	Image of a shark 	SH__K	153				
000171	LANE	8	4	across	Narrow road	N	11			153				
000171	RESERVE	9	1	across	Book a spot	Y	11			153				
000171	YEAR	10	1	across	365 days	Y	8			153				
000171	AN	10	6	across	Arrival Notice	Y	14			153				
000171	NECESSARY	1	2	down	Must have	Y	9			153				
000171	OAU	1	3	down	C__thors	Y	8			153				
000171	PUREE	5	3	down	Smooth mix	N	10			153				
000171	U	1	4	down	Hairpin turn shape	Y	18			153				
000171	SPAR	3	4	down	Trade punches	N	13			153				
000171	SA	8	4	down	Saudi Arabia	N	12			153				
000171	RA	1	5	down	Red Alert	Y	9			153				
000171	ANGLER	4	5	down	Fisherman	N	9			153				
000171	IRON	1	6	down	<i>	Y	3	Image of an iron man mask	__ MAN	153				
000171	EAR	6	6	down	Hearing organ	N	13			153				
000171	SEWER	1	7	down	Waste pipe	Y	10			153				
000171	NVA	7	7	down	No value added	N	14			153				
000171	HALLOWEEN	1	8	down	<i>	Y	3	Image of a Halloween-style carved pumpkin wearing a witch's hat		153				
000172	PACKING	2	1	across	Travel chore	Y	12			154				
000172	OGRE	3	1	across	<i>	Y	3	Image of shrek		154				
000172	OA	3	6	across	On air	N	6			154				
000172	TOA	4	1	across	Token of appreciation	Y	21			154				
000172	ATP	4	5	across	Nadal's Org	N	11			154				
000172	A	5	1	across	Top grade	Y	9			154				
000172	TAKE	5	3	across	Seize it	N	8			154				
000172	SCENE	6	1	across	Film set	Y	8			154				
000172	V	6	7	across	Peace symbol	N	12			154				
000172	SARI	7	1	across	<i>	Y	3	Image of a woman draped in a sari		154				
000172	TI	7	6	across	Titanium	N	8			154				
000172	ID	8	1	across	Official proof	Y	14			154				
000172	MOAN	8	4	across	Soft cry	N	8			154				
000172	URGENCY	9	1	across	Immediate need	Y	14			154				
000172	MEX	10	1	across	Tex-__ cuisine	Y	14			154				
000172	ATL	10	5	across	Georgia's capital	Y	17			154				
000172	POTASSIUM	1	2	down	Table's K	Y	9			154				
000172	AGO	1	3	down	<i>	Y	3	Image of a wooden wagon	W__N	154				
000172	CADRE	5	3	down	Core group	N	10			154				
000172	CRATER	1	4	down	<i>	Y	3	Image of a crater on the moon surface		154				
000172	GX	8	4	down	Generation X	N	12			154				
000172	KE	1	5	down	Kinetic energy	Y	14			154				
000172	ANIME	4	5	down	Manga's cousin	N	14			154				
000172	I	1	6	down	Me letter	Y	9			154				
000172	AKE	3	6	down	Saltsh__r	N	9			154				
000172	ONA	7	6	down	Occasi__l	N	9			154				
000172	NOTE	1	7	down	Message on paper	Y	16			154				
000172	TACT	6	7	down	Diplomacy	N	9			154				
000172	GAP	1	8	down	Empty space	Y	11			154				
000172	VINYL	5	8	down	<i>	Y	3	Image of a vinyl record		154				
000173	COMMENT	2	1	across	remark online	Y	13			155				
000173	AVID	3	1	across	eager learner	Y	13			155				
000173	OA	3	6	across	optic axis	N	10			155				
000173	RE	4	1	across	Risk Exposure	Y	13			155				
000173	STIR	4	4	across	Mix with spoon	N	14			155				
000173	IRS	5	1	across	Indus River System	Y	18			155				
000173	EST	5	5	across	Estimate	N	8			155				
000173	B	6	1	across	Plan after A	Y	12			155				
000173	WANE	6	3	across	Fade away	N	9			155				
000173	BEARD	7	1	across	<i>	Y	3	Image of a man with a beard, with an arrow pointing at the beard		155				
000173	W	7	7	across	Wordsmith	N	9			155				
000173	EXTREME	8	1	across	Very intense	Y	12			155				
000173	AP	9	1	across	<i>	Y	3	Image of a bunch of grapes	GR__ES	155				
000173	ARSE	9	4	across	Real prat	N	9			155				
000173	NOSY	10	1	across	Inquisitive	Y	11			155				
000173	UP	10	6	across	Opposite of down	Y	16			155				
000173	CARIBBEAN	1	2	down	Pirate's sea	Y	12			155				
000173	OVER	1	3	down	Above something	Y	15			155				
000173	EXPO	6	3	down	Big exhibit	N	11			155				
000173	MI	1	4	down	Michigan	Y	8			155				
000173	SWAT	4	4	down	Whack a fly	N	11			155				
000173	S	9	4	down	Plural letter	N	13			155				
000173	MDS	1	5	down	Medical Degrees	Y	15			155				
000173	ARRAY	5	5	down	Wide variety	N	12			155				
000173	E	1	6	down	Explorer	Y	8			155				
000173	TENDER	3	6	down	Quotation	N	9			155				
000173	NOISE	1	7	down	loud sound	Y	10			155				
000173	MSU	7	7	down	Make stuff up	N	13			155				
000173	TART	1	8	down	<i>	Y	3	Image of a strawberry tart		155				
000173	WEEP	6	8	down	<i>	Y	3	Image of a weeping face		155				
000174	PAYBACK	2	1	across	Revenge moment	Y	14			156				
000174	ECU	3	1	across	Engine control unit	Y	19			156				
000174	YEN	3	5	across	Japanese money	N	14			156				
000174	RA	4	1	across	<i>	Y	3	Image of a girl standing in the rain with an umbrella in hand	__IN	156				
000174	SANE	4	4	across	Mentally sound	N	14			156				
000174	SIFT	5	1	across	Sort through	Y	12			156				
000174	TA	5	6	across	Fundamen__l	N	11			156				
000174	E	6	1	across	Second vowel	Y	12			156				
000174	ARMED	6	3	across	Weapon ready	N	12			156				
000174	CAREER	7	1	across	Professional path	Y	17			156				
000174	UNMET	8	1	across	Not fulfilled	Y	13			156				
000174	U	8	7	across	Urban	N	5			156				
000174	TO	9	1	across	<i>	Y	3	image of a tooth	__OTH	156				
000174	TEAR	9	4	across	Rip apart	N	9			156				
000174	ENT	10	1	across	Ear Nose Throat	Y	15			156				
000174	RAN	10	5	across	<i>	Y	3	Image of an orange	O__GE	156				
000174	PERSECUTE	1	2	down	Pursue relentlessly	Y	19			156				
000174	ACAI	1	3	down	Superfood berry	Y	15			156				
000174	ANON	6	3	down	Nameless	N	8			156				
000174	YU	1	4	down	Yale university	Y	15			156				
000174	FARM	4	4	down	Crop land	N	9			156				
000174	T	9	4	down	Time-up sign	N	12			156				
000174	B	1	5	down	Behavior	Y	8			156				
000174	STREET	3	5	down	Road for cars	N	13			156				
000174	AYA	1	6	down	<i>	Y	3	Image of a kayak	K__K	156				
000174	METER	5	6	down	Parking timer	N	13			156				
000174	CENTER	1	7	down	Middle spot	Y	11			156				
000174	AA	8	7	down	Acetic Acid	N	11			156				
000174	KNEAD	1	8	down	Bread making step	Y	17			156				
000174	URN	7	8	down	<i>	Y	3	Image of an urn		156				
000175	REBUILD	2	1	across	Construct again	Y	15			157				
000175	EVEN	3	1	across	<i>	Y	3	Image of a analog clock striking 11	EL__	157				
000175	AO	3	6	across	Account of	N	10			157				
000175	I	4	1	across	Interstate	Y	10			157				
000175	ACUTE	4	3	across	Not obtuse	N	10			157				
000175	MAUL	5	1	across	Attack roughly	Y	14			157				
000175	IR	5	6	across	Infrared	N	8			157				
000175	BU	6	1	across	<i>	Y	3	Image of a bunny rabbit	__NNY	157				
000175	EEN	6	4	across	Evil Gr__ eye	N	13			157				
000175	UTE	7	1	across	<i>	Y	3	Image of a mute button	M__	157				
000175	VOC	7	5	across	__al cord	N	9			157				
000175	RINSE	8	1	across	Wash lightly	Y	12			157				
000175	O	8	7	across	oesophagus	N	10			157				
000175	SS	9	1	across	Solar system	Y	12			157				
000175	SNIP	9	4	across	Quick trim	N	10			157				
000175	EMPATHY	10	1	across	Feeling for others	Y	18			157				
000175	REIMBURSE	1	2	down	Refund	Y	6			157				
000175	EV	1	3	down	Escort vessel	Y	13			157				
000175	AUTISM	4	3	down	__ Spectrum	N	11			157				
000175	BEAU	1	4	down	Romantic partner	Y	16			157				
000175	EN	6	4	down	English Nature	N	14			157				
000175	P	9	4	down	Primary	N	7			157				
000175	UNCLE	1	5	down	<i>	Y	3	Image of Uncle Sam with a friendly expression, pointing forward in the iconic 'I Want You' gesture	__ SAM	157				
000175	SSA	7	5	down	Renai__nce	N	10			157				
000175	I	1	6	down	Iteration	Y	9			157				
000175	U	3	6	down	Update	N	6			157				
000175	EVENT	5	6	down	Calendar entry	N	14			157				
000175	LATINO	1	7	down	Spanish speaking	Y	16			157				
000175	IH	8	7	down	In House	N	8			157				
000175	DOER	1	8	down	Not just a thinker	Y	18			157				
000175	COPY	6	8	down	<i>	Y	3	Image of a photocopier	PHOTO__	157				
000176	DRESSER	2	1	across	<i>	Y	3	Image of a vintage dresser		158				
000176	IO	3	1	across	Index origin	Y	12			158				
000176	CHOP	3	4	across	Karate move	N	11			158				
000176	STARE	4	1	across	Blinkless gaze	Y	14			158				
000176	G	4	7	across	General	N	7			158				
000176	M	5	1	across	Mortgage	Y	8			158				
000176	WADE	5	3	across	Walk in water	N	13			158				
000176	IMAM	6	1	across	Mosque leader	Y	13			158				
000176	AS	6	6	across	All source	N	10			158				
000176	SS	7	1	across	Screenshot	Y	10			158				
000176	BASE	7	4	across	Pizza's bread	N	13			158				
000176	STALL	8	1	across	<i>	Y	3	Image of a stall like in a fest		158				
000176	V	8	7	across	Victory sign	N	12			158				
000176	A	9	1	across	Astrology	Y	9			158				
000176	MELEE	9	3	across	Chaotic fight	N	13			158				
000176	LPS	10	1	across	Law & Public safety	Y	19			158				
000176	YAR	10	5	across	<i>	Y	3	Image of a ball of yarn	__N	158				
000176	DISMISSAL	1	2	down	Expulsion	Y	9			158				
000176	ROT	1	3	down	<i>	Y	3	Image of a parrot	PAR__	158				
000176	MST	5	3	down	ha__ring	N	8			158				
000176	P	9	3	down	Proverb	N	7			158				
000176	E	1	4	down	Electron letter	Y	15			158				
000176	AWA	3	4	down	As well as	N	10			158				
000176	AMS	7	4	down	Amsterdam	N	9			158				
000176	SCRAMBLE	1	5	down	Messy egg style	Y	15			158				
000176	SHED	1	6	down	<i>	Y	3	Image of a wooden shed, like one you'd find in a backyard		158				
000176	ALLY	6	6	down	Compatriot	N	10			158				
000176	EO	1	7	down	G__metry	Y	8			158				
000176	EAS	4	7	down	Pancr__	N	7			158				
000176	EA	8	7	down	Early adopter	N	13			158				
000176	RPG	1	8	down	Role Playing Game	Y	17			158				
000176	SEVER	5	8	down	Cut off completely	Y	18			158				
000177	SPARKLE	2	1	across	<i>	Y	3	Image of the sparkle emoji ✨		159				
000177	HIDE	3	1	across	Conceal	Y	7			159				
000177	OA	3	6	across	Orbit area	N	10			159				
000177	AAU	4	1	across	Air ambulance unit	Y	18			159				
000177	MAT	4	5	across	Floor covering	N	14			159				
000177	TN	5	1	across	Par__er in crime	Y	16			159				
000177	SAN	5	4	across	__ Francisco	N	12			159				
000177	TODAY	6	1	across	Current day	Y	11			159				
000177	S	6	7	across	Sulphur	N	7			159				
000177	E	7	1	across	Endorse	Y	7			159				
000177	ENACT	7	3	across	Put into law	N	12			159				
000177	ROAD	8	1	across	<i>	Y	3	Image of a road		159				
000177	HU	8	6	across	__man being	N	11			159				
000177	ERRATIC	9	1	across	Wild and random	Y	15			159				
000177	DR	10	1	across	<i>	Y	3	Image of a doctor in scrubs, with a stethoscope		159				
000177	LUCK	10	4	across	Good fortune	Y	12			159				
000177	SHATTERED	1	2	down	Broken into pieces	Y	18			159				
000177	PIANO	1	3	down	<i>	Y	3	Image of a piano		159				
000177	ORR	7	3	down	H__or movie	N	11			159				
000177	ADU	1	4	down	Air Data unit	Y	13			159				
000177	DEAR	5	4	down	Precious	N	8			159				
000177	RE	1	5	down	<i>	Y	3	Image of a flame 	FI__	159				
000177	SANDAL	4	5	down	Beach footwear	N	14			159				
000177	K	1	6	down	Potassium	Y	9			159				
000177	MAYA	3	6	down	__ Angelou	N	10			159				
000177	TU	8	6	down	Trade Union	N	11			159				
000177	LOAN	1	7	down	Give temporarily	Y	16			159				
000177	CHIC	6	7	down	Fashionable	N	11			159				
000177	EAT	1	8	down	Have lunch	Y	10			159				
000177	STUCK	5	8	down	Can't move	Y	10			159				
000178	BRAILLE	2	1	across	Tactile writing	Y	15			160				
000178	AIRY	3	1	across	Breezy	Y	6			160				
000178	AA	3	6	across	Auto aim	N	8			160				
000178	CMT	4	1	across	Check my thread	Y	15			160				
000178	STS	4	5	across	So to speak	N	11			160				
000178	KE	5	1	across	<i>	Y	3	Image of a key	__Y	160				
000178	SITE	5	4	across	Location	N	8			160				
000178	S	6	1	across	Solution	Y	8			160				
000178	HUGE	6	3	across	Gigantic	N	8			160				
000178	THORN	7	1	across	<i>	Y	3	Image of a thorn on a stem		160				
000178	C	7	7	across	_++ language	N	12			160				
000178	AE	8	1	across	After effects	Y	13			160				
000178	EAVE	8	4	across	__sdropping	N	11			160				
000178	GRILLED	9	1	across	Cooked over flames	Y	18			160				
000178	EDGY	10	1	across	Bold	Y	4			160				
000178	YE	10	6	across	<i>	Y	3	Image of a thumbs up emoji	__S	160				
000178	BACKSTAGE	1	2	down	behind the scenes	Y	17			160				
000178	RIME	1	3	down	Frosty coating	Y	14			160				
000178	HERD	6	3	down	Group of cows	N	13			160				
000178	ART	1	4	down	<i>	Y	3	Image of an paintain on a wall		160				
000178	HO	5	4	down	home office	N	11			160				
000178	IG	8	4	down	Instagram	N	9			160				
000178	IY	1	5	down	Initial yield	Y	13			160				
000178	SURELY	4	5	down	definitely	N	10			160				
000178	L	1	6	down	Big shirt size	Y	14			160				
000178	SIGNAL	3	6	down	Green light	N	11			160				
000178	LATTE	1	7	down	<i>	Y	3	Image of a latter in a cup with latte art		160				
000178	VEY	7	7	down	gra__ard	N	8			160				
000178	EASE	1	8	down	comfort	Y	7			160				
000178	CEDE	6	8	down	Give up rights	Y	14			160				
000179	PLAYOFF	2	1	across	Postseason game	Y	15			161				
000179	EO	3	1	across	Evolved online	Y	14			161				
000179	STAR	3	4	across	Sky twinkler	N	12			161				
000179	RNC	4	1	across	Remote Network card	Y	19			161				
000179	ARA	4	5	across	c__mel popcorn	N	14			161				
000179	PEAT	5	1	across	<i>	Y	3	Image of a repeat button with two arrows	RE__	161				
000179	MU	5	6	across	Mauritius	N	9			161				
000179	E	6	1	across	Epitome	Y	7			161				
000179	PAC	6	3	across	Post area code	N	14			161				
000179	D	6	7	across	delta	N	5			161				
000179	TREMOR	7	1	across	Small earthquake	Y	16			161				
000179	UO	8	1	across	<i>	Y	3	Image of a buoy floating on the water surface	B__Y	161				
000179	POOR	8	4	across	short on cash	N	13			161				
000179	AVC	9	1	across	audio video codec	Y	17			161				
000179	PAN	9	5	across	Frying utensil	N	14			161				
000179	LEWD	10	1	across	Inappropriate	Y	13			161				
000179	RA	10	6	across	<i>	Y	3	image of a spiral	SPI__L	161				
000179	PERPETUAL	1	2	down	never ending	Y	12			161				
000179	LONE	1	3	down	by itself	Y	9			161				
000179	ROVE	6	3	down	wander around	N	13			161				
000179	A	1	4	down	First alphabet	Y	14			161				
000179	CAPE	3	4	down	Hero's garment	N	14			161				
000179	CW	8	4	down	Chest wall	N	10			161				
000179	YS	1	5	down	youth service	Y	13			161				
000179	TAMP	4	5	down	Pack firmly	N	11			161				
000179	D	9	5	down	Dormant	N	7			161				
000179	OTA	1	6	down	over the air	Y	12			161				
000179	COOP	5	6	down	chicken house	N	13			161				
000179	FARM	1	7	down	<i>	Y	3	Image of a tractor with a farm background		161				
000179	ROAR	6	7	down	tiger's call	N	12			161				
000179	FRAUD	1	8	down	financial scam	Y	14			161				
000179	RNA	7	8	down	Ribonucleic acid	Y	16			161				
000180	AWESOME	2	1	across	totally amazing	Y	15			162				
000180	PARE	3	1	across	trim down	Y	9			162				
000180	AA	3	6	across	amino acid	N	10			162				
000180	PV	4	1	across	pole vault	Y	10			162				
000180	IRIS	4	4	across	eye part	N	8			162				
000180	AES	5	1	across	All electric ship	Y	17			162				
000180	AZT	5	5	across	All zone time	N	13			162				
000180	R	6	1	across	Rampage	Y	7			162				
000180	HATE	6	3	across	detest	N	6			162				
000180	ADULT	7	1	across	Grown up	Y	8			162				
000180	S	7	7	across	Stereotype	N	10			162				
000180	TOTALLY	8	1	across	100%	Y	4			162				
000180	UZ	9	1	across	<i>	Y	3	Image of a buzzer, like one you'd see in a game show	B__ZER	162				
000180	REIN	9	4	across	Horse strap	N	11			162				
000180	SEEM	10	1	across	Appears to be	Y	13			162				
000180	ZC	10	6	across	zero calibration	Y	16			162				
000180	APPARATUS	1	2	down	<i>	Y	3	Image of some Chemistry lab apparatus		162				
000180	WAVE	1	3	down	<i>	Y	3	Image of a wave in the ocean		162				
000180	DOZE	6	3	down	Light sleep	N	11			162				
000180	ER	1	4	down	Emergency room	Y	14			162				
000180	SHUT	4	4	down	slam	N	4			162				
000180	E	9	4	down	exponent	N	8			162				
000180	SEI	1	5	down	__ze (grab)	Y	11			162				
000180	ALARM	5	5	down	morning ringer	N	14			162				
000180	O	1	6	down	Ring shape	Y	10			162				
000180	RATTLE	3	6	down	Shaking noise	N	13			162				
000180	MAIZE	1	7	down	<i>	Y	3	Image of maize corn		162				
000180	LIZ	7	7	down	Queen E__abeth	N	14			162				
000180	EAST	1	8	down	<i>	Y	3	Image of a compass marking EAST		162				
000180	SYNC	6	8	down	Match perfectly	Y	15			162				
000181	DISCARD	2	1	across	Throw away	Y	10			163				
000181	INTO	3	1	across	Moving inside	Y	13			163				
000181	EO	3	6	across	end of	N	6			163				
000181	SB	4	1	across	<i>	Y	3	Image of a crossbow	CROS__OW	163				
000181	UNIT	4	4	across	soldier group	N	13			163				
000181	BOSS	5	1	across	manager's title	Y	15			163				
000181	TE	5	6	across	tight end	N	9			163				
000181	EXPIRE	6	1	across	become invalid	Y	14			163				
000181	L	7	1	across	<i>	Y	3	Image of a lion	_ION	163				
000181	INERT	7	3	across	unreactive	N	10			163				
000181	IBC	8	1	across	Intl Bank of Commerce	Y	21			163				
000181	HAH	8	5	across	Laughing sound	N	14			163				
000181	ELEVATE	9	1	across	Raise higher	Y	12			163				
000181	FY	10	1	across	Spoti__	Y	7			163				
000181	OBEY	10	4	across	listen to authority	Y	19			163				
000181	DISBELIEF	1	2	down	doubtfulness	Y	12			163				
000181	INBOX	1	3	down	email folder	Y	12			163				
000181	BLY	7	3	down	comforta__	N	10			163				
000181	ST	1	4	down	<i>	Y	3	Image of a stork	__ORK	163				
000181	SPICE	4	4	down	flavoring	N	9			163				
000181	COUSIN	1	5	down	Aunt's kid	Y	10			163				
000181	VO	8	5	down	voice over	N	10			163				
000181	A	1	6	down	Authority	Y	9			163				
000181	N	3	6	down	Novelty	N	7			163				
000181	REHAB	5	6	down	recovery place	N	14			163				
000181	REITERATE	1	7	down	Repeat again	Y	12			163				
000181	DOTE	1	8	down	love dearly	Y	11			163				
000181	THEY	6	8	down	people's pronoun	Y	16			163				
000183	NOTABLE	2	1	across	worth mentioning	Y	16			164				
000183	EA	3	1	across	<i>	Y	3	Image of a spear	SP__R	164				
000183	FLAX	3	4	across	healthy seed	N	12			164				
000183	CRS	4	1	across	cold rolled steel	Y	17			164				
000183	UPC	4	5	across	vanilla c__ake	N	14			164				
000183	E	5	1	across	earthquake	Y	10			164				
000183	OBESE	5	3	across	overweight	N	10			164				
000183	SPUR	6	1	across	get moving	Y	10			164				
000183	EL	6	6	across	elementary	N	10			164				
000183	SIREN	7	1	across	<i>	Y	3	Image of a red siren		164				
000183	L	7	7	across	logic	N	5			164				
000183	IQ	8	1	across	intelligent quotient	Y	20			164				
000183	ACRE	8	4	across	farm area unit	N	14			164				
000183	TUITION	9	1	across	college fee	Y	11			164				
000183	YEAH	10	1	across	casual yes	Y	10			164				
000183	ZT	10	6	across	zero tolerance	Y	14			164				
000183	NECESSITY	1	2	down	must have item	Y	14			164				
000183	OAR	1	3	down	<i>	Y	3	Image of an oar		164				
000183	PIQUE	5	3	down	annoyance	N	9			164				
000183	T	1	4	down	transmit	Y	8			164				
000183	SOUR	3	4	down	lemon's taste	N	13			164				
000183	IA	8	4	down	Indian army	N	11			164				
000183	AF	1	5	down	<i>	Y	3	Image of a wafer strip	W__ER	164				
000183	BREATH	4	5	down	air intake	N	10			164				
000183	BLUE	1	6	down	<i>	Y	3	Image of a blue-colored circle 		164				
000183	NCI	6	6	down	fina__al year	N	13			164				
000183	LAPSE	1	7	down	small mistake	Y	13			164				
000183	ROZ	7	7	down	__ chast	N	8			164				
000183	EXCELLENT	1	8	down	very good	Y	9			164				
000184	MAPPING	2	1	across	Charting an area	Y	16			165				
000184	IMAX	3	1	across	grand film format	Y	17			165				
000184	AA	3	6	across	all aboard	N	10			165				
000184	NPR	4	1	across	net profit ratio	Y	16			165				
000184	APP	4	5	across	mobile program	N	14			165				
000184	I	5	1	across	<i>	Y	3	Image of a bottle of ink	_NK	165				
000184	DATE	5	3	across	romantic meet	N	13			165				
000184	ABOVE	6	1	across	__ the clouds	Y	13			165				
000184	M	6	7	across	Mitochondria	N	12			165				
000184	TONE	7	1	across	Vocal quality	Y	13			165				
000184	WO	7	6	across	Walk over	N	9			165				
000184	UW	8	1	across	K__ait	Y	6			165				
000184	RAID	8	4	across	police bust	N	11			165				
000184	REPTILE	9	1	across	<i>	Y	3	Image of a cameleon		165				
000184	ELY	10	1	across	positiv__	Y	9			165				
000184	ALL	10	5	across	whole group	Y	11			165				
000184	MINIATURE	1	2	down	tiny version	Y	12			165				
000184	AMP	1	3	down	<i>	Y	3	Image of a postage stamp	ST__	165				
000184	BOWEL	5	3	down	gut section	N	11			165				
000184	PARDON	1	4	down	excuse officially	Y	17			165				
000184	PY	8	4	down	physical year	N	13			165				
000184	PX	1	5	down	pixel	Y	5			165				
000184	AVERT	4	5	down	dodge	N	5			165				
000184	I	1	6	down	integration	Y	11			165				
000184	ATE	3	6	down	gobbled up	N	10			165				
000184	AIA	7	6	down	Ain't it awful	N	14			165				
000184	NAPE	1	7	down	<i>	Y	3	Image of a canape 	CA__	165				
000184	WILL	6	7	down	bequeath	N	8			165				
000184	GAP	1	8	down	space	Y	5			165				
000184	MODEL	5	8	down	runway walker	Y	13			165				
000185	SILICON	2	1	across	chip element	Y	12			166				
000185	POW	3	1	across	comic punch	Y	11			166				
000185	OUI	3	5	across	french yes	N	10			166				
000185	AT	4	1	across	<i>	Y	3	Image of a watch	W__CH	166				
000185	MATE	4	4	across	close pal	N	9			166				
000185	RAVE	5	1	across	wild party	Y	10			166				
000185	AC	5	6	across	air condition	N	13			166				
000185	K	6	1	across	short for okay	Y	14			166				
000185	IMAGE	6	3	across	photo form	N	10			166				
000185	LIABLE	7	1	across	at fault	Y	8			166				
000185	INLET	8	1	across	water entry	Y	11			166				
000185	W	8	7	across	washroom	N	8			166				
000185	NC	9	1	across	No credit	Y	9			166				
000185	REAR	9	4	across	behind in car	N	13			166				
000185	GAT	10	1	across	investi__ion	Y	12			166				
000185	RAY	10	5	across	<i>	Y	3	Image of two crayon sticks	C__ON	166				
000185	SPARKLING	1	2	down	<i>	Y	3	Image of a glass of sparkling water, with tiny carbonated bubbles visible in it	__ WATER	166				
000185	IOTA	1	3	down	small amount	Y	12			166				
000185	INCA	6	3	down	peru native	N	11			166				
000185	LW	1	4	down	left wing	Y	9			166				
000185	VIAL	4	4	down	lab container	N	13			166				
000185	T	9	4	down	transition	N	10			166				
000185	I	1	5	down	roman one	Y	9			166				
000185	MEMBER	3	5	down	group unit	N	10			166				
000185	COA	1	6	down	<i>	Y	3	Image of a winter coat	__T	166				
000185	ALTER	5	6	down	modify look	N	11			166				
000185	OUTAGE	1	7	down	power failure	Y	13			166				
000185	AA	8	7	down	Anti aircraft	N	13			166				
000185	NIECE	1	8	down	sister's daughter	Y	17			166				
000185	WRY	7	8	down	ironically funny	Y	16			166				
000186	DESSERT	2	1	across	<i>	Y	3	Image of a slice of cheesecake		167				
000186	WAIT	3	1	across	hold on	Y	7			167				
000186	EO	3	6	across	extra over	N	10			167				
000186	I	4	1	across	Dotted letter	Y	13			167				
000186	TOAST	4	3	across	crisp bread	N	11			167				
000186	NOUN	5	1	across	name word	Y	9			167				
000186	IE	5	6	across	That is	N	7			167				
000186	DR	6	1	across	medical title	Y	13			167				
000186	END	6	4	across	stop point	N	10			167				
000186	LAZ	7	1	across	<i>	Y	3	Image of a burning matchstick	AB__E	167				
000186	EEL	7	5	across	slippery fish	N	13			167				
000186	INDEX	8	1	across	pointer finger	Y	14			167				
000186	O	8	7	across	zero lookalike	N	14			167				
000186	NG	9	1	across	<i>	Y	3	Image of a clothes hanger	HA__ER	167				
000186	RUST	9	4	across	metal decay	N	11			167				
000186	GENESIS	10	1	across	first book	Y	10			167				
000186	DWINDLING	1	2	down	shrinking down	Y	14			167				
000186	EA	1	3	down	spr__dsheet	Y	11			167				
000186	ORANGE	4	3	down	sunset hue	N	10			167				
000186	SITU	1	4	down	Latin "On site"	Y	15			167				
000186	ZD	6	4	down	zip disk	N	8			167				
000186	N	9	4	down	Natural	N	7			167				
000186	STONE	1	5	down	<i>	Y	3	Image of the stonehenge	__HENGE	167				
000186	ERE	7	5	down	prior in poems	N	14			167				
000186	E	1	6	down	engine	Y	6			167				
000186	A	3	6	down	artificial	N	10			167				
000186	NEXUS	5	6	down	connection hub	N	14			167				
000186	RESIDE	1	7	down	stay at	Y	7			167				
000186	SI	8	7	down	spark ignition	N	14			167				
000186	TOTE	1	8	down	<i>	Y	3	Image of a tote bag with some art on it		167				
000186	LOTS	6	8	down	so many	Y	7			167				
000187	SEISMIC	2	1	across	shaky waves	Y	11			168				
000187	AV	3	1	across	Anti virus	Y	10			168				
000187	PAPA	3	4	across	dad's name	N	10			168				
000187	TAPER	4	1	across	get thinner	Y	11			168				
000187	B	4	7	across	bandwidth	N	9			168				
000187	I	5	1	across	Letter before J	Y	15			168				
000187	RATE	5	3	across	evaluate	N	8			168				
000187	SACK	6	1	across	<i>	Y	3	Image of a sack		168				
000187	TS	6	6	across	top secret	N	10			168				
000187	FT	7	1	across	feet	Y	4			168				
000187	INCH	7	4	across	ruler division	N	14			168				
000187	INANE	8	1	across	nonsensical	Y	11			168				
000187	E	8	7	across	exponent	N	8			168				
000187	E	9	1	across	emphasis	Y	8			168				
000187	AGREE	9	3	across	approve of	N	10			168				
000187	DRA	10	1	across	<i>	Y	3	Image of a drape curtains	__PE	168				
000187	DIP	10	5	across	<i>	Y	3	Image of a nacho being dipped in a being dipped into a small, round bowl of red sauce		168				
000187	SATISFIED	1	2	down	content with	Y	12			168				
000187	EVA	1	3	down	__ Longoria	Y	11			168				
000187	ATN	5	3	down	bo__eck shirt	N	13			168				
000187	R	9	3	down	rational	N	8			168				
000187	I	1	4	down	illuminate	Y	10			168				
000187	PRC	3	4	down	Pre rental car	N	14			168				
000187	AAA	7	4	down	all action air	N	14			168				
000187	SPEAKING	1	5	down	talking	Y	7			168				
000187	MART	1	6	down	shopping spot	Y	13			168				
000187	NERD	6	6	down	geeky person	N	12			168				
000187	IP	1	7	down	intellectual property	Y	21			168				
000187	ETC	4	7	down	et cetera	N	9			168				
000187	EI	8	7	down	east indies	N	11			168				
000187	CAB	1	8	down	<i>	Y	3	Image of a cab		168				
000187	SHEEP	5	8	down	<i>	Y	3	Image of a sheep		168				
000188	AMAZING	2	1	across	mind blowing	Y	12			169				
000188	DOCK	3	1	across	<i>	Y	3	Image of a ship dock		169				
000188	OA	3	6	across	old athen	N	9			169				
000188	MOU	4	1	across	Minutes of Use	Y	14			169				
000188	WOR	4	5	across	work over rig	N	13			169				
000188	IS	5	1	across	image studio	Y	12			169				
000188	SAK	5	4	across	name__e	N	7			169				
000188	RESET	6	1	across	start over	Y	10			169				
000188	C	6	7	across	chemical	N	8			169				
000188	A	7	1	across	article letter	Y	14			169				
000188	PATTY	7	3	across	burger part	N	11			169				
000188	BRAT	8	1	across	spoilt kid	Y	10			169				
000188	EC	8	6	across	extra credit	N	12			169				
000188	LATERAL	9	1	across	sideways	Y	8			169				
000188	EZ	10	1	across	engagement zone	Y	15			169				
000188	DUKE	10	4	across	fight it out	Y	12			169				
000188	ADMIRABLE	1	2	down	worthy of praise	Y	16			169				
000188	MOOSE	1	3	down	<i>	Y	3	Image of a moose		169				
000188	RAZ	7	3	down	read as zero	N	12			169				
000188	ACU	1	4	down	auto cycle union	Y	16			169				
000188	SPAT	5	4	down	minor quarrel	N	13			169				
000188	ZK	1	5	down	zero knowledge	Y	14			169				
000188	SEATED	4	5	down	in a chair	N	10			169				
000188	I	1	6	down	One's own pronoun	Y	17			169				
000188	WATT	3	6	down	power unit	N	10			169				
000188	RU	8	6	down	toothb__sh	N	10			169				
000188	NOOK	1	7	down	cozy corner	Y	11			169				
000188	TEAK	6	7	down	durable wood	N	12			169				
000188	GAR	1	8	down	<i>	Y	3	Image of a cigar	CI__	169				
000188	CYCLE	5	8	down	<i>	Y	3	Image of a tricycle	TRI__	169				
000189	TRAILER	2	1	across	Movie preview	Y	13			170				
000189	RINK	3	1	across	<i>	Y	3	Image of an ice rink		170				
000189	AO	3	6	across	among others	N	12			170				
000189	ELS	4	1	across	early life support	Y	18			170				
000189	PTS	4	5	across	Points	N	6			170				
000189	AE	5	1	across	adverse event	Y	13			170				
000189	FREE	5	4	across	Without charge	N	14			170				
000189	D	6	1	across	drastic	Y	7			170				
000189	LIAR	6	3	across	Truth twister	N	13			170				
000189	MADLY	7	1	across	with passion	Y	12			170				
000189	O	7	7	across	oscillation	N	11			170				
000189	IR	8	1	across	<i>	Y	3	Image of a chair	CHA__	170				
000189	LEAN	8	4	across	low in fat	N	10			170				
000189	LIBERAL	9	1	across	open minded	Y	11			170				
000189	LAST	10	1	across	final one	Y	9			170				
000189	RY	10	6	across	real year	Y	9			170				
000189	TREADMILL	1	2	down	<i>	Y	3	Image of a treadmill		170				
000189	RILE	1	3	down	annoy	Y	5			170				
000189	ARIA	6	3	down	opera solo	N	10			170				
000189	ANS	1	4	down	answer	Y	6			170				
000189	LD	5	4	down	low density	N	11			170				
000189	BS	8	4	down	base station	N	12			170				
000189	IK	1	5	down	motorb__e	Y	9			170				
000189	FILLET	4	5	down	sliced fish	N	11			170				
000189	L	1	6	down	License	Y	7			170				
000189	PRAYER	3	6	down	religious plea	N	14			170				
000189	EATER	1	7	down	food consumer	Y	13			170				
000189	AAR	7	7	down	at any rate	N	11			170				
000189	ROSE	1	8	down	<i>	Y	3	Image of a rose		170				
000189	ONLY	6	8	down	just one	Y	8			170				
000193	CUPCAKE	2	1	across	<i>	Y	3	Image of a cupcake		171				
000193	OVAL	3	1	across	<i>	Y	3	Image of an oval shape		171				
000193	OY	3	6	across	b__cott	N	7			171				
000193	M	4	1	across	Magistrate	Y	10			171				
000193	LOUSE	4	3	across	tiny parasite	N	13			171				
000193	BREW	5	1	across	ferment drink	Y	13			171				
000193	HD	5	6	across	help desk	N	9			171				
000193	AI	6	1	across	art interface	Y	13			171				
000193	NME	6	4	across	alig__nt	N	8			171				
000193	TCM	7	1	across	test control message	Y	20			171				
000193	ERA	7	5	across	long timeframe	N	14			171				
000193	AHEAD	8	1	across	before schedule	Y	15			171				
000193	N	8	7	across	neutral	N	7			171				
000193	NE	9	1	across	<i>	Y	3	Image of a compass with the needle pointing at the North-east direction		171				
000193	RIOT	9	4	across	Laugh __	N	8			171				
000193	TSUNAMI	10	1	across	coastal disaster	Y	16			171				
000193	COMBATANT	1	2	down	battle participant	Y	18			171				
000193	UV	1	3	down	ultra violet	Y	12			171				
000193	RICHES	4	3	down	great wealth	N	12			171				
000193	PALE	1	4	down	<i>	Y	3	Image of an art Palette	__TTE	171				
000193	ME	6	4	down	middle east	N	11			171				
000193	U	9	4	down	unison	N	6			171				
000193	CLOWN	1	5	down	<i>	Y	3	Image of a clown		171				
000193	ARN	7	5	down	valiant's son	N	13			171				
000193	A	1	6	down	agriculture	Y	11			171				
000193	U	3	6	down	unique	N	6			171				
000193	MEDIA	5	6	down	news sources	N	12			171				
000193	KOSHER	1	7	down	authentic	Y	9			171				
000193	OM	8	7	down	oh my	N	5			171				
000193	EYED	1	8	down	watched keenly	Y	14			171				
000193	ANTI	6	8	down	not in favor	Y	12			171				
000194	PROTECT	2	1	across	keep safe	Y	9			172				
000194	ROOK	3	1	across	<i>	Y	3	Image of the rook chess piece		172				
000194	LI	3	6	across	lithium	N	7			172				
000194	ADO	4	1	across	fuss	Y	4			172				
000194	SUE	4	5	across	file lawsuit	N	12			172				
000194	CE	5	1	across	<i>	Y	3	Image of a glass of juice	JUI__	172				
000194	TOE	5	4	across	foot digit	N	10			172				
000194	TOTAL	6	1	across	full quantity	Y	13			172				
000194	P	6	7	across	patriot	N	7			172				
000194	I	7	1	across	irregular	Y	9			172				
000194	SCOWL	7	3	across	angry frown	N	11			172				
000194	COAT	8	1	across	<i>	Y	3	Image of a coat		172				
000194	HA	8	6	across	__mburger	N	9			172				
000194	AFRICAN	9	1	across	from nigeria	Y	12			172				
000194	LF	10	1	across	low frequency	Y	13			172				
000194	COME	10	4	across	arrive	Y	6			172				
000194	PRACTICAL	1	2	down	realistic idea	Y	14			172				
000194	RODEO	1	3	down	bull-riding event	Y	17			172				
000194	OFF	7	3	down	not on	N	6			172				
000194	OOO	1	4	down	out of office	Y	13			172				
000194	TSAR	5	4	down	russian ruler	N	13			172				
000194	TK	1	5	down	tool kit	Y	8			172				
000194	TACTIC	4	5	down	smart approach	N	14			172				
000194	E	1	6	down	entangle	Y	8			172				
000194	SOLO	3	6	down	independent	N	11			172				
000194	CO	8	6	down	__mmunication	N	13			172				
000194	CLUE	1	7	down	puzzle hint	Y	11			172				
000194	WHAM	6	7	down	sudden crash	N	12			172				
000194	TIE	1	8	down	<i>	Y	3	Image of a necktie		172				
000194	PLANE	5	8	down	<i>	Y	3	Image of a paper plane		172				
000195	ILLNESS	2	1	across	disease state	Y	13			173				
000195	MODE	3	1	across	operating state	Y	15			173				
000195	HI	3	6	across	hello	N	5			173				
000195	MOS	4	1	across	<i>	Y	3	Image of a mosquito	__QUITO	173				
000195	FAR	4	5	across	distant	N	7			173				
000195	EK	5	1	across	economic key	Y	12			173				
000195	SAVE	5	4	across	store data	N	10			173				
000195	R	6	1	across	Ranger	Y	6			173				
000195	KITE	6	3	across	paper flyer	N	11			173				
000195	SOUTH	7	1	across	<i>	Y	3	Image of a compass, with needle  pointing south		173				
000195	T	7	7	across	tabular	N	7			173				
000195	IN	8	1	across	not out	Y	7			173				
000195	COCA	8	4	across	__-cola	N	7			173				
000195	OTTOMAN	9	1	across	<i>	Y	3	Image of an ottoman seat		173				
000195	NORM	10	1	across	usual standard	Y	14			173				
000195	WG	10	6	across	working group	Y	13			173				
000195	IMMERSION	1	2	down	captivation	Y	11			173				
000195	LOOK	1	3	down	see	Y	3			173				
000195	ONTO	6	3	down	aware of	N	8			173				
000195	LDS	1	4	down	<i>	Y	3	image of gold jewelery	go__mith	173				
000195	KU	5	4	down	keyboard unit	N	13			173				
000195	TR	8	4	down	__ustworthy	N	11			173				
000195	NE	1	5	down	<i>	Y	3	Image of some wine in a wineglass	WI__	173				
000195	SITCOM	4	5	down	funny tv show	N	13			173				
000195	E	1	6	down	epitome	Y	7			173				
000195	FATHOM	3	6	down	comprehend	N	10			173				
000195	SHAVE	1	7	down	<i>	Y	3	Image of a person shaving their beard		173				
000195	CAW	7	7	down	crow's sound	N	12			173				
000195	SIRE	1	8	down	father horse	Y	12			173				
000195	TANG	6	8	down	zesty flavor	Y	12			173				
000196	STUMBLE	2	1	across	lose balance	Y	12			174				
000196	TR	3	1	across	<i>	Y	3	Image of a straw	S__AW	174				
000196	BIOS	3	4	across	life stories	N	12			174				
000196	AUC	4	1	across	assets under custody	Y	20			174				
000196	DOS	4	5	across	day of show	N	11			174				
000196	BEAM	5	1	across	smile brightly	Y	14			174				
000196	PA	5	6	across	pascal	N	6			174				
000196	I	6	1	across	individual	Y	10			174				
000196	MAL	6	3	across	__ nutrition	N	12			174				
000196	Y	6	7	across	yearn	N	5			174				
000196	LAPTOP	7	1	across	<i>	Y	3	Image of a laptop		174				
000196	IL	8	1	across	index list	Y	10			174				
000196	HOOD	8	4	across	cloak part	N	10			174				
000196	ZUM	9	1	across	__ba	Y	4			174				
000196	MOO	9	5	across	barnyard noise	N	14			174				
000196	EMMY	10	1	across	<i>	Y	3	Image of the emmy award		174				
000196	LG	10	6	across	life's good	Y	11			174				
000196	STABILIZE	1	2	down	make steady	Y	11			174				
000196	TRUE	1	3	down	not false	Y	9			174				
000196	ALUM	6	3	down	former student	N	14			174				
000196	U	1	4	down	urban	Y	5			174				
000196	CAMP	3	4	down	summer program	N	14			174				
000196	MM	8	4	down	mass media	N	10			174				
000196	MB	1	5	down	megabyte	Y	8			174				
000196	MATH	4	5	down	number subject	N	14			174				
000196	Y	9	5	down	why	N	3			174				
000196	BID	1	6	down	auction offer	Y	13			174				
000196	LOOM	5	6	down	weaving tool	N	12			174				
000196	LOOP	1	7	down	belt holder	Y	11			174				
000196	POOL	6	7	down	swimming spot	N	13			174				
000196	ESSAY	1	8	down	english assignment	Y	18			174				
000196	DOG	7	8	down	<i>	Y	3	Image of a dog		174				
000198	ECSTASY	2	1	across	blissful state	Y	14			175				
000198	SOAK	3	1	across	absorb	Y	6			175				
000198	UA	3	6	across	user activity	N	13			175				
000198	TOL	4	1	across	tree of life	Y	12			175				
000198	AIM	4	5	across	target focus	N	12			175				
000198	A	5	1	across	additional	Y	10			175				
000198	MINT	5	3	across	mojito garnish	N	14			175				
000198	BLOND	6	1	across	golden locks	Y	12			175				
000198	L	6	7	across	prob_em	N	7			175				
000198	LINT	7	1	across	jacket fuzz	Y	11			175				
000198	WA	7	6	across	wide angle	N	10			175				
000198	IN	8	1	across	<i>	Y	3	Image of a robin bird	ROB__	175				
000198	EMIR	8	4	across	doha dignitary	N	14			175				
000198	SELLING	9	1	across	trading	Y	7			175				
000198	HRS	10	1	across	hours	Y	5			175				
000198	ODE	10	5	across	poem of praise	Y	14			175				
000198	ESTABLISH	1	2	down	set up firmly	Y	13			175				
000198	COO	1	3	down	pigeon's call	Y	13			175				
000198	LINER	5	3	down	cruise ship	N	11			175				
000198	SALMON	1	4	down	<i>	Y	3	Image of a salmon fish		175				
000198	LS	8	4	down	light speed	N	11			175				
000198	TK	1	5	down	talent keyhole	Y	14			175				
000198	INTEL	4	5	down	chip giant	N	10			175				
000198	A	1	6	down	access	Y	6			175				
000198	AND	3	6	down	&	N	1			175				
000198	MIO	7	6	down	O sole __	N	9			175				
000198	SUIT	1	7	down	<i>	Y	3	Image of a suit		175				
000198	WIND	6	7	down	moving air	N	10			175				
000198	YAM	1	8	down	<i>	Y	3	Image of a yam or sweet potato		175				
000198	LARGE	5	8	down	big in size	Y	11			175				
000200	STAGGER	2	1	across	Walk unsteadily	Y	15			176				
000200	PINT	3	1	across	<i>	Y	3	Image of a pint of beer		176				
000200	DO	3	6	across	__ re mi fa	N	11			176				
000200	EMT	4	1	across	Ambulance worker	Y	16			176				
000200	FDA	4	5	across	Food & drug ad.	N	15			176				
000200	CE	5	1	across	<i>	Y	3	Image of a glass of juice	JUI__	176				
000200	SLY	5	4	across	Fox-like	N	8			176				
000200	TROPE	6	1	across	Common theme	Y	12			176				
000200	S	6	7	across	Side	N	4			176				
000200	A	7	1	across	Adult	Y	5			176				
000200	GREAT	7	3	across	Grand	N	5			176				
000200	TILE	8	1	across	<i>	Y	3	Image of a tile		176				
000200	XO	8	6	across	Hugs & kisses	N	13			176				
000200	OCEANIC	9	1	across	maritime	Y	8			176				
000200	RI	10	1	across	A__ana Grande	Y	13			176				
000200	DESK	10	4	across	<i>	Y	3	Image of a desk		176				
000200	SPECTATOR	1	2	down	observer	Y	8			176				
000200	TIMER	1	3	down	<i>	Y	3	Image of a stopwatch		176				
000200	ICI	7	3	down	med__ne	N	7			176				
000200	ANT	1	4	down	<i>	Y	3	Image of an ant		176				
000200	OGLE	5	4	down	Stare at	N	8			176				
000200	GT	1	5	down	Gran turismo	Y	12			176				
000200	SPREAD	4	5	down	expand	N	6			176				
000200	G	1	6	down	One grand	Y	9			176				
000200	FLEE	3	6	down	Dash	N	4			176				
000200	NE	8	6	down	New England	N	11			176				
000200	EDDY	1	7	down	__ Murphy	Y	9			176				
000200	AXIS	6	7	down	Earth’s tilt	N	12			176				
000200	ROA	1	8	down	Return On Assets	Y	16			176				
000200	STOCK	5	8	down	Soup base	Y	9			176				
000201	AUDIBLE	2	1	across	Heard clearly	Y	13			177				
000201	PP	3	1	across	Peter pan	Y	9			177				
000201	MAID	3	4	across	Hotel employee	N	14			177				
000201	POS	4	1	across	Point of sale	Y	13			177				
000201	TFI	4	5	across	Thanks for Info	N	15			177				
000201	ONCE	5	1	across	One time	Y	8			177				
000201	TC	5	6	across	Take care	N	9			177				
000201	I	6	1	across	Inertia	Y	7			177				
000201	ADS	6	3	across	Commercials	N	11			177				
000201	T	6	7	across	Golf peg	N	8			177				
000201	NAMING	7	1	across	Giving a title	Y	14			177				
000201	TX	8	1	across	Texas	Y	5			177				
000201	TORT	8	4	across	__illa	N	6			177				
000201	ELK	9	1	across	<i>	Y	3	Image of an elk 		177				
000201	BAA	9	5	across	Sheep call	N	10			177				
000201	DENT	10	1	across	<i>	Y	3	Image of a car dent 		177				
000201	BB	10	6	across	Air Gun ammo	Y	12			177				
000201	APPOINTED	1	2	down	Given a role	Y	12			177				
000201	UPON	1	3	down	__ a time	Y	9			177				
000201	AXLE	6	3	down	Car shaft	N	9			177				
000201	D	1	4	down	data	Y	4			177				
000201	SCAM	3	4	down	Deception	N	9			177				
000201	KN	8	4	down	kilo newton	N	11			177				
000201	IM	1	5	down	Instant message	Y	15			177				
000201	EDIT	4	5	down	Revise text	N	11			177				
000201	T	9	5	down	Letter after S	N	14			177				
000201	BAT	1	6	down	<i>	Y	3	Image of a bat (animal) 		177				
000201	SNOB	5	6	down	Elitist	N	7			177				
000201	LIFT	1	7	down	<i>	Y	3	Image of an elevator 		177				
000201	GRAB	6	7	down	Take quickly	N	12			177				
000201	EDICT	1	8	down	<i>	Y	3	Image of a valedictorian (focus on graduation hat)	Val__orian 	177				
000201	TAB	7	8	down	es__lishment	Y	12			177				
000202	PHYSICS	2	1	across	<i>	Y	3	Image of physics concept like e=mc2		178				
000202	OURS	3	1	across	Possessive pronoun	Y	18			178				
000202	HW	3	6	across	homework	N	8			178				
000202	LL	4	1	across	<i>	Y	3	Image of a pillow 	Pi__ow	178				
000202	THAI	4	4	across	Bangkok native	N	14			178				
000202	LLC	5	1	across	Limited Liability Co.	Y	21			178				
000202	ELM	5	5	across	H__et	N	5			178				
000202	U	6	1	across	Urgent	Y	6			178				
000202	HARK	6	3	across	baby s__	N	8			178				
000202	TRADE	7	1	across	Exchange goods	Y	14			178				
000202	I	7	7	across	Roman one	N	9			178				
000202	AEROBIC	8	1	across	Cardio workout	Y	14			178				
000202	NL	9	1	across	National League	Y	15			178				
000202	BYTE	9	4	across	Computer unit	N	13			178				
000202	TYPE	10	1	across	<i>	Y	3	Image of hands typing		178				
000202	VD	10	6	across	Valentine’s Day	Y	15			178				
000202	POLLUTANT	1	2	down	contaminant	Y	11			178				
000202	HULL	1	3	down	Ship’s bottom	Y	13			178				
000202	RELY	6	3	down	Depend on	N	9			178				
000202	YR	1	4	down	Year	Y	4			178				
000202	CHAR	4	4	down	__acter	N	7			178				
000202	P	9	4	down	Parking	N	7			178				
000202	SST	1	5	down	Social studies	Y	14			178				
000202	ADOBE	5	5	down	Acrobat reader	N	14			178				
000202	I	1	6	down	Imaginary	Y	9			178				
000202	HEREBY	3	6	down	Thus	N	4			178				
000202	CHALK	1	7	down	<i>	Y	3	Image of a chalk piece near a blackboard		178				
000202	ITV	7	7	down	Ind. Television	N	15			178				
000202	SWIM	1	8	down	<i>	Y	3	Image of a person swimming		178				
000202	ICED	6	8	down	__ latte	Y	8			178				
000203	SHUTTLE	2	1	across	<i>	Y	3	Image of a space shuttle	Space __	179				
000203	AD	3	1	across	Anno Domini	Y	11			179				
000203	ROLE	3	4	across	Actor's part	N	12			179				
000203	FLAIR	4	1	across	Style	Y	5			179				
000203	W	4	7	across	Windows	N	7			179				
000203	E	5	1	across	East	Y	4			179				
000203	SAND	5	3	across	Hourglass fill	N	14			179				
000203	GRIN	6	1	across	<i>	Y	3	Image of a grinning face		179				
000203	OC	6	6	across	Orange county	N	13			179				
000203	UI	7	1	across	User interface	Y	14			179				
000203	GLEE	7	4	across	Joy	N	3			179				
000203	ANGLO	8	1	across	__ Saxon	Y	8			179				
000203	L	8	7	across	Roman fifty	N	11			179				
000203	R	9	1	across	Reef	Y	4			179				
000203	MERGE	9	3	across	Combine	N	7			179				
000203	DOA	10	1	across	Dead on arrival	Y	15			179				
000203	EBB	10	5	across	__ and flow	Y	11			179				
000203	SAFEGUARD	1	2	down	Security step	Y	13			179				
000203	HDL	1	3	down	Heavy duty log	Y	14			179				
000203	RIN	5	3	down	__se & repeat	N	13			179				
000203	O	9	3	down	Overt	N	5			179				
000203	U	1	4	down	Utility	Y	7			179				
000203	ASI	3	4	down	B__c	N	4			179				
000203	GMA	7	4	down	Gas metal arc	N	13			179				
000203	TRIANGLE	1	5	down	<i>	Y	3	Image of a triangle		179				
000203	TORN	1	6	down	<i>	Y	3	Image of a torn piece of paper		179				
000203	LORE	6	6	down	Folk__	N	6			179				
000203	LL	1	7	down	eyeba__	Y	7			179				
000203	DOE	4	7	down	John/jane __	N	12			179				
000203	GB	8	7	down	Great Britain	N	13			179				
000203	EEW	1	8	down	Disgusting	Y	10			179				
000203	CELEB	5	8	down	<i>	Y	3	Image of a celeb on a red carpet		179				
000204	BATTING	2	1	across	<i>	Y	3	Image of a baseball player hitting a ball		180				
000204	APEX	3	1	across	__ predator	Y	11			180				
000204	IU	3	6	across	Indiana Uni.	N	12			180				
000204	CEN	4	1	across	<i>	Y	3	Image of a cent symbol	__T	180				
000204	ACT	4	5	across	Play part	N	9			180				
000204	K	5	1	across	Thousand	Y	8			180				
000204	DUDE	5	3	across	Bro	N	3			180				
000204	WHOLE	6	1	across	__ foods	Y	8			180				
000204	D	6	7	across	Fourth letter	N	13			180				
000204	AUNT	7	1	across	Mom's sister	Y	12			180				
000204	SU	7	6	across	switch user	N	11			180				
000204	RM	8	1	across	Record mark	Y	11			180				
000204	RAIN	8	4	across	Precipitation	N	13			180				
000204	DISABLE	9	1	across	Make inactive	Y	13			180				
000204	SDF	10	1	across	Self defence force	Y	18			180				
000204	MLS	10	5	across	Major league soccer	Y	19			180				
000204	BACKWARDS	1	2	down	In reverse	Y	10			180				
000204	APE	1	3	down	<i>	Y	3	Image of an ape		180				
000204	HUMID	5	3	down	Muggy	N	5			180				
000204	TENDON	1	4	down	<i>	Y	3	Image of a foot anatomy showing a tendon		180				
000204	SF	8	4	down	San Francisco	N	13			180				
000204	TX	1	5	down	Thanks	Y	6			180				
000204	ULTRA	4	5	down	__ Violet	N	9			180				
000204	I	1	6	down	Me	Y	2			180				
000204	ADE	3	6	down	Lemon__	N	7			180				
000204	ABM	7	6	down	All By Myself	N	13			180				
000204	NICE	1	7	down	Kind and friendly	Y	17			180				
000204	SILL	6	7	down	Window base	N	11			180				
000204	GUT	1	8	down	__ instinct	Y	11			180				
000204	DUNES	5	8	down	Desert mounds	Y	13			180				
000205	HANDFUL	2	1	across	Small amount	Y	12			181				
000205	UB	3	1	across	<i>	Y	3	Image of a soap bubble 	B__BLE	181				
000205	RAGE	3	4	across	Extreme anger	N	13			181				
000205	REGAL	4	1	across	Royal	Y	5			181				
000205	Z	4	7	across	Last letter	N	11			181				
000205	R	5	1	across	Rial	Y	4			181				
000205	MILE	5	3	across	5280 ft	N	7			181				
000205	ICON	6	1	across	Computer symbol	Y	15			181				
000205	OC	6	6	across	__tober	N	7			181				
000205	CO	7	1	across	<i>	Y	3	Image of the Marvel universe Falcon	FAL__N	181				
000205	ARCH	7	4	across	Curve	N	5			181				
000205	ADAGE	8	1	across	Old saying	Y	10			181				
000205	E	8	7	across	Einstein	N	8			181				
000205	N	9	1	across	None	Y	4			181				
000205	HENCE	9	3	across	Therefore	N	9			181				
000205	ESS	10	1	across	<i>	Y	3	Image of an S-shaped curve on a road, as seen on a map		181				
000205	TAP	10	5	across	<i>	Y	3	Image of a water tap		181				
000205	HURRICANE	1	2	down	Storm	Y	5			181				
000205	ABE	1	3	down	Alph__t	Y	7			181				
000205	COD	5	3	down	Fish type	N	9			181				
000205	S	9	3	down	South	N	5			181				
000205	N	1	4	down	Nitrogen	Y	8			181				
000205	GMO	3	4	down	Get Me Out	N	10			181				
000205	AHS	7	4	down	Art High sch.	N	13			181				
000205	DRAINAGE	1	5	down	Land irrigation	Y	15			181				
000205	FALL	1	6	down	<i>	Y	3	Image of autumn leaves falling off a tree		181				
000205	RENT	6	6	down	House fees	N	10			181				
000205	UG	1	7	down	eno__h	Y	6			181				
000205	EOC	4	7	down	End of content	N	14			181				
000205	CA	8	7	down	California	N	10			181				
000205	LEZ	1	8	down	Low Emission Zone	Y	17			181				
000205	CHEEP	5	8	down	Squeaky noise	Y	13			181				
000206	CLIMATE	2	1	across	Weather	Y	7			182				
000206	UI	3	1	across	<i>	Y	3	Image of a cruise ship	CR__SE	182				
000206	JAIL	3	4	across	Cell	N	4			182				
000206	LED	4	1	across	Guided	Y	6			182				
000206	PLE	4	5	across	du__x	N	5			182				
000206	TURN	5	1	across	<i>	Y	3	Image of a street sign showing a left turn	LEFT __	182				
000206	TC	5	6	across	ba__h	N	5			182				
000206	I	6	1	across	India	Y	5			182				
000206	AID	6	3	across	First __ kit	N	12			182				
000206	T	6	7	across	Tee	N	3			182				
000206	VEGGIE	7	1	across	Plant diet	Y	10			182				
000206	AX	8	1	across	S__ophone	Y	9			182				
000206	HEAD	8	4	across	Body part	N	9			182				
000206	TIP	9	1	across	<i>	Y	3	Image of a Q-tip	Q-__	182				
000206	TCI	9	5	across	To come in	N	10			182				
000206	ETCH	10	1	across	__ a sketch	Y	11			182				
000206	HG	10	6	across	Mercury symbol	Y	14			182				
000206	CULTIVATE	1	2	down	Grow crops	Y	10			182				
000206	LIEU	1	3	down	In place of	Y	11			182				
000206	EXIT	6	3	down	Way out	N	7			182				
000206	I	1	4	down	Information	Y	11			182				
000206	DRAG	3	4	down	Pull along	N	10			182				
000206	PC	8	4	down	Personal comp.	N	14			182				
000206	MJ	1	5	down	Mary jane	Y	9			182				
000206	NIGH	4	5	down	__t and day	N	11			182				
000206	H	9	5	down	Hydrogen	N	8			182				
000206	AAP	1	6	down	All About People	Y	16			182				
000206	DIET	5	6	down	Eating plan	N	11			182				
000206	TILT	1	7	down	Lean or slant	Y	13			182				
000206	EACH	6	7	down	Per item	N	8			182				
000206	ELECT	1	8	down	Vote for	Y	8			182				
000206	DIG	7	8	down	<i>	Y	3	Image of someone digging the soil with a shovel		182				
000207	STICKER	2	1	across	<i>	Y	3	Image of a sticker		183				
000207	CAVE	3	1	across	<i>	Y	3	Image showing the entrance to a cave		183				
000207	LA	3	6	across	__ Lakers	N	9			183				
000207	UNARMED	4	1	across	Defenseless	Y	11			183				
000207	LK	5	1	across	Luther King	Y	11			183				
000207	TOV	5	4	across	Time Out Value	N	14			183				
000207	PEG	6	1	across	<i>	Y	3	Image of a wall peg		183				
000207	GAM	6	5	across	Whales' Group	N	13			183				
000207	TRIBUTE	7	1	across	Respectful gift	Y	15			183				
000207	U	8	1	across	Umbrella	Y	8			183				
000207	RELIC	8	3	across	Antique	N	7			183				
000207	RULE	9	1	across	<i>	Y	3	Image of a ruler	__R	183				
000207	OC	9	6	across	Ocean City	N	10			183				
000207	EQ	10	1	across	Equalizer	Y	9			183				
000207	TUNA	10	4	across	<i>	Y	3	Image of a tuna can, with a tuna fish on the can		183				
000207	SCULPTURE	1	2	down	Statue	Y	6			183				
000207	TANKER	1	3	down	Oil carrier	Y	11			183				
000207	UQ	8	3	down	Ultra Quick	N	11			183				
000207	IVA	1	4	down	Ideal Vehicle Award	Y	19			183				
000207	GIRL	5	4	down	Young gal	N	9			183				
000207	CERT	1	5	down	Con__	Y	5			183				
000207	BEET	6	5	down	Red root	N	8			183				
000207	K	1	6	down	O_ (sure)	Y	9			183				
000207	MOGUL	3	6	down	Biz tycoon	N	10			183				
000207	U	9	6	down	You	N	3			183				
000207	ELEVATION	1	7	down	Altitude	Y	8			183				
000207	RAD	1	8	down	Cool	Y	4			183				
000207	MECCA	5	8	down	Hajj destination	Y	16			183				
000208	AIRPORT	2	1	across	<i>	Y	3	Image of an airport		184				
000208	GRAD	3	1	across	Degree holder	Y	13			184				
000208	UI	3	6	across	Uni. of iowa	N	12			184				
000208	GBI	4	1	across	Georgia Bureau of Inv.	Y	22			184				
000208	WIG	4	5	across	Fake hairpiece	N	14			184				
000208	R	5	1	across	Q_st	Y	4			184				
000208	SCAN	5	3	across	MRI __	N	6			184				
000208	ALIAS	6	1	across	Fake name	Y	9			184				
000208	S	6	7	across	Silver	N	6			184				
000208	VENT	7	1	across	<i>	Y	3	Image of an air vent with a fan		184				
000208	FP	7	6	across	Focal point	N	11			184				
000208	AG	8	1	across	<i>	Y	3	Image of a stag	ST__	184				
000208	CARE	8	4	across	Show concern	N	12			184				
000208	TIGHTEN	9	1	across	Make secure	Y	11			184				
000208	ETH	10	1	across	Twenti__	Y	8			184				
000208	ATT	10	5	across	__orney	Y	7			184				
000208	AGGRAVATE	1	2	down	Make worse	Y	10			184				
000208	IRB	1	3	down	Infra Red Bar	Y	13			184				
000208	LEGIT	5	3	down	Genuine	N	7			184				
000208	RAISIN	1	4	down	<i>	Y	3	Image of some dried raisin		184				
000208	GH	8	4	down	__ost	N	5			184				
000208	PD	1	5	down	Police department	Y	17			184				
000208	CATCH	4	5	down	Grab	N	4			184				
000208	O	1	6	down	Ozone	Y	5			184				
000208	WAS	3	6	down	Used to be	N	10			184				
000208	ATA	7	6	down	D__base	N	7			184				
000208	RUIN	1	7	down	Wreck	Y	5			184				
000208	FRET	6	7	down	Worry	N	5			184				
000208	TIG	1	8	down	<i>	Y	3	Image of a tiger	__ER	184				
000208	SPENT	5	8	down	Used up	Y	7			184				
000209	APOSTLE	2	1	across	Jesus' follower	Y	15			185				
000209	UR	3	1	across	Freddie Merc__y	Y	15			185				
000209	KHAN	3	4	across	Shere __	N	8			185				
000209	TOWER	4	1	across	<i>	Y	3	Image of a tower		185				
000209	O	4	7	across	Orange	N	6			185				
000209	O	5	1	across	Open	Y	4			185				
000209	GLUE	5	3	across	Adhesive	N	8			185				
000209	MANE	6	1	across	<i>	Y	3	Image of a lion with a heavy mane, with an arrow pointing at the mane		185				
000209	US	6	6	across	United States	N	13			185				
000209	AP	7	1	across	Associated Press	Y	16			185				
000209	TINT	7	4	across	Light shade	N	11			185				
000209	TROOP	8	1	across	Boy Scouts unit	Y	15			185				
000209	U	8	7	across	St_vw	N	5			185				
000209	I	9	1	across	One roman numeral	Y	17			185				
000209	KNOWN	9	3	across	Recognized	N	10			185				
000209	CYA	10	1	across	See you	Y	7			185				
000209	DET	10	5	across	__ective	Y	8			185				
000209	AUTOMATIC	1	2	down	Self operating	Y	14			185				
000209	PRO	1	3	down	<i>	Y	3	Image of an apron	A__N	185				
000209	APR	5	3	down	C__i sun	N	8			185				
000209	Y	9	3	down	Yes	N	3			185				
000209	O	1	4	down	Official	Y	8			185				
000209	WGN	3	4	down	We got news	N	11			185				
000209	OKA	7	4	down	Org. known as	N	13			185				
000209	SKELETON	1	5	down	<i>	Y	3	Image of a dinosaur skeleton		185				
000209	THRU	1	6	down	Drive-__	Y	8			185				
000209	IPOD	6	6	down	Apple device	N	12			185				
000209	LA	1	7	down	Los angeles	Y	11			185				
000209	EUN	4	7	down	end user net	N	12			185				
000209	WE	8	7	down	je__lry	N	7			185				
000209	ENO	1	8	down	Engg. Night Out	Y	15			185				
000209	STUNT	5	8	down	Risky trick	Y	11			185				
000210	ABOLISH	2	1	across	Get rid of	Y	10			186				
000210	WE	3	1	across	You and I	Y	9			186				
000210	POLO	3	4	across	tee type	N	8			186				
000210	KAM	4	1	across	Key Account Manager	Y	19			186				
000210	MON	4	5	across	__ey heist	N	10			186				
000210	WRAP	5	1	across	<i>	Y	3	Image of a tortilla wrap		186				
000210	GE	5	6	across	Geological era	N	14			186				
000210	A	6	1	across	Age	Y	3			186				
000210	LUM	6	3	across	A__inum	N	7			186				
000210	Y	6	7	across	X_z	N	3			186				
000210	ROLLER	7	1	across	<i>	Y	3	Image of a pair of roller skates	__ SKATES	186				
000210	DK	8	1	across	Donkey kong	Y	11			186				
000210	PAID	8	4	across	Settled bill	N	12			186				
000210	LRA	9	1	across	Labor relations act	Y	19			186				
000210	DNI	9	5	across	Did not intend	N	14			186				
000210	YAWN	10	1	across	<i>	Y	3	Image of a yawning emoji		186				
000210	GV	10	6	across	Good vibes	Y	10			186				
000210	AWKWARDLY	1	2	down	Uncomfortably	Y	13			186				
000210	BEAR	1	3	down	<i>	Y	3	Image of a bear		186				
000210	OKRA	6	3	down	Gumbo veggie	N	12			186				
000210	O	1	4	down	Go_gle	Y	6			186				
000210	MALL	3	4	down	Retail complex	N	14			186				
000210	AW	8	4	down	L__n mower	N	10			186				
000210	LP	1	5	down	Limited partner	Y	15			186				
000210	PULP	4	5	down	Juice bits	N	10			186				
000210	N	9	5	down	Night	N	5			186				
000210	IOM	1	6	down	Ides of march	Y	13			186				
000210	MEAD	5	6	down	Medieval drink	N	14			186				
000210	SLOG	1	7	down	Tough work	Y	10			186				
000210	RING	6	7	down	Wedding band	N	12			186				
000210	HONEY	1	8	down	<i>	Y	3	Image of a jar of honey		186				
000210	DIV	7	8	down	__ision 	Y	8			186				
000211	PARKING	2	1	across	<i>	Y	3	Image of a parking meter	__ METER	187				
000211	REEK	3	1	across	Smell strongly	Y	14			187				
000211	UI	3	6	across	Int__tion	N	9			187				
000211	OSC	4	1	across	<i>	Y	3	Image of an Oscar award	__AR	187				
000211	BMG	4	5	across	Be my girl	N	10			187				
000211	P	5	1	across	Papa	Y	4			187				
000211	ARAB	5	3	across	__ian sea	N	9			187				
000211	ALLOY	6	1	across	Bronze or brass	Y	15			187				
000211	U	6	7	across	Uranium	N	7			187				
000211	GILT	7	1	across	Covered in gold	Y	15			187				
000211	VT	7	6	across	Virginia tech	N	13			187				
000211	AK	8	1	across	<i>	Y	3	Image of a cake	C__E	187				
000211	OMIT	8	4	across	Exclude	N	7			187				
000211	TERRACE	9	1	across	Outdoor balcony	Y	15			187				
000211	ENG	10	1	across	<i>	Y	3	Image of a jenga tower	J__A	187				
000211	NER	10	5	across	e__gy	Y	5			187				
000211	PROPAGATE	1	2	down	Grow and multiply	Y	17			187				
000211	AES	1	3	down	__op's fables	Y	13			187				
000211	LIKEN	5	3	down	Equate with	N	11			187				
000211	RECALL	1	4	down	Remember	Y	8			187				
000211	RG	8	4	down	Rio grande	N	10			187				
000211	KK	1	5	down	King kong	Y	9			187				
000211	ROTOR	4	5	down	fan part	N	8			187				
000211	I	1	6	down	island	Y	6			187				
000211	BAY	3	6	down	SF __ area	N	10			187				
000211	MAN	7	6	down	Male	N	4			187				
000211	NUMB	1	7	down	Dull	Y	4			187				
000211	VICE	6	7	down	__ president	N	12			187				
000211	GIG	1	8	down	Small job	Y	9			187				
000211	UTTER	5	8	down	Say aloud	Y	9			187				
000212	NONSTOP	2	1	across	Without break	Y	13			188				
000212	IF	3	1	across	<i>	Y	3	Image of a gift 	G__t	188				
000212	POKE	3	4	across	S__n word	N	9			188				
000212	GRILL	4	1	across	<i>	Y	3	Image of a grill 		188				
000212	Z	4	7	across	3d axis	N	7			188				
000212	H	5	1	across	fg_i	Y	4			188				
000212	SILT	5	3	across	River soil	N	10			188				
000212	THAN	6	1	across	Greater __	Y	10			188				
000212	US	6	6	across	S__picious	N	10			188				
000212	MH	7	1	across	MegaHertz	Y	9			188				
000212	TANK	7	4	across	Fish home	N	9			188				
000212	ASSET	8	1	across	Valuable thing	Y	14			188				
000212	I	8	7	across	Input	N	5			188				
000212	R	9	1	across	Radius	Y	6			188				
000212	PROVE	9	3	across	Show as true	N	12			188				
000212	EVI	10	1	across	__dence	Y	7			188				
000212	PUR	10	5	across	__pose	Y	6			188				
000212	NIGHTMARE	1	2	down	__ on elm street	Y	16			188				
000212	OFR	1	3	down	Out for Repair	Y	14			188				
000212	HHS	5	3	down	Hoover high sch.	N	16			188				
000212	V	9	3	down	Volt	N	4			188				
000212	N	1	4	down	<i>	Y	3	Image of a nest 	__est 	188				
000212	ISA	3	4	down	__ac newton	N	11			188				
000212	SPI	7	4	down	Smart Plug-Ins	N	14			188				
000212	SPLINTER	1	5	down	<i>	Y	3	Image of a splinter 		188				
000212	TOLL	1	6	down	Road fee	Y	8			188				
000212	ATOP	6	6	down	Above	N	5			188				
000212	OK	1	7	down	<i>	Y	3	Image of a hook 	Ho__	188				
000212	TUN	4	7	down	__a salad	N	9			188				
000212	VU	8	7	down	Virtual uni.	N	12			188				
000212	PEZ	1	8	down	Austrian candy	Y	14			188				
000212	SKIER	5	8	down	One gliding over snow	Y	21			188				
000213	CUBICLE	2	1	across	Office partition	Y	16			189				
000213	OP	3	1	across	<i>	Y	3	Image of a rope	R__E	189				
000213	NINE	3	4	across	Ten minus one	N	13			189				
000213	CIRCA	4	1	across	Approx. time	Y	12			189				
000213	P	4	7	across	Point	N	5			189				
000213	K	5	1	across	Knight	Y	6			189				
000213	TROT	5	3	across	Horse gait	N	10			189				
000213	RICE	6	1	across	<i>	Y	3	Image of a rice bowl		189				
000213	US	6	6	across	Mo__e	N	5			189				
000213	OF	7	1	across	__ course	Y	9			189				
000213	AFRO	7	4	across	Curly hairdo	N	12			189				
000213	ARISE	8	1	across	Come into being	Y	15			189				
000213	B	8	7	across	Backup	N	6			189				
000213	C	9	1	across	Cent	Y	4			189				
000213	LEAVE	9	3	across	Go away	N	7			189				
000213	HAL	10	1	across	__lway pass	Y	11			189				
000213	TAR	10	5	across	Mor__ and Pestle	Y	16			189				
000213	COCKROACH	1	2	down	<i>	Y	3	Image of a cockroach		189				
000213	UPI	1	3	down	<i>	Y	3	Image of a cupid	C__D	189				
000213	IFR	5	3	down	Unpaid Item	N	11			189				
000213	A	9	3	down	Apple	N	5			189				
000213	B	1	4	down	Bottom	Y	6			189				
000213	RTC	3	4	down	Real time clock	N	15			189				
000213	ILL	7	4	down	Unwell	N	6			189				
000213	INCREASE	1	5	down	Get bigger	Y	10			189				
000213	CIAO	1	6	down	Italian hello	Y	13			189				
000213	FEAT	6	6	down	Impressive act	N	14			189				
000213	LN	1	7	down	Last Name	Y	9			189				
000213	TUR	4	7	down	__key	N	5			189				
000213	VA	8	7	down	Sali__	N	6			189				
000213	EEP	1	8	down	<i>	Y	3	Image of a sheep	SH__	189				
000213	SOBER	5	8	down	Clear-headed	Y	12			189				
000214	INSTEAD	2	1	across	Rather than	Y	11			190				
000214	MULE	3	1	across	<i>	Y	3	Image of a mule 		190				
000214	BA	3	6	across	__mboo	N	6			190				
000214	P	4	1	across	Passive	Y	7			190				
000214	ARSON	4	3	across	fire crime	N	10			190				
000214	UMMM	5	1	across	Hesitation sound	Y	16			190				
000214	AK	5	6	across	Alicia Keys	N	11			190				
000214	LA	6	1	across	<i>	Y	3	Image of a lawyer	__WYER	190				
000214	SSR	6	4	across	Solid state relay	N	17			190				
000214	SIX	7	1	across	hexagon sides	Y	13			190				
000214	ODS	7	5	across	Output Data Set	N	15			190				
000214	IDEAL	8	1	across	Perfect	Y	7			190				
000214	A	8	7	across	Alpha	N	5			190				
000214	VE	9	1	across	<i>	Y	3	Image of an olive	OLI__	190				
000214	MASK	9	4	across	Face wear	N	9			190				
000214	ENLARGE	10	1	across	Expand	Y	6			190				
000214	IMPULSIVE	1	2	down	Hasty	Y	5			190				
000214	NU	1	3	down	<i>	Y	3	Image of a nurse	__RSE	190				
000214	MAIDEN	4	3	down	First voyage	N	12			190				
000214	SLAM	1	4	down	Poetry __	Y	9			190				
000214	XE	6	4	down	E__cutive	N	9			190				
000214	L	9	4	down	_ion King	N	9			190				
000214	TERMS	1	5	down	__ and conditions	Y	17			190				
000214	AMA	7	5	down	Ask me anything	N	15			190				
000214	E	1	6	down	Each	Y	4			190				
000214	S	3	6	down	Southern	N	8			190				
000214	SOLAR	5	6	down	Sun related	N	11			190				
000214	ABOARD	1	7	down	On a ship	Y	9			190				
000214	SG	8	7	down	So good	N	7			190				
000214	DANK	1	8	down	Musty and humid	Y	15			190				
000214	SAKE	6	8	down	For __ of	Y	9			190				
000215	DOLPHIN	2	1	across	<i>	Y	3	Image of a dolphin leaping out of water		191				
000215	IM	3	1	across	Instant Message	Y	15			191				
000215	LOFT	3	4	across	Top room	N	8			191				
000215	PAPER	4	1	across	<i>	Y	3	Image of a single sheet of paper		191				
000215	H	4	7	across	Home	N	4			191				
000215	L	5	1	across	Label	Y	5			191				
000215	RANK	5	3	across	__ and file	N	11			191				
000215	ODDS	6	1	across	Against all __	Y	14			191				
000215	OC	6	6	across	On Camera	N	9			191				
000215	ME	7	1	across	It's a __, Mario!	Y	17			191				
000215	AFAR	7	4	across	Miles away	N	10			191				
000215	ALONE	8	1	across	By yourself	Y	11			191				
000215	E	8	7	across	Echo	N	4			191				
000215	C	9	1	across	<i>	Y	3	Image of an ice cream cone	_one	191				
000215	STAKE	9	3	across	Wager	N	5			191				
000215	YEE	10	1	across	__-haw!	Y	7			191				
000215	RFD	10	5	across	Rural Free Delivery	Y	19			191				
000215	DIPLOMACY	1	2	down	Negotiator's skill	Y	18			191				
000215	OMA	1	3	down	Aut__tic	Y	8			191				
000215	DEL	5	3	down	Delaware	N	8			191				
000215	E	9	3	down	Empty	N	5			191				
000215	L	1	4	down	Large	Y	5			191				
000215	PRD	3	4	down	Prl. Riv. Del.	N	14			191				
000215	OSE	7	4	down	Prop__	N	6			191				
000215	PLEASANT	1	5	down	Amiable	Y	7			191				
000215	HORN	1	6	down	<i>	Y	3	Image of a goat with big horns and an arrow pointing to the horn		191				
000215	FEAR	6	6	down	Cold feet	N	9			191				
000215	IF	1	7	down	In case	Y	7			191				
000215	KOA	4	7	down	Hawaiian tree	N	13			191				
000215	KF	8	7	down	Key File	N	8			191				
000215	NTH	1	8	down	To the highest power	Y	20			191				
000215	CREED	5	8	down	Belief system	Y	13			191				
000216	ACTRESS	2	1	across	Movie star	Y	10			192				
000216	NH	3	1	across	New Hampshire	Y	13			192				
000216	LAMP	3	4	across	Desk light	N	10			192				
000216	AAH	4	1	across	Relaxing sigh	Y	13			192				
000216	TOR	4	5	across	Rocky peak	N	10			192				
000216	LIEN	5	1	across	Bank claim	Y	10			192				
000216	GE	5	6	across	Google Earth	N	12			192				
000216	Y	6	1	across	Yellow	Y	6			192				
000216	AUS	6	3	across	Australia	N	9			192				
000216	E	6	7	across	Everyone	N	8			192				
000216	TATTOO	7	1	across	<i>	Y	3	Image of a person's arm with a lot of tattoos on it		192				
000216	IM	8	1	across	Iron Man	Y	8			192				
000216	SIKH	8	4	across	Turban wearer	N	13			192				
000216	COP	9	1	across	<i>	Y	3	Image of a police offier in uniform		192				
000216	LAU	9	5	across	LA Uni.	N	7			192				
000216	SKIN	10	1	across	What needs sunscreen	Y	20			192				
000216	YG	10	6	across	Yankee Group	Y	12			192				
000216	ANALYTICS	1	2	down	Data studies	Y	12			192				
000216	CHAI	1	3	down	<i>	Y	3	Image of a cup of milk tea in a transparent glass 		192				
000216	AMOK	6	3	down	Run wild	N	8			192				
000216	T	1	4	down	<i>	Y	3	Image of a train engine	_rain	192				
000216	HEAT	3	4	down	High temp.	N	10			192				
000216	PI	8	4	down	3.14	N	4			192				
000216	RL	1	5	down	Real Life	Y	9			192				
000216	NUTS	4	5	down	Bolt partners	N	13			192				
000216	N	9	5	down	Newton	N	6			192				
000216	EAT	1	6	down	Munch	Y	5			192				
000216	SOIL	5	6	down	Ground	N	6			192				
000216	SMOG	1	7	down	City haze	Y	9			192				
000216	OKAY	6	7	down	Alright	N	7			192				
000216	SPREE	1	8	down	Shopping dash	Y	13			192				
000216	HUG	7	8	down	<i>	Y	3	Image of two people hugging		192				
000217	OCTOPUS	2	1	across	<i>	Y	3	Image of an octopus		193				
000217	BC	3	1	across	British Columbia	Y	16			193				
000217	PINE	3	4	across	Needle tree	N	11			193				
000217	SHEET	4	1	across	Bed linen	Y	9			193				
000217	C	4	7	across	Copyright	N	9			193				
000217	E	5	1	across	Earth	Y	5			193				
000217	FRAT	5	3	across	College org.	N	12			193				
000217	SOFA	6	1	across	<i>	Y	3	Image of a sofa		193				
000217	OC	6	6	across	Orange County	N	13			193				
000217	SG	7	1	across	Squid Game	Y	10			193				
000217	TOUR	7	4	across	Guided trip	N	11			193				
000217	IGLOO	8	1	across	<i>	Y	3	Image of an igloo		193				
000217	U	8	7	across	Texter's you	N	12			193				
000217	V	9	1	across	Value	Y	5			193				
000217	BROKE	9	3	across	Out of cash	N	11			193				
000217	EMO	10	1	across	<i>	Y	3	Image of a person dressed in all black with hair styled into spikes		193				
000217	HAL	10	5	across	"2001" villain	Y	14			193				
000217	OBSESSIVE	1	2	down	Like a one-track mind	Y	21			193				
000217	CCH	1	3	down	Credit Card Holder	Y	18			193				
000217	OGG	5	3	down	Waterl__ing	N	11			193				
000217	M	9	3	down	Media	N	5			193				
000217	T	1	4	down	Technology	Y	10			193				
000217	EFF	3	4	down	In__icient	N	10			193				
000217	LBO	7	4	down	Mai__x	N	6			193				
000217	OPERATOR	1	5	down	Phone job	Y	9			193				
000217	PITA	1	6	down	<i>	Y	3	Image of a pita bread		193				
000217	OOOH	6	6	down	Wow sound	N	9			193				
000217	UN	1	7	down	United Nation	Y	13			193				
000217	TOU	4	7	down	__rnament	N	9			193				
000217	KA	8	7	down	NA	N	2			193				
000217	SEC	1	8	down	__, min, hr	Y	11			193				
000217	CRUEL	5	8	down	<i>	Y	3	Image of cruella de vil with her iconic half black, half white hair	__la de vil	193				
000218	PROCEED	2	1	across	Go ahead	Y	8			194				
000218	RASH	3	1	across	Hasty	Y	5			194				
000218	LA	3	6	across	City of Angels	N	14			194				
000218	INTERIM	4	1	across	Temporary	Y	9			194				
000218	NS	5	1	across	Nano Second	Y	11			194				
000218	FAM	5	4	across	__ous	N	5			194				
000218	COW	6	1	across	<i>	Y	3	Image of a brown and white cow		194				
000218	PIM	6	5	across	__ento chili	N	12			194				
000218	IMAGINE	7	1	across	Picture in mind	Y	15			194				
000218	P	8	1	across	Phosphor	Y	8			194				
000218	RADAR	8	3	across	Plane tracker	N	13			194				
000218	AIDS	9	1	across	Helps	Y	5			194				
000218	TC	9	6	across	Take Care	N	9			194				
000218	LX	10	1	across	Linux	Y	5			194				
000218	PREY	10	4	across	Predator's hunted	Y	17			194				
000218	PRINCIPAL	1	2	down	School head	Y	11			194				
000218	RANSOM	1	3	down	Kidnapper's demand	Y	18			194				
000218	IX	8	3	down	Roman nine	N	10			194				
000218	OST	1	4	down	<i>	Y	3	Image of a halloween ghost	gh__	194				
000218	WARD	5	4	down	Hospital area	N	13			194				
000218	CHEF	1	5	down	<i>	Y	3	Image of a person in a chef uniform with the chef hat		194				
000218	GASP	6	5	down	Sharp inhale	N	12			194				
000218	E	1	6	down	Earl	Y	4			194				
000218	RAPID	3	6	down	Swift	N	5			194				
000218	R	9	6	down	Reset	N	5			194				
000218	ELIMINATE	1	7	down	Get rid off	Y	11			194				
000218	DAM	1	8	down	<i>	Y	3	Image of a dam on a river		194				
000218	MERCY	5	8	down	Forgiveness	Y	11			194				
000219	SETBACK	2	1	across	Hold-up	Y	7			195				
000219	TIER	3	1	across	<i>	Y	3	Image of a multilayered cake, with an arrow pointing to one of the layers		195				
000219	HI	3	6	across	Hey variant	N	11			195				
000219	A	4	1	across	Advanced	Y	8			195				
000219	MOTEL	4	3	across	Roadside stay	N	13			195				
000219	TYPO	5	1	across	Text slip	Y	9			195				
000219	ET	5	6	across	UFO rider	N	9			195				
000219	IE	6	1	across	In other words	Y	14			195				
000219	DRS	6	4	across	Health pros	N	11			195				
000219	SAD	7	1	across	<i>	Y	3	Image of a sad face emoji		195				
000219	AEC	7	5	across	Gyn__ology	N	10			195				
000219	TRUST	8	1	across	Put faith in	Y	12			195				
000219	O	8	7	across	Obstacle	N	8			195				
000219	IL	9	1	across	Illinois	Y	8			195				
000219	SIGN	9	4	across	One of Zodiac	N	13			195				
000219	CYCLONE	10	1	across	<i>	Y	3	Image of a cyclone		195				
000219	STATISTIC	1	2	down	Economist's datum	Y	17			195				
000219	EI	1	3	down	East Indies	Y	11			195				
000219	YEARLY	4	3	down	Annual	N	6			195				
000219	TEMP	1	4	down	Short job	Y	9			195				
000219	DU	6	4	down	Disk Use	N	8			195				
000219	C	9	4	down	Chapter	N	7			195				
000219	BROOD	1	5	down	Agonize over	Y	12			195				
000219	SSL	7	5	down	Effortle__y	N	11			195				
000219	A	1	6	down	Agency	Y	6			195				
000219	T	3	6	down	Terminal	N	8			195				
000219	RATIO	5	6	down	5:1	N	3			195				
000219	CHEESE	1	7	down	<i>	Y	3	Image of a block of cartoon cheese which is yellow and holey		195				
000219	GN	8	7	down	Good Night	N	10			195				
000219	KILT	1	8	down	Scot skirt	Y	10			195				
000219	CONE	6	8	down	<i>	Y	3	Image of an icecream cone		195				
000220	ASHAMED	2	1	across	Embarrased	Y	10			196				
000220	EA	3	1	across	Electronic Arts	Y	15			196				
000220	PEER	3	4	across	__ pressure	N	11			196				
000220	SWIPE	4	1	across	<i>	Y	3	Image of a card being swiped on a swiping machine		196				
000220	Y	4	7	across	Yankee	N	6			196				
000220	T	5	1	across	Tesla	Y	5			196				
000220	FETA	5	3	across	Crumbly cheese	N	14			196				
000220	HOST	6	1	across	Party organizer	Y	15			196				
000220	TH	6	6	across	Thursday	N	8			196				
000220	EO	7	1	across	Essential Oil	Y	13			196				
000220	IFFY	7	4	across	Uncertain	N	9			196				
000220	THETA	8	1	across	<i>	Y	3	Image of the greek letter Theta		196				
000220	E	8	7	across	Explorer	N	8			196				
000220	I	9	1	across	Me	Y	2			196				
000220	LEMON	9	3	across	Zesty fruit	N	11			196				
000220	CWA	10	1	across	Clean Water Act	Y	15			196				
000220	ESA	10	5	across	Whol__le	Y	8			196				
000220	AESTHETIC	1	2	down	Sense of beauty	Y	15			196				
000220	SAW	1	3	down	<i>	Y	3	Image of a saw cutting through wood		196				
000220	OOH	5	3	down	Out Of Home	N	11			196				
000220	W	9	3	down	Web	N	3			196				
000220	H	1	4	down	Holy	Y	4			196				
000220	IFS	3	4	down	__ and buts	N	11			196				
000220	ELA	7	4	down	Portuguese she	N	14			196				
000220	APPETITE	1	5	down	Food craving	Y	12			196				
000220	MEET	1	6	down	Cross paths	Y	11			196				
000220	FAME	6	6	down	Popularity	N	10			196				
000220	EE	1	7	down	End-to-end	Y	10			196				
000220	ATF	4	7	down	After the Fact	N	14			196				
000220	OS	8	7	down	Operating Sys.	N	14			196				
000220	DRY	1	8	down	<i>	Y	3	Image of a bunch of clothes air drying in the wind		196				
000220	HYENA	5	8	down	<i>	Y	3	Image of a hyena		196				
000221	COMPASS	2	1	across	<i>	Y	3	Image of a compass		197				
000221	OPEN	3	1	across	<i>	Y	3	Image of an open cardboard box		197				
000221	TL	3	6	across	True Love	N	9			197				
000221	SUN	4	1	across	<i>	Y	3	Image of the sun		197				
000221	VEE	4	5	across	Neckline shape	N	14			197				
000221	MS	5	1	across	Mississippi	Y	11			197				
000221	DEAD	5	4	across	Walking __	N	10			197				
000221	E	6	1	across	Ear	Y	3			197				
000221	RIND	6	3	across	Orange peel	N	11			197				
000221	TRIAD	7	1	across	Group of 3	Y	10			197				
000221	I	7	7	across	India	N	5			197				
000221	IO	8	1	across	Jupiter's moon	Y	14			197				
000221	LOON	8	4	across	Diving bird	N	11			197				
000221	COLORED	9	1	across	Dyed	Y	4			197				
000221	SMUG	10	1	across	Arrogant	Y	8			197				
000221	MY	10	6	across	Belonging to me	Y	15			197				
000221	COSMETICS	1	2	down	<i>	Y	3	Image of a make-up box and make-up brushes		197				
000221	OPUS	1	3	down	Magnum __	Y	9			197				
000221	ROOM	6	3	down	Hotel unit	N	10			197				
000221	MEN	1	4	down	Guys	Y	4			197				
000221	RI	5	4	down	Rhode Island	N	12			197				
000221	LU	8	4	down	Land Use	N	8			197				
000221	PN	1	5	down	Practical Nurse	Y	15			197				
000221	DIALOG	4	5	down	Conversation	N	12			197				
000221	A	1	6	down	Alto	Y	4			197				
000221	VENDOR	3	6	down	Seller	N	6			197				
000221	STEAD	1	7	down	In lieu	Y	7			197				
000221	OEM	7	7	down	Sh__aker	N	8			197				
000221	SLED	1	8	down	<i>	Y	3	Image of a sled		197				
000221	INDY	6	8	down	500 race	Y	8			197				
000222	SHERIFF	2	1	across	<i>	Y	3	Image of a person in a sheriff's uniform with the badge visible		198				
000222	EO	3	1	across	Executive Order	Y	15			198				
000222	BARE	3	4	across	Exposed	N	7			198				
000222	PAS	4	1	across	Faux __	Y	7			198				
000222	DAV	4	5	across	Affi__it	N	8			198				
000222	AXON	5	1	across	Neuron part	Y	11			198				
000222	YE	5	6	across	Emplo__e	N	8			198				
000222	R	6	1	across	Run	Y	3			198				
000222	AEP	6	3	across	Am. Ele. Pow.	N	13			198				
000222	R	6	7	across	Resistance	N	10			198				
000222	AFRAID	7	1	across	<i>	Y	3	Image of a person biting their nails in fear		198				
000222	TO	8	1	across	In order __	Y	11			198				
000222	REED	8	4	across	Oboe piece	N	10			198				
000222	ERR	9	1	across	Make a mistake	Y	14			198				
000222	DAO	9	5	across	Disk-At-Once	N	12			198				
000222	DEMO	10	1	across	Trial version	Y	13			198				
000222	FV	10	6	across	Face Value	Y	10			198				
000222	SEPARATED	1	2	down	Kept apart	Y	10			198				
000222	HOAX	1	3	down	Fake	Y	4			198				
000222	FORE	6	3	down	Golf call	N	9			198				
000222	E	1	4	down	Element	Y	7			198				
000222	SOAR	3	4	down	Fly high	N	8			198				
000222	RM	8	4	down	Risk Mgmt.	N	10			198				
000222	RB	1	5	down	<i>	Y	3	Image of a barbed wire fence	Ba__ed wire	198				
000222	NEAR	4	5	down	Not far	N	7			198				
000222	O	9	5	down	Output	N	6			198				
000222	IAD	1	6	down	Myr__	Y	5			198				
000222	PIED	5	6	down	__ Piper	N	8			198				
000222	FRAY	1	7	down	Wear out	Y	8			198				
000222	DEAF	6	7	down	Hearing Imp.	N	12			198				
000222	FEVER	1	8	down	<i>	Y	3	Image of a person with a thermometer in their mouth		198				
000222	DOV	7	8	down	Turtle__e	Y	9			198				
000223	LETTUCE	2	1	across	<i>	Y	3	Image of a lettuce		199				
000223	ASHY	3	1	across	Sooty	Y	5			199				
000223	HX	3	6	across	Heat Exchanger	N	14			199				
000223	NEE	4	1	across	Maiden name word	Y	16			199				
000223	LAP	4	5	across	Race unit	N	9			199				
000223	D	5	1	across	Day	Y	3			199				
000223	SCOT	5	3	across	Glasgow native	N	14			199				
000223	SHIRT	6	1	across	<i>	Y	3	Image of a shirt		199				
000223	S	6	7	across	Section	N	7			199				
000223	LOSE	7	1	across	Not win	Y	7			199				
000223	ST	7	6	across	Saint title	N	11			199				
000223	IA	8	1	across	Internet Access	Y	15			199				
000223	ETNA	8	4	across	Sicily peak	N	11			199				
000223	DROPOUT	9	1	across	Person who left school	Y	22			199				
000223	EDM	10	1	across	El. Dance Music	Y	15			199				
000223	AGE	10	5	across	<i>	Y	3	Image of a numbered candle on a cake		199				
000223	LANDSLIDE	1	2	down	Rock fall	Y	9			199				
000223	ESE	1	3	down	Opposite of WNW	Y	15			199				
000223	HOARD	5	3	down	Stockpile	N	9			199				
000223	THESIS	1	4	down	PhD work	Y	8			199				
000223	OM	8	4	down	Yoga hum	N	8			199				
000223	TY	1	5	down	Texter's thank you	Y	18			199				
000223	CREEP	4	5	down	Sneak around	N	12			199				
000223	U	1	6	down	Texter's you	Y	12			199				
000223	LOT	3	6	down	Parking area	N	12			199				
000223	TOA	7	6	down	Time of Arrival	N	15			199				
000223	CHAT	1	7	down	<i>	Y	3	Image of two typing bubbles overlapping		199				
000223	SNUG	6	7	down	Tight fit	N	9			199				
000223	EXP	1	8	down	Experience	Y	10			199				
000223	STATE	5	8	down	Country division	Y	16			199				
000224	STRIPED	2	1	across	<i>	Y	3	Image of a striped tee	__ TEE	200				
000224	THY	3	1	across	Archaic your	Y	12			200				
000224	MIR	3	5	across	Ad__able	N	8			200				
000224	AO	4	1	across	All Out	Y	7			200				
000224	BITE	4	4	across	Nip	N	3			200				
000224	TUBA	5	1	across	<i>	Y	3	Image of a tuba		200				
000224	HS	5	6	across	High School	N	11			200				
000224	E	6	1	across	Even	Y	4			200				
000224	ANDES	6	3	across	South Am. Mts.	N	14			200				
000224	SPIDER	7	1	across	<i>	Y	3	Image of a spider		200				
000224	MOTIF	8	1	across	Recurring pattern	Y	17			200				
000224	U	8	7	across	Umbrella	N	8			200				
000224	AS	9	1	across	Area Source	Y	11			200				
000224	TENS	9	4	across	Dimes	N	5			200				
000224	NEZ	10	1	across	Ebe__er Scrooge	Y	15			200				
000224	RAS	10	5	across	<i>	Y	3	Image of some blades of grass	G__S	200				
000224	STATESMAN	1	2	down	Govt. Offl.	Y	11			200				
000224	THOU	1	3	down	Old-timey you	Y	13			200				
000224	POSE	6	3	down	Model task	N	10			200				
000224	RY	1	4	down	Batte__	Y	7			200				
000224	BAIT	4	4	down	Fish hook	N	9			200				
000224	Z	9	4	down	Sleep letter	N	12			200				
000224	I	1	5	down	Interest	Y	8			200				
000224	BANDIT	3	5	down	Outlaw	N	6			200				
000224	PMI	1	6	down	Pvt. Mortgage Ins.	Y	18			200				
000224	DEFER	5	6	down	Delay	N	5			200				
000224	EITHER	1	7	down	One or the other	Y	16			200				
000224	NA	8	7	down	Not Applicable	N	14			200				
000224	DRESS	1	8	down	<i>	Y	3	Image of a women's long dress		200				
000224	USS	7	8	down	United States Steel	Y	19			200				
000225	SARCASM	2	1	across	Witty jab	Y	9			201				
000225	PAIR	3	1	across	Like scissors	Y	13			201				
000225	TO	3	6	across	Time Out	N	8			201				
000225	E	4	1	across	Energy	Y	6			201				
000225	POLAR	4	3	across	Snow bear	N	9			201				
000225	CHEW	5	1	across	Munch on food	Y	13			201				
000225	NN	5	6	across	No Name	N	7			201				
000225	IE	6	1	across	<i>	Y	3	Image of a shield	SH__LD	201				
000225	DTC	6	4	across	Dir. to Cons.	N	13			201				
000225	FLY	7	1	across	<i>	Y	3	Image of a housefly		201				
000225	WEP	7	5	across	Winds__t	N	8			201				
000225	IMBUE	8	1	across	Infuse	Y	6			201				
000225	I	8	7	across	Roman one	N	9			201				
000225	CE	9	1	across	Common Era	Y	10			201				
000225	CANE	9	4	across	Walking aid	N	11			201				
000225	STRIKER	10	1	across	<i>	Y	3	Image of a soccer striker kicking the ball		201				
000225	SPECIFICS	1	2	down	Details	Y	7			201				
000225	AA	1	3	down	Battery size	Y	12			201				
000225	HELMET	4	3	down	Biking need	N	11			201				
000225	RIPE	1	4	down	Mature fruit	Y	12			201				
000225	YB	6	4	down	Yearbook	N	8			201				
000225	R	9	4	down	Request	N	7			201				
000225	CROWD	1	5	down	<i>	Y	3	Image of a crowded tram		201				
000225	UCI	7	5	down	Hall__nation	N	12			201				
000225	A	1	6	down	Action	Y	6			201				
000225	L	3	6	down	Left	N	4			201				
000225	TWEAK	5	6	down	Adjust	N	6			201				
000225	STANCE	1	7	down	Position	Y	8			201				
000225	NE	8	7	down	Nebraska	N	8			201				
000225	MORN	1	8	down	Poetic sunrise	Y	14			201				
000225	PIER	6	8	down	<i>	Y	3	Image of a pier over a waterbody		201				
000226	RUNAWAY	2	1	across	Fugitive	Y	8			202				
000226	EA	3	1	across	East Africa	Y	11			202				
000226	BANE	3	4	across	Cause of woe	N	12			202				
000226	SWING	4	1	across	<i>	Y	3	Image of a park swing		202				
000226	W	4	7	across	Water	N	5			202				
000226	I	5	1	across	Island	Y	6			202				
000226	BOER	5	3	across	African farmer	N	14			202				
000226	SCAR	6	1	across	<i>	Y	3	Image of a scar from Lion King		202				
000226	EB	6	6	across	Early Bird	N	10			202				
000226	TA	7	1	across	Teaching Assistant	Y	18			202				
000226	MESA	7	4	across	Flat-top hill	N	13			202				
000226	ALGAE	8	1	across	<i>	Y	3	Image of algae on a pond surface		202				
000226	F	8	7	across	Force	N	5			202				
000226	N	9	1	across	Nitrogen	Y	8			202				
000226	ALLOT	9	3	across	Assign	N	6			202				
000226	TAP	10	1	across	<i>	Y	3	Image of a water tap		202				
000226	SRA	10	5	across	Spanish title	Y	13			202				
000226	RESISTANT	1	2	down	Durable	Y	7			202				
000226	UAW	1	3	down	United Auto Workers	Y	19			202				
000226	CAL	5	3	down	LA state	N	8			202				
000226	A	9	3	down	Agency	N	6			202				
000226	N	1	4	down	Number	Y	6			202				
000226	IBA	3	4	down	Imp. Bird Area	N	14			202				
000226	GAP	7	4	down	Clothing brand	N	14			202				
000226	ABNORMAL	1	5	down	Unusual	Y	7			202				
000226	WAGE	1	6	down	Weekly pay	Y	10			202				
000226	EELS	6	6	down	River shockers	N	14			202				
000226	AN	1	7	down	Apple article	Y	13			202				
000226	RES	4	7	down	Resistance	N	10			202				
000226	OR	8	7	down	Either's pair	N	13			202				
000226	YEW	1	8	down	<i>	Y	3	Image of a yew tree leaves		202				
000226	BAFTA	5	8	down	Brit. Film Awards	Y	17			202				
000227	ADDRESS	2	1	across	Home information	Y	16			203				
000227	TOSS	3	1	across	<i>	Y	3	Image of a hand tossing a coin		203				
000227	TP	3	6	across	Toilet Paper	N	12			203				
000227	HMS	4	1	across	Harvard Medical School	Y	22			203				
000227	MAI	4	5	across	__ Tai drink	N	12			203				
000227	LE	5	1	across	<i>	Y	3	Image of a leaf	__AF	203				
000227	FEST	5	4	across	Celebration	N	11			203				
000227	E	6	1	across	Everyone	Y	8			203				
000227	BOTH	6	3	across	Incl. two of	N	12			203				
000227	THERE	7	1	across	Not here	Y	8			203				
000227	T	7	7	across	Tie	N	3			203				
000227	IO	8	1	across	<i>	Y	3	Image of a vintage radio	RAD__	203				
000227	GOBI	8	4	across	Cold desert	N	11			203				
000227	COVERED	9	1	across	Hid away with up	Y	16			203				
000227	SPOT	10	1	across	Dalmation mark	Y	14			203				
000227	TY	10	6	across	Tax Year	Y	8			203				
000227	ATHLETICS	1	2	down	Field events	Y	12			203				
000227	DOME	1	3	down	<i>	Y	3	Image of a dome roof		203				
000227	HOOP	6	3	down	Basketball goal	N	15			203				
000227	DSS	1	4	down	Digitized Sky Survey	Y	20			203				
000227	BE	5	4	down	To exist	N	8			203				
000227	VO	8	4	down	Voice Over	N	10			203				
000227	RS	1	5	down	Rupees	Y	6			203				
000227	FORGET	4	5	down	Memory gap	N	10			203				
000227	E	1	6	down	Electricity	Y	11			203				
000227	METEOR	3	6	down	Shooting star	N	13			203				
000227	STASH	1	7	down	Secret storage	Y	14			203				
000227	BET	7	7	down	Wager	N	5			203				
000227	SPIT	1	8	down	Eject with out	Y	14			203				
000227	TIDY	6	8	down	Clean up	Y	8			203				
000228	SLIDING	2	1	across	Like some glass doors	Y	21			204				
000228	EO	3	1	across	<i>	Y	3	Image of an oreo cookie	OR__	204				
000228	TOIL	3	4	across	Hard work	N	9			204				
000228	AOC	4	1	across	Agent of Change	Y	15			204				
000228	SCO	4	5	across	Santa Cruz Op.	N	14			204				
000228	STAB	5	1	across	Knife hit	Y	9			204				
000228	KS	5	6	across	Kansas	N	6			204				
000228	H	6	1	across	Hundred	Y	7			204				
000228	SOW	6	3	across	Plant a seed	N	12			204				
000228	S	6	7	across	Store	N	5			204				
000228	ETHNIC	7	1	across	Cultural group	Y	14			204				
000228	LO	8	1	across	<i>	Y	3	Image of a wall clock	C__CK	204				
000228	DRAB	8	4	across	Dull	N	4			204				
000228	LOX	9	1	across	Smoked salmon	Y	13			204				
000228	YRS	9	5	across	Decade units	N	12			204				
000228	SLOW	10	1	across	Snail's pace	Y	12			204				
000228	TT	10	6	across	<i>	Y	3	Image of a table tennis setup		204				
000228	SEASHELLS	1	2	down	<i>	Y	3	Image of 3 seashells		204				
000228	LOOT	1	3	down	Pirate's plunder	Y	16			204				
000228	TOOL	6	3	down	Handyman's aid	N	14			204				
000228	I	1	4	down	Internet	Y	8			204				
000228	CASH	3	4	down	Paper bill	N	10			204				
000228	XO	8	4	down	Hug, Kiss	N	9			204				
000228	DT	1	5	down	Day Time	Y	8			204				
000228	BOND	4	5	down	007 James __	N	12			204				
000228	W	9	5	down	Work	N	4			204				
000228	IOS	1	6	down	iPhone software	Y	15			204				
000228	WIRY	5	6	down	Lean build	N	10			204				
000228	NICK	1	7	down	Small cut	Y	9			204				
000228	CART	6	7	down	Golf vehicle	N	12			204				
000228	GLOSS	1	8	down	<i>	Y	3	Image of a lip gloss	LIP __	204				
000228	BST	7	8	down	Buy, Sell, Trade	Y	16			204				
000229	FLUENCY	2	1	across	Language proficiency	Y	20			205				
000229	RAMP	3	1	across	<i>	Y	3	Image of a accessibility ramp		205				
000229	HA	3	6	across	Home Alone	N	10			205				
000229	AR	4	1	across	Augmented Reality	Y	17			205				
000229	SPIN	4	4	across	Twirl	N	5			205				
000229	CEO	5	1	across	Company leader	Y	14			205				
000229	UCK	5	5	across	Awestr__	N	8			205				
000229	T	6	1	across	Teen	Y	4			205				
000229	PERK	6	3	across	Job extra	N	9			205				
000229	USURP	7	1	across	Coup act	Y	8			205				
000229	G	7	7	across	General	N	7			205				
000229	RESOLVE	8	1	across	Fix a conflict	Y	14			205				
000229	EM	9	1	across	Emergency Medicine	Y	18			205				
000229	DEAN	9	4	across	Uni. head	N	9			205				
000229	DIVE	10	1	across	<i>	Y	3	Image of a person diving into a swiming pool		205				
000229	SE	10	6	across	South East	Y	10			205				
000229	FRACTURED	1	2	down	Broken in pieces	Y	16			205				
000229	LARE	1	3	down	<i>	Y	3	Image of a signal flare	F__	205				
000229	SEMI	6	3	down	18-wheeler	N	10			205				
000229	UM	1	4	down	Hesitation sound	Y	16			205				
000229	OPUS	4	4	down	Magnum __	N	9			205				
000229	V	9	4	down	Roman five	N	10			205				
000229	EPS	1	5	down	Episodes	Y	8			205				
000229	ERODE	5	5	down	Rust away	N	9			205				
000229	N	1	6	down	Normal	Y	6			205				
000229	PURPLE	3	6	down	Violet	N	6			205				
000229	CHICK	1	7	down	<i>	Y	3	Image of a baby chick		205				
000229	VAS	7	7	down	Voice Actors	N	12			205				
000229	YANK	1	8	down	Quick tug	Y	9			205				
000229	GENE	6	8	down	DNA unit	Y	8			205				
000230	GLIMPSE	2	1	across	Quick look	Y	10			206				
000230	OIG	3	1	across	Off. of Insp. Gen.	Y	18			206				
000230	ITN	3	5	across	In The News	N	11			206				
000230	OM	4	1	across	Zen hum	Y	7			206				
000230	PART	4	4	across	Piece of	N	8			206				
000230	DOVE	5	1	across	<i>	Y	3	Image of a dove		206				
000230	OR	5	6	across	Oregon	N	6			206				
000230	N	6	1	across	North	Y	5			206				
000230	IRONY	6	3	across	Metallic humor	N	14			206				
000230	INNING	7	1	across	Baseball unit	Y	13			206				
000230	GUESS	8	1	across	Estimate	Y	8			206				
000230	Z	8	7	across	Zebra	N	5			206				
000230	HN	9	1	across	Human Nature	Y	12			206				
000230	HERO	9	4	across	Not a villain	N	13			206				
000230	TSP	10	1	across	<i>	Y	3	Image of a teaspoon		206				
000230	TAO	10	5	across	Together As One	Y	15			206				
000230	GOODNIGHT	1	2	down	Pre-sleep greeting	Y	18			206				
000230	LIMO	1	3	down	<i>	Y	3	Image of a limo		206				
000230	NUNS	6	3	down	Sisters	N	7			206				
000230	IG	1	4	down	<i>	Y	3	Image of a piglet	P__LET	206				
000230	VINE	4	4	down	Grape branch	N	12			206				
000230	P	9	4	down	Provider	N	8			206				
000230	M	1	5	down	Mean	Y	4			206				
000230	PERISH	3	5	down	Bite the dust	N	13			206				
000230	PIA	1	6	down	<i>	Y	3	Image of a piano	__NO	206				
000230	ONSET	5	6	down	Beginning	N	9			206				
000230	STRONG	1	7	down	Like bitter coffee	Y	18			206				
000230	RA	8	7	down	Resident Asst.	N	14			206				
000230	ENTRY	1	8	down	Blog post	Y	9			206				
000230	ZOO	7	8	down	Animal park	Y	11			206				
000231	BAPTISM	2	1	across	Christian initiation	Y	20			207				
000231	AJAR	3	1	across	Slightly open	Y	13			207				
000231	PU	3	6	across	Purdue Uni.	N	11			207				
000231	L	4	1	across	label	Y	5			207				
000231	LIBEL	4	3	across	Slander in print	N	16			207				
000231	LAMB	5	1	across	<i>	Y	3	Image of a lamb		207				
000231	EL	5	6	across	__ephant	N	8			207				
000231	IE	6	1	across	<i>	Y	3	Image of a pie	P__	207				
000231	ECC	6	4	across	Imp__able	N	9			207				
000231	SRT	7	1	across	Super Robot Taisen	Y	18			207				
000231	AHH	7	5	across	Relaxed sigh	N	12			207				
000231	TITAN	8	1	across	Saturn moon	Y	11			207				
000231	Y	8	7	across	Why	N	3			207				
000231	IA	9	1	across	<i>	Y	3	Image of a measuring dial	D__L	207				
000231	COMP	9	4	across	__uter	N	6			207				
000231	CLEANSE	10	1	across	Purify deeply	Y	13			207				
000231	BALLISTIC	1	2	down	Furious	Y	7			207				
000231	AJ	1	3	down	Air Jordan	Y	10			207				
000231	AERIAL	4	3	down	Sky view	N	8			207				
000231	PALM	1	4	down	<i>	Y	3	Image showing the palm of a hand		207				
000231	TT	6	4	down	Table Tennis	N	12			207				
000231	E	9	4	down	Engineer	N	8			207				
000231	TRIBE	1	5	down	Cherokee or Navajo	Y	18			207				
000231	ACA	7	5	down	__demy	N	6			207				
000231	I	1	6	down	Interest	Y	8			207				
000231	B	3	6	down	Bank	N	4			207				
000231	CANON	5	6	down	Camera brand	N	12			207				
000231	SPEECH	1	7	down	Public talk	Y	11			207				
000231	MS	8	7	down	Not Mrs.	N	8			207				
000231	MULL	1	8	down	Think on it	Y	11			207				
000231	HYPE	6	8	down	Media buzz	Y	10			207				
000232	LOBSTER	2	1	across	<i>	Y	3	Image of a lobster		208				
000232	OUST	3	1	across	Kick out	Y	8			208				
000232	XI	3	6	across	Roman eleven	N	12			208				
000232	GCC	4	1	across	Global Climate Change	Y	21			208				
000232	CIS	4	5	across	Criti__m	N	8			208				
000232	IH	5	1	across	In-House	Y	8			208				
000232	MALE	5	4	across	Stag's gender	N	13			208				
000232	S	6	1	across	Serpent	Y	7			208				
000232	PAVE	6	3	across	Lay road	N	8			208				
000232	THOSE	7	1	across	Not these	Y	9			208				
000232	A	7	7	across	First vowel	N	11			208				
000232	IO	8	1	across	<i>	Y	3	Image of a violet flower	V__LET	208				
000232	CRIB	8	4	across	Baby bed	N	8			208				
000232	COLONEL	9	1	across	KFC Sanders' title	Y	18			208				
000232	SKET	10	1	across	<i>	Y	3	Image of the sketch of a flower	__CH	208				
000232	DY	10	6	across	Dividend Yield	Y	14			208				
000232	LOGISTICS	1	2	down	Organizer's forte	Y	17			208				
000232	OUCH	1	3	down	Pain exclamation	Y	16			208				
000232	HOOK	6	3	down	Bait holder	N	11			208				
000232	BSC	1	4	down	Bachelor of Science	Y	19			208				
000232	PO	5	4	down	Kung Fu panda	N	13			208				
000232	LE	8	4	down	Leading Edge	N	12			208				
000232	ST	1	5	down	<i>	Y	3	Image of an oyster	OY__ER	208				
000232	MASCOT	4	5	down	Brand's face	N	12			208				
000232	T	1	6	down	Steeped drink	Y	13			208				
000232	CAVERN	3	6	down	Deep grotto	N	11			208				
000232	EXILE	1	7	down	Banishment	Y	10			208				
000232	IED	7	7	down	Unmarr__	N	8			208				
000232	RISE	1	8	down	<i>	Y	3	Image of the rising sun	SUN__	208				
000232	ABLY	6	8	down	With skill	Y	10			208				
000233	SCRATCH	2	1	across	<i>	Y	3	Image showing a cat's paw making a scratch		209				
000233	EO	3	1	across	Every Other	Y	11			209				
000233	BILE	3	4	across	Liver juice	N	11			209				
000233	NOB	4	1	across	Head slangily	Y	13			209				
000233	CIA	4	5	across	Secret org.	N	11			209				
000233	SLOB	5	1	across	Untidy person	Y	13			209				
000233	PV	5	6	across	Photo-Voltaic	N	13			209				
000233	A	6	1	across	Assist	Y	6			209				
000233	AEG	6	3	across	All Engines Go	N	14			209				
000233	Y	6	7	across	Yes	N	3			209				
000233	THREAD	7	1	across	<i>	Y	3	Image of a reel of thread		209				
000233	IO	8	1	across	Inside Out	Y	10			209				
000233	FROM	8	4	across	Start at	N	8			209				
000233	OPT	9	1	across	Choose	Y	6			209				
000233	BOE	9	5	across	Bank of Eng.	N	12			209				
000233	NEWS	10	1	across	CNN content	Y	11			209				
000233	RL	10	6	across	Chee__eader	Y	11			209				
000233	SENSATION	1	2	down	Viral hit	Y	9			209				
000233	COOL	1	3	down	Awesome!	Y	8			209				
000233	HOPE	6	3	down	Wish for	N	8			209				
000233	R	1	4	down	Routine	Y	7			209				
000233	BOAR	3	4	down	Male pig	N	8			209				
000233	TW	8	4	down	Typewriter	N	10			209				
000233	AB	1	5	down	<i>	Y	3	Image of a table	T__LE	209				
000233	BEEF	4	5	down	Cow meat	N	8			209				
000233	S	9	5	down	Second	N	6			209				
000233	TIC	1	6	down	__-Tac-Toe	Y	10			209				
000233	GARB	5	6	down	Outfit	N	6			209				
000233	CLIP	1	7	down	Paper stash holder	Y	18			209				
000233	DOOR	6	7	down	Entryway	N	8			209				
000233	HEAVY	1	8	down	Not light	Y	9			209				
000233	MEL	7	8	down	<i>	Y	3	Image of an omelet	O__ET	209				
000234	STEALTH	2	1	across	Ninja mode	Y	10			210				
000234	PRY	3	1	across	<i>	Y	3	Image of a pry bar brying open a carton		210				
000234	ORO	3	5	across	M__cco	N	6			210				
000234	EI	4	1	across	East Indies	Y	11			210				
000234	PAIN	4	4	across	Ache	N	4			210				
000234	COPE	5	1	across	Deal with	Y	9			210				
000234	PO	5	6	across	Red Teletubby	N	13			210				
000234	T	6	1	across	Test	Y	4			210				
000234	ARMOR	6	3	across	Knight-wear	N	11			210				
000234	ALLIED	7	1	across	Teamed up	Y	9			210				
000234	COLOR	8	1	across	<i>	Y	3	Image of a color wheel	__ wheel	210				
000234	T	8	7	across	Terminal	N	8			210				
000234	LL	9	1	across	Land Line	Y	9			210				
000234	DINO	9	4	across	Extinct nugget	N	14			210				
000234	ELL	10	1	across	In__igence	Y	10			210				
000234	TAM	10	5	across	Time And Materials	Y	18			210				
000234	SPECTACLE	1	2	down	<i>	Y	3	Image of spectacles 	__s	210				
000234	TRIO	1	3	down	3 Musketeers	Y	12			210				
000234	LOLL	6	3	down	Hang out	N	8			210				
000234	EY	1	4	down	Ernst & Young	Y	13			210				
000234	PALL	4	4	down	Gloomy mood	N	11			210				
000234	L	9	4	down	Loss	N	4			210				
000234	A	1	5	down	Area	Y	4			210				
000234	PERIOD	3	5	down	Sentence ender	N	14			210				
000234	LOA	1	6	down	Last Of All	Y	11			210				
000234	MERIT	5	6	down	Be deserving of	N	15			210				
000234	TRIPOD	1	7	down	<i>	Y	3	Image of a tripod		210				
000234	NA	8	7	down	North America	N	13			210				
000234	HONOR	1	8	down	High esteem	Y	11			210				
000234	TOM	7	8	down	<i>	Y	3	Image of tom from "tom and jerry"		210				
000235	PUMPING	2	1	across	Heart's action	Y	14			211				
000235	HEIR	3	1	across	Royal next-in-line	Y	18			211				
000235	EU	3	6	across	Europe	N	6			211				
000235	Y	4	1	across	Yahoo!	Y	6			211				
000235	NOVEL	4	3	across	Long tale	N	9			211				
000235	SLIM	5	1	across	Thin	Y	4			211				
000235	DP	5	6	across	Dinner Party	N	12			211				
000235	IE	6	1	across	Ion Exchange	Y	12			211				
000235	OBL	6	4	across	__igation	N	9			211				
000235	CSX	7	1	across	Counter-Strike Xbox	Y	19			211				
000235	REM	7	5	across	Measu__ent	N	10			211				
000235	ISSUE	8	1	across	Magazine copy	Y	13			211				
000235	U	8	7	across	Ultra	N	5			211				
000235	SE	9	1	across	<i>	Y	3	Image of a magnifying glass	__arch	211				
000235	MAST	9	4	across	Ship pole	N	9			211				
000235	TRICKLE	10	1	across	Water drip	Y	10			211				
000235	PHYSICIST	1	2	down	Einstein's job	Y	14			211				
000235	UE	1	3	down	User Error	Y	10			211				
000235	LESSER	4	3	down	<	N	1			211				
000235	MINI	1	4	down	Smaller version	Y	15			211				
000235	XS	6	4	down	Extra Small	N	11			211				
000235	I	9	4	down	Internet	N	8			211				
000235	PROMO	1	5	down	Ad spot	Y	7			211				
000235	UMC	7	5	down	Uni. Med. Cen.	N	14			211				
000235	I	1	6	down	Island	Y	6			211				
000235	V	3	6	down	Visa	N	4			211				
000235	BREAK	5	6	down	Take 5	N	6			211				
000235	NEEDLE	1	7	down	<i>	Y	3	Image of a needle with a thread going through the eye of the needle		211				
000235	SL	8	7	down	Sri Lanka	N	9			211				
000235	GULP	1	8	down	<i>	Y	3	Image of someone taking a gulp of a liquid with a focus on the mouth and throat 		211				
000235	MUTE	6	8	down	<i>	Y	3	Image of the mute icon (a speaker with a red line through it )		211				
000236	DEFICIT	2	1	across	Shortage	Y	8			212				
000236	EA	3	1	across	East Africa	Y	11			212				
000236	NOVA	3	4	across	__ Scotia	N	9			212				
000236	SUITE	4	1	across	Hotel luxury room	Y	17			212				
000236	R	4	7	across	River	N	5			212				
000236	I	5	1	across	Interactive	Y	11			212				
000236	REDO	5	3	across	Try again	N	9			212				
000236	ROAR	6	1	across	<i>	Y	3	Image of a roaring lion		212				
000236	NR	6	6	across	Natural Res.	N	12			212				
000236	AA	7	1	across	Battery size	Y	12			212				
000236	ALSO	7	4	across	In addition	N	11			212				
000236	BRACE	8	1	across	<i>	Y	3	Image of a teeth with braces on them		212				
000236	V	8	7	across	Victory	N	7			212				
000236	L	9	1	across	Length	Y	6			212				
000236	STAGE	9	3	across	Theater	N	7			212				
000236	EVA	10	1	across	Actress Longoria	Y	16			212				
000236	PAR	10	5	across	Golf score	Y	10			212				
000236	DESIRABLE	1	2	down	Pleasing	Y	8			212				
000236	EAU	1	3	down	B__tiful	Y	8			212				
000236	OAR	5	3	down	Rower	N	5			212				
000236	V	9	3	down	Version	N	7			212				
000236	F	1	4	down	Failing grade	Y	13			212				
000236	IRA	3	4	down	Retiree acc.	N	12			212				
000236	ASA	7	4	down	L__gna	N	6			212				
000236	INTERACT	1	5	down	Socialize	Y	9			212				
000236	COED	1	6	down	Mixed gender school	Y	19			212				
000236	LEAP	6	6	down	Every 4th year	N	14			212				
000236	IV	1	7	down	<i>	Y	3	Image of a IV drip		212				
000236	ONS	4	7	down	Clip-__	N	7			212				
000236	GA	8	7	down	Georgia	N	7			212				
000236	TAR	1	8	down	<i>	Y	3	Image of black tar being poured onto the road		212				
000236	ROVER	5	8	down	Mars robot	Y	10			212				
000237	IMPRESS	2	1	across	Wow	Y	3			213				
000237	MART	3	1	across	Shop	Y	4			213				
000237	WY	3	6	across	Wyoming	N	7			213				
000237	PGA	4	1	across	Pin Grid Array	Y	14			213				
000237	BAS	4	5	across	__eball	N	7			213				
000237	OM	5	1	across	Organic Matter	Y	14			213				
000237	RAT	5	4	across	Lab animal	N	10			213				
000237	RATER	6	1	across	Evaluator	Y	9			213				
000237	T	6	7	across	Term	N	4			213				
000237	T	7	1	across	Technology	Y	10			213				
000237	AMBLE	7	3	across	Leisure walk	N	12			213				
000237	AURA	8	1	across	Person's energy	Y	15			213				
000237	EA	8	6	across	Early Action	N	12			213				
000237	NAPKINS	9	1	across	<i>	Y	3	Image of napkins in a napkin holder		213				
000237	TV	10	1	across	<i>	Y	3	Image of a television		213				
000237	EASE	10	4	across	__ of Access	Y	12			213				
000237	IMPORTANT	1	2	down	Vital	Y	5			213				
000237	MAGMA	1	3	down	Underground lava	Y	16			213				
000237	UAV	7	3	down	S__e	N	4			213				
000237	PRA	1	4	down	Ap__isal	Y	8			213				
000237	TARP	5	4	down	Goods cover	N	11			213				
000237	RT	1	5	down	<i>	Y	3	Image of a shopping cart	CA__	213				
000237	REMAKE	4	5	down	Do over	N	7			213				
000237	E	1	6	down	Estate	Y	6			213				
000237	BARB	3	6	down	Fence spike	N	11			213				
000237	IA	8	6	down	Internet Arch.	N	14			213				
000237	SWAT	1	7	down	<i>	Y	3	Image of a fly being swatted		213				
000237	LENS	6	7	down	Camera's eyes	N	13			213				
000237	SYS	1	8	down	Eco__tem	Y	8			213				
000237	TEASE	5	8	down	Mock	Y	4			213				
000238	METRICS	2	1	across	Data sets	Y	9			214				
000238	EA	3	1	across	Executive Assistant	Y	19			214				
000238	SNOT	3	4	across	Bratty kid	N	10			214				
000238	AVC	4	1	across	Average Variable Cost	Y	21			214				
000238	KAR	4	5	across	__aoke	N	6			214				
000238	TEAM	5	1	across	<i>	Y	3	Image of a bunch of team jerseys in a line		214				
000238	LU	5	6	across	Logical Unit	N	12			214				
000238	B	6	1	across	Bureau	Y	6			214				
000238	SAT	6	3	across	Saturday	N	8			214				
000238	T	6	7	across	Tactics	N	7			214				
000238	ACTUAL	7	1	across	Real	Y	4			214				
000238	LA	8	1	across	Los Angeles	Y	11			214				
000238	LION	8	4	across	Jungle king	N	11			214				
000238	LSU	9	1	across	La Sierra Uni.	Y	14			214				
000238	LAI	9	5	across	P__ntiff	N	8			214				
000238	SEND	10	1	across	<i>	Y	3	Image of the send icon		214				
000238	NT	10	6	across	Nice Try	Y	8			214				
000238	MEATBALLS	1	2	down	<i>	Y	3	Image of meatballs on top of a spaghetti		214				
000238	EAVE	1	3	down	Roof edge	Y	9			214				
000238	CASE	6	3	down	Legal matter	N	12			214				
000238	T	1	4	down	Trainer	Y	7			214				
000238	CAST	3	4	down	Actors' group	N	13			214				
000238	UN	8	4	down	Ulnar Nerve	N	11			214				
000238	RS	1	5	down	Royal Society	Y	13			214				
000238	MAUL	4	5	down	Rough hit	N	9			214				
000238	D	9	5	down	Degree	N	6			214				
000238	INK	1	6	down	<i>	Y	3	Image of an ink pot		214				
000238	TAIL	5	6	down	Dog's wagg-er	N	13			214				
000238	COAL	1	7	down	<i>	Y	3	Image of a lump of coal		214				
000238	LOAN	6	7	down	Money borrowed	N	14			214				
000238	STRUT	1	8	down	Walk proud	Y	10			214				
000238	NIT	7	8	down	Tiny complaint	Y	14			214				
000239	PANCAKE	2	1	across	<i>	Y	3	Image of a stack of pancakes		215				
000239	REAP	3	1	across	<i>	Y	3	Image of a wheat bunch being reaped with a scythe		215				
000239	NX	3	6	across	Navy Exchange	N	13			215				
000239	ESU	4	1	across	Emerg. Services Unit	Y	20			215				
000239	HOT	4	5	across	Very spicy	N	10			215				
000239	S	5	1	across	Store	Y	5			215				
000239	SCAB	5	3	across	Wound crust	N	11			215				
000239	CLEAT	6	1	across	Soccer shoe	Y	11			215				
000239	T	6	7	across	Toyota	N	6			215				
000239	READ	7	1	across	Pick up a book	Y	14			215				
000239	WE	7	6	across	You & I	N	7			215				
000239	IA	8	1	across	Internal Affairs	Y	16			215				
000239	EVER	8	4	across	Happily __ after	N	16			215				
000239	BROTHER	9	1	across	Male sibling	Y	12			215				
000239	END	10	1	across	Finish	Y	6			215				
000239	SPA	10	5	across	<i>	Y	3	Image of a person with a face pack on 		215				
000239	PRESCRIBE	1	2	down	Doctor's suggestion	Y	19			215				
000239	AES	1	3	down	M__tro	Y	6			215				
000239	LEARN	5	3	down	Gain info.	N	10			215				
000239	NAUSEA	1	4	down	Sea sickness	Y	12			215				
000239	OD	8	4	down	On Demand	N	9			215				
000239	CP	1	5	down	Clear Puzzle	Y	12			215				
000239	CADET	4	5	down	Army rookie	N	11			215				
000239	A	1	6	down	Answer	Y	6			215				
000239	HAT	3	6	down	Head gear	N	9			215				
000239	VHS	7	6	down	Classic tape	N	12			215				
000239	KNOB	1	7	down	<i>	Y	3	Image of a door knob		215				
000239	WEEP	6	7	down	Cry	N	3			215				
000239	EXT	1	8	down	<i>	Y	3	Image of a fire extinguisher	__inguisher	215				
000239	TERRA	5	8	down	__cotta pottery	Y	15			215				
000240	BLATANT	2	1	across	Obvious	Y	7			216				
000240	EA	3	1	across	Eastern Airlines	Y	16			216				
000240	STAR	3	4	across	Sky twinkler	N	12			216				
000240	AIR	4	1	across	Atmosphere content	Y	18			216				
000240	VIA	4	5	across	Through	N	7			216				
000240	CRAB	5	1	across	<i>	Y	3	Image of a crab		216				
000240	LS	5	6	across	Left Side	N	9			216				
000240	H	6	1	across	Hour	Y	4			216				
000240	CAB	6	3	across	Taxi	N	4			216				
000240	H	6	7	across	Hundred	N	7			216				
000240	BREWER	7	1	across	Beer maker	Y	10			216				
000240	AO	8	1	across	Atlantic Ocean	Y	14			216				
000240	LEAF	8	4	across	Tree's green	N	12			216				
000240	LTV	9	1	across	Loan-To-Value	Y	13			216				
000240	PIL	9	5	across	Cater__lar	N	10			216				
000240	LEND	10	1	across	Bank's loan action	Y	18			216				
000240	LY	10	6	across	Last Year	Y	9			216				
000240	BEACHBALL	1	2	down	<i>	Y	3	Image of a beachball on a sandy beach		216				
000240	LAIR	1	3	down	Villain's office	Y	16			216				
000240	ROTE	6	3	down	By memory	N	9			216				
000240	A	1	4	down	Accept	Y	6			216				
000240	RACE	3	4	down	Like F1	N	7			216				
000240	VN	8	4	down	Voice Note	N	10			216				
000240	TS	1	5	down	Toy Story	Y	9			216				
000240	BAWL	4	5	down	Cry hard	N	8			216				
000240	D	9	5	down	Source	N	6			216				
000240	ATV	1	6	down	All Terrain Vehicle	Y	19			216				
000240	BEEP	5	6	down	Road runner word	N	16			216				
000240	NAIL	1	7	down	<i>	Y	3	Image of a manicured nail		216				
000240	RAIL	6	7	down	Train track	N	11			216				
000240	TRASH	1	8	down	<i>	Y	3	Image of a trash can		216				
000240	FLY	7	8	down	<i>	Y	3	Image of a housefly		216				
000241	THOUGHT	2	1	across	<i>	Y	3	Image of a light bulb over a head		217				
000241	EA	3	1	across	Early Access	Y	12			217				
000241	BLUR	3	4	across	Make fuzzy	N	10			217				
000241	LIA	4	1	across	Lost In Action	Y	14			217				
000241	UMA	4	5	across	__ Thurman	N	10			217				
000241	E	5	1	across	Enhanced	Y	8			217				
000241	ROMAN	5	3	across	Times New __	N	12			217				
000241	STIR	6	1	across	<i>	Y	3	Image of a stirrer stirring a liquid in the glass		217				
000241	NS	6	6	across	Name Server	N	11			217				
000241	CRANK	7	1	across	Manual car handle	Y	17			217				
000241	F	7	7	across	Full	N	4			217				
000241	OE	8	1	across	Old English	Y	11			217				
000241	AUTO	8	4	across	Self-run	N	8			217				
000241	PANTHER	9	1	across	<i>	Y	3	Image of a panther		217				
000241	EDGE	10	1	across	Knife's sharp end	Y	17			217				
000241	NM	10	6	across	Enviro__ent	Y	11			217				
000241	TELESCOPE	1	2	down	<i>	Y	3	Image of a telescope		217				
000241	HAI	1	3	down	Tokyo yes	Y	9			217				
000241	TREAD	5	3	down	Shoe groove	N	11			217				
000241	O	1	4	down	Operations	Y	10			217				
000241	ARIA	3	4	down	Opera solo	N	10			217				
000241	NG	8	4	down	Next Gen.	N	9			217				
000241	UB	1	5	down	Cl__house	Y	9			217				
000241	ORNATE	4	5	down	Elaborate	N	9			217				
000241	GLUM	1	6	down	Moody	Y	5			217				
000241	KUH	6	6	down	Kin. Upon Hull	N	14			217				
000241	HUMAN	1	7	down	Earthling	Y	9			217				
000241	TEN	7	7	down	Fingers count	N	13			217				
000241	TRANSFORM	1	8	down	<i>	Y	3	Image of optimus prime from transformers	__er	217				
000242	AMONGST	2	1	across	Amid	Y	4			218				
000242	NODE	3	1	across	Link point	Y	10			218				
000242	TI	3	6	across	Fa So La __	N	11			218				
000242	TL	4	1	across	Time Lag	Y	8			218				
000242	ORAL	4	4	across	Dentist exam	N	12			218				
000242	AED	5	1	across	Alpha Epsilon Delta	Y	19			218				
000242	OIL	5	5	across	Fracking gold	N	13			218				
000242	R	6	1	across	Routine	Y	7			218				
000242	ODOR	6	3	across	Bad smell	N	9			218				
000242	CHEEK	7	1	across	Pinchable face part	Y	19			218				
000242	O	7	7	across	Obstacle	N	8			218				
000242	TURNING	8	1	across	<i>	Y	3	Image of a knob with an arrow indicating the direction to turn in		218				
000242	IR	9	1	across	Infra-Red	Y	9			218				
000242	SEER	9	4	across	Oracle	N	6			218				
000242	CLUE	10	1	across	Hint	Y	4			218				
000242	AE	10	6	across	__roplane	Y	9			218				
000242	ANTARCTIC	1	2	down	<i>	Y	3	Image of a snowy land with penguins in it		218				
000242	MOLE	1	3	down	<i>	Y	3	Image of a mole digging into the ground		218				
000242	HURL	6	3	down	Fling	N	5			218				
000242	OD	1	4	down	Over Drive	Y	10			218				
000242	DOER	4	4	down	Action taker	N	12			218				
000242	U	9	4	down	180 road turn	N	13			218				
000242	NEO	1	5	down	Matrix hero	Y	11			218				
000242	DENSE	5	5	down	Thick	N	5			218				
000242	G	1	6	down	Gravity	Y	7			218				
000242	ROOKIE	3	6	down	Novice	N	6			218				
000242	STAIR	1	7	down	<i>	Y	3	Image of a staircase		218				
000242	NEA	7	7	down	Pi__pple	N	8			218				
000242	TILL	1	8	down	<i>	Y	3	Image of a tortilla	Tor__a	218				
000242	OGRE	6	8	down	Like Shrek	Y	10			218				
000243	PASSAGE	2	1	across	<i>	Y	3	image of a hallway		219				
000243	AMD	3	1	across	Intel rival	Y	11			219				
000243	PAT	3	5	across	Clap on back	N	12			219				
000243	RM	4	1	across	Risk Management	Y	15			219				
000243	GETH	4	4	across	To__er (jointly)	N	16			219				
000243	TOFU	5	1	across	Soy block	Y	9			219				
000243	HE	5	6	across	Not she	N	7			219				
000243	I	6	1	across	Independent	Y	11			219				
000243	LIVER	6	3	across	Detox organ	N	11			219				
000243	AVATAR	7	1	across	Online persona	Y	14			219				
000243	LEGAL	8	1	across	Lawful	Y	6			219				
000243	U	8	7	across	Texter's you	N	12			219				
000243	LT	9	1	across	Long Term	Y	9			219				
000243	REAM	9	4	across	Paper bulk	N	10			219				
000243	YOW	10	1	across	Your Own Words	Y	14			219				
000243	TAP	10	5	across	<i>	Y	3	image of a tap		219				
000243	PARTIALLY	1	2	down	Halfway	Y	7			219				
000243	AMMO	1	3	down	H__ck	Y	5			219				
000243	VETO	6	3	down	Strong no vote	N	14			219				
000243	SD	1	4	down	San Diego	Y	9			219				
000243	FLAG	4	4	down	Pole flier	N	10			219				
000243	W	9	4	down	Web	N	3			219				
000243	S	1	5	down	Sea	Y	3			219				
000243	GUITAR	3	5	down	Rock instrument	N	15			219				
000243	APE	1	6	down	<i>	Y	3	Image of an ape		219				
000243	VALET	5	6	down	Car parker	N	10			219				
000243	GATHER	1	7	down	Collect	Y	7			219				
000243	AA	8	7	down	As Above	N	8			219				
000243	ETHER	1	8	down	Early anesthetic	Y	16			219				
000243	UMP	7	8	down	<i>	Y	3	Image of an umpire with a cap and a whistle		219				
000244	PATTERN	2	1	across	Repeating design	Y	16			220				
000244	OMEN	3	1	across	Bad sign	Y	8			220				
000244	OU	3	6	across	Ohio Uni.	N	9			220				
000244	LIE	4	1	across	Tell tall tales	Y	15			220				
000244	ESM	4	5	across	Brid__aid	N	9			220				
000244	IN	5	1	across	Not out	Y	7			220				
000244	SUE	5	4	across	Court act	N	9			220				
000244	COWER	6	1	across	Hide in fear	Y	12			220				
000244	U	6	7	across	Universal	N	9			220				
000244	E	7	1	across	<i>	Y	3	Image of an envelope	_nvelope	220				
000244	ACORN	7	3	across	Oak nut	N	7			220				
000244	MOST	8	1	across	Majority	Y	8			220				
000244	AI	8	6	across	Art. Intel.	N	11			220				
000244	APPOINT	9	1	across	Vote in	Y	7			220				
000244	NS	10	1	across	Nano Second	Y	11			220				
000244	RATE	10	4	across	<i>	Y	3	Image of a price tag with $$$ on it		220				
000244	POLICEMAN	1	2	down	Cop	Y	3			220				
000244	AMINO	1	3	down	Acid type	Y	9			220				
000244	OPS	7	3	down	Operations	N	10			220				
000244	TEE	1	4	down	<i>	Y	3	Image of a plain round neck t-shirt		220				
000244	WASP	5	4	down	Angry stinger	N	13			220				
000244	TN	1	5	down	Tennessee	Y	9			220				
000244	SECTOR	4	5	down	Area division	N	13			220				
000244	E	1	6	down	Ear	Y	3			220				
000244	EURO	3	6	down	German money	N	12			220				
000244	IA	8	6	down	Internal Audit	N	14			220				
000244	ROSE	1	7	down	<i>	Y	3	Image of a rose flower		220				
000244	RANT	6	7	down	Tirade	N	6			220				
000244	NUM	1	8	down	Number	Y	6			220				
000244	UNITE	5	8	down	Come as one	Y	11			220				
000245	INCLUDE	2	1	across	NA	Y	2			221				
000245	NAVE	3	1	across	NA	Y	2			221				
000245	EX	3	6	across	NA	N	2			221				
000245	TM	4	1	across	NA	Y	2			221				
000245	ISLE	4	4	across	NA	N	2			221				
000245	EEE	5	1	across	NA	Y	2			221				
000245	TAC	5	5	across	NA	N	2			221				
000245	R	6	1	across	NA	Y	2			221				
000245	PRAY	6	3	across	NA	N	2			221				
000245	PRIOR	7	1	across	NA	Y	2			221				
000245	T	7	7	across	NA	N	2			221				
000245	RECOVER	8	1	across	NA	Y	2			221				
000245	EP	9	1	across	<i>	Y	3	Image of a tv with a play button on it	__isode	221				
000245	MERE	9	4	across	NA	N	2			221				
000245	TORY	10	1	across	NA	Y	2			221				
000245	AE	10	6	across	NA	Y	2			221				
000245	INTERPRET	1	2	down	NA	Y	2			221				
000245	NAME	1	3	down	NA	Y	2			221				
000245	REPO	6	3	down	NA	N	2			221				
000245	CV	1	4	down	NA	Y	2			221				
000245	EPIC	4	4	down	NA	N	2			221				
000245	R	9	4	down	NA	N	2			221				
000245	LEI	1	5	down	<i>	Y	3	Image of a hawaiian garland		221				
000245	ROOMY	5	5	down	NA	N	2			221				
000245	U	1	6	down	<i>	Y	3	Image of a U-turn board	_-turn	221				
000245	STARVE	3	6	down	NA	N	2			221				
000245	DELAY	1	7	down	NA	Y	2			221				
000245	ERA	7	7	down	NA	N	2			221				
000245	EXEC	1	8	down	NA	Y	2			221				
000245	TREE	6	8	down	<i>	Y	3	Image of a tree		221				
000246	ATTEMPT	2	1	across	NA	Y	2			222				
000246	EA	3	1	across	NA	Y	2			222				
000246	WIRE	3	4	across	NA	N	2			222				
000246	RNC	4	1	across	NA	Y	2			222				
000246	SOS	4	5	across	NA	N	2			222				
000246	O	5	1	across	NA	Y	2			222				
000246	ABOUT	5	3	across	NA	N	2			222				
000246	SAFE	6	1	across	<i>	Y	3	Image of a bank safe 		222				
000246	DI	6	6	across	NA	N	2			222				
000246	PLEAD	7	1	across	<i>	Y	3	Image of a person pleading with folded hands 		222				
000246	M	7	7	across	NA	N	2			222				
000246	AO	8	1	across	NA	Y	2			222				
000246	UNDO	8	4	across	NA	N	2			222				
000246	CURTAIN	9	1	across	<i>	Y	3	Image of draped curtains 		222				
000246	EDGY	10	1	across	NA	Y	2			222				
000246	ZY	10	6	across	NA	Y	2			222				
000246	AEROSPACE	1	2	down	NA	Y	2			222				
000246	TAN	1	3	down	<i>	Y	3	Image of someone sunbathing on a deck chair with sunrays		222				
000246	ALOUD	5	3	down	NA	N	2			222				
000246	T	1	4	down	<i>	Y	3	Image of an animal's tail 	__ail	222				
000246	CAFE	3	4	down	NA	N	2			222				
000246	RG	8	4	down	NA	N	2			222				
000246	EW	1	5	down	NA	Y	2	Image of a female sheep	__e	222				
000246	BEAUTY	4	5	down	NA	N	2			222				
000246	MISO	1	6	down	NA	Y	2			222				
000246	DNA	6	6	down	NA	N	2			222				
000246	PROUD	1	7	down	NA	Y	2			222				
000246	DIZ	7	7	down	NA	N	2			222				
000246	TESTIMONY	1	8	down	NA	Y	2			222				
000247	SUBDUED	2	1	across	NA	Y	2			223				
000247	EVIL	3	1	across	NA	Y	2			223				
000247	YW	3	6	across	NA	N	2			223				
000247	LAK	4	1	across	<i>	Y	3	Image of a lake scenery	__e	223				
000247	REP	4	5	across	NA	N	2			223				
000247	E	5	1	across	NA	Y	2			223				
000247	IPAD	5	3	across	NA	N	2			223				
000247	CANAL	6	1	across	NA	Y	2			223				
000247	D	6	7	across	NA	N	2			223				
000247	TWIG	7	1	across	<i>	Y	3	Image of a twig 		223				
000247	MI	7	6	across	NA	N	2			223				
000247	IA	8	1	across	NA	Y	2			223				
000247	EMIT	8	4	across	NA	N	2			223				
000247	VIBRANT	9	1	across	NA	Y	2			223				
000247	ETA	10	1	across	NA	Y	2			223				
000247	CDO	10	5	across	NA	Y	2			223				
000247	SELECTIVE	1	2	down	NA	Y	2			223				
000247	UVA	1	3	down	NA	Y	2			223				
000247	AWAIT	5	3	down	NA	N	2			223				
000247	BIKINI	1	4	down	<i>	Y	3	Image of a bikini piece (swimwear)		223				
000247	BA	8	4	down	NA	N	2			223				
000247	DL	1	5	down	NA	Y	2			223				
000247	PAGER	4	5	down	NA	N	2			223				
000247	U	1	6	down	<i>	Y	3	Image of an umbrella 	_mbrella	223				
000247	RAL	3	6	down	NA	N	2			223				
000247	MAC	7	6	down	NA	N	2			223				
000247	EYED	1	7	down	NA	Y	2			223				
000247	MIND	6	7	down	NA	N	2			223				
000247	DIP	1	8	down	<i>	Y	3	Image of a nacho piece being dipped into sauce		223				
000247	DITTO	5	8	down	NA	Y	2			223				